removed_label,removed_name,kept_labels,kept_names,start_city,end_city,days,season,mtu,pref_label,nature,culture,food,sport,base_score,final_score,gain,baseline_final_score,delta_vs_baseline,interest_matching_base,interest_matching_final,interest_matching_gain,interest_matching_baseline_final,interest_matching_delta_vs_baseline,tu_utilization_base,tu_utilization_final,tu_utilization_gain,tu_utilization_baseline_final,tu_utilization_delta_vs_baseline,city_visit_efficiency_base,city_visit_efficiency_final,city_visit_efficiency_gain,city_visit_efficiency_baseline_final,city_visit_efficiency_delta_vs_baseline,geographic_coverage_base,geographic_coverage_final,geographic_coverage_gain,geographic_coverage_baseline_final,geographic_coverage_delta_vs_baseline,long_travel_penalty_base,long_travel_penalty_final,long_travel_penalty_gain,long_travel_penalty_baseline_final,long_travel_penalty_delta_vs_baseline,travel_streak_smoothness_base,travel_streak_smoothness_final,travel_streak_smoothness_gain,travel_streak_smoothness_baseline_final,travel_streak_smoothness_delta_vs_baseline,stay_streak_smoothness_base,stay_streak_smoothness_final,stay_streak_smoothness_gain,stay_streak_smoothness_baseline_final,stay_streak_smoothness_delta_vs_baseline,runtime_seconds,violations
1,substitute_pois,2|3|4,"insert_new_city,convert_travel_day_to_stay,rebalance_label_gap","Interlaken, Switzerland","St. Moritz, Switzerland",4,summer,6,balanced,0.25,0.25,0.25,0.25,59.8558425,82.6993707,22.8435281,82.6993707,0.0,0.3571429,1.0,0.6428571,1.0,0.0,0.9583333,0.9166667,-0.0416667,0.9166667,0.0,0.6666667,0.6666667,0.0,0.6666667,0.0,0.8653888,0.9226514,0.0572625,0.9226514,0.0,1e-06,0.0673586,0.0673576,0.0673586,0.0,1.0,0.8872029,-0.1127971,0.8872029,0.0,1.0,1.0,0.0,1.0,0.0,0.070445,-
1,substitute_pois,2|3|4,"insert_new_city,convert_travel_day_to_stay,rebalance_label_gap","Interlaken, Switzerland","St. Moritz, Switzerland",4,summer,6,nature_food,0.4,0.2,0.3,0.3,66.3622636,78.913823,12.5515594,78.913823,0.0,0.5,0.90625,0.40625,0.90625,0.0,0.9583333,0.9166667,-0.0416667,0.9166667,0.0,0.6666667,0.6666667,0.0,0.6666667,0.0,0.9095908,0.9293523,0.0197616,0.9293523,0.0,0.1407387,0.0068773,-0.1338614,0.0068773,0.0,0.8872029,0.8872029,0.0,0.8872029,0.0,1.0,1.0,0.0,1.0,0.0,0.105631,-
1,substitute_pois,2|3|4,"insert_new_city,convert_travel_day_to_stay,rebalance_label_gap","Interlaken, Switzerland","St. Moritz, Switzerland",4,summer,6,culture_food,0.1,0.4,0.3,0.2,69.0131435,71.5294443,2.5163008,73.821111,-2.2916667,0.6157407,0.6369048,0.021164,0.702381,-0.0654762,0.9583333,0.9166667,-0.0416667,0.9166667,0.0,0.6666667,1.0,0.3333333,1.0,0.0,0.8124204,0.7949514,-0.017469,0.7949514,0.0,0.1464897,0.0001,-0.1463897,0.0001,0.0,0.8872029,0.7125015,-0.1747014,0.7125015,0.0,1.0,1.0,0.0,1.0,0.0,0.064436,-
1,substitute_pois,2|3|4,"insert_new_city,convert_travel_day_to_stay,rebalance_label_gap","Interlaken, Switzerland","St. Moritz, Switzerland",4,summer,10,balanced,0.25,0.25,0.25,0.25,74.4493707,83.1993707,8.75,83.1993707,0.0,0.75,1.0,0.25,1.0,0.0,0.95,0.95,0.0,0.95,0.0,0.6666667,0.6666667,0.0,0.6666667,0.0,0.9226514,0.9226514,0.0,0.9226514,0.0,0.0673586,0.0673586,0.0,0.0673586,0.0,0.8872029,0.8872029,0.0,0.8872029,0.0,1.0,1.0,0.0,1.0,0.0,0.207074,-
1,substitute_pois,2|3|4,"insert_new_city,convert_travel_day_to_stay,rebalance_label_gap","Interlaken, Switzerland","St. Moritz, Switzerland",4,summer,10,nature_food,0.4,0.2,0.3,0.3,73.3183003,79.9181207,6.5998204,79.9181207,0.0,0.7666667,0.90625,0.1395833,0.90625,0.0,0.925,0.95,0.025,0.95,0.0,0.6666667,0.6666667,0.0,0.6666667,0.0,0.8406638,0.9226514,0.0819876,0.9226514,0.0,1e-06,0.0673586,0.0673576,0.0673586,0.0,1.0,0.8872029,-0.1127971,0.8872029,0.0,1.0,1.0,0.0,1.0,0.0,0.276904,-
1,substitute_pois,2|3|4,"insert_new_city,convert_travel_day_to_stay,rebalance_label_gap","Interlaken, Switzerland","St. Moritz, Switzerland",4,summer,10,culture_food,0.1,0.4,0.3,0.2,66.8112745,80.1198641,13.3085896,80.1198641,0.0,0.6446078,0.841954,0.1973462,0.841954,0.0,0.95,0.975,0.025,0.975,0.0,0.3333333,1.0,0.6666667,1.0,0.0,1.0,0.8308994,-0.1691006,0.8308994,0.0,0.0,4.75e-05,4.75e-05,4.75e-05,0.0,1.0,0.7125015,-0.2874985,0.7125015,0.0,1.0,1.0,0.0,1.0,0.0,0.201863,-
1,substitute_pois,2|3|4,"insert_new_city,convert_travel_day_to_stay,rebalance_label_gap","Zurich, Switzerland","Zurich, Switzerland",4,summer,6,balanced,0.25,0.25,0.25,0.25,58.0389605,58.0389605,0.0,58.0389605,0.0,0.3181818,0.3181818,0.0,0.3181818,0.0,1.0,1.0,0.0,1.0,0.0,0.3333333,0.3333333,0.0,0.3333333,0.0,0.4601731,0.4601731,0.0,0.4601731,0.0,1.0,1.0,0.0,1.0,0.0,1.0,1.0,0.0,1.0,0.0,1.0,1.0,0.0,1.0,0.0,0.182206,-
1,substitute_pois,2|3|4,"insert_new_city,convert_travel_day_to_stay,rebalance_label_gap","Zurich, Switzerland","Zurich, Switzerland",4,summer,6,nature_food,0.4,0.2,0.3,0.3,62.4813828,62.4813828,0.0,62.4813828,0.0,0.4,0.4,0.0,0.4,0.0,1.0,1.0,0.0,1.0,0.0,0.3333333,0.3333333,0.0,0.3333333,0.0,0.5654255,0.5654255,0.0,0.5654255,0.0,1.0,1.0,0.0,1.0,0.0,1.0,1.0,0.0,1.0,0.0,1.0,1.0,0.0,1.0,0.0,0.075526,-
1,substitute_pois,2|3|4,"insert_new_city,convert_travel_day_to_stay,rebalance_label_gap","Zurich, Switzerland","Zurich, Switzerland",4,summer,6,culture_food,0.1,0.4,0.3,0.2,52.0217213,52.0217213,0.0,52.0217213,0.0,0.1190476,0.1190476,0.0,0.1190476,0.0,1.0,1.0,0.0,1.0,0.0,0.3333333,0.3333333,0.0,0.3333333,0.0,0.5236703,0.5236703,0.0,0.5236703,0.0,1.0,1.0,0.0,1.0,0.0,1.0,1.0,0.0,1.0,0.0,1.0,1.0,0.0,1.0,0.0,0.041072,-
1,substitute_pois,2|3|4,"insert_new_city,convert_travel_day_to_stay,rebalance_label_gap","Zurich, Switzerland","Zurich, Switzerland",4,summer,10,balanced,0.25,0.25,0.25,0.25,61.548244,61.548244,0.0,61.548244,0.0,0.3529412,0.3529412,0.0,0.3529412,0.0,0.95,0.95,0.0,0.95,0.0,0.3333333,0.3333333,0.0,0.3333333,0.0,0.6630202,0.6630202,0.0,0.6630202,0.0,1.0,1.0,0.0,1.0,0.0,1.0,1.0,0.0,1.0,0.0,1.0,1.0,0.0,1.0,0.0,0.130612,-
1,substitute_pois,2|3|4,"insert_new_city,convert_travel_day_to_stay,rebalance_label_gap","Zurich, Switzerland","Zurich, Switzerland",4,summer,10,nature_food,0.4,0.2,0.3,0.3,62.0924939,62.0924939,0.0,62.0924939,0.0,0.3888889,0.3888889,0.0,0.3888889,0.0,1.0,1.0,0.0,1.0,0.0,0.3333333,0.3333333,0.0,0.3333333,0.0,0.5654255,0.5654255,0.0,0.5654255,0.0,1.0,1.0,0.0,1.0,0.0,1.0,1.0,0.0,1.0,0.0,1.0,1.0,0.0,1.0,0.0,0.129249,-
1,substitute_pois,2|3|4,"insert_new_city,convert_travel_day_to_stay,rebalance_label_gap","Zurich, Switzerland","Zurich, Switzerland",4,summer,10,culture_food,0.1,0.4,0.3,0.2,64.6906732,64.6906732,0.0,64.6906732,0.0,0.4212963,0.4212963,0.0,0.4212963,0.0,1.0,1.0,0.0,1.0,0.0,0.3333333,0.3333333,0.0,0.3333333,0.0,0.6630202,0.6630202,0.0,0.6630202,0.0,1.0,1.0,0.0,1.0,0.0,1.0,1.0,0.0,1.0,0.0,1.0,1.0,0.0,1.0,0.0,0.143009,-
1,substitute_pois,2|3|4,"insert_new_city,convert_travel_day_to_stay,rebalance_label_gap","Geneva, Switzerland","Lucerne, Switzerland",4,summer,6,balanced,0.25,0.25,0.25,0.25,60.8887584,80.7543395,19.8655811,80.7543395,0.0,0.2941176,0.8421053,0.5479876,0.8421053,0.0,0.9166667,1.0,0.0833333,1.0,0.0,0.6666667,0.6666667,0.0,0.6666667,0.0,0.6030026,0.6030026,0.0,0.6030026,0.0,0.7799601,0.7799601,0.0,0.7799601,0.0,1.0,0.8872029,-0.1127971,0.8872029,0.0,1.0,1.0,0.0,1.0,0.0,0.143211,-
1,substitute_pois,2|3|4,"insert_new_city,convert_travel_day_to_stay,rebalance_label_gap","Geneva, Switzerland","Lucerne, Switzerland",4,summer,6,nature_food,0.4,0.2,0.3,0.3,68.6093467,84.6639672,16.0546206,84.6639672,0.0,0.5147059,0.8382353,0.3235294,0.8382353,0.0,0.9166667,0.9583333,0.0416667,0.9583333,0.0,0.6666667,1.0,0.3333333,1.0,0.0,0.6030026,0.5943339,-0.0086687,0.5943339,0.0,0.7799601,0.8473216,0.0673615,0.8473216,0.0,1.0,0.7125015,-0.2874985,0.7125015,0.0,1.0,1.0,0.0,1.0,0.0,0.10071,-
1,substitute_pois,2|3|4,"insert_new_city,convert_travel_day_to_stay,rebalance_label_gap","Geneva, Switzerland","Lucerne, Switzerland",4,summer,6,culture_food,0.1,0.4,0.3,0.2,69.3086832,78.7033708,9.3946877,80.8908708,-2.1875,0.5963542,0.6979167,0.1015625,0.7604167,-0.0625,1.0,1.0,0.0,1.0,0.0,1.0,0.6666667,-0.3333333,0.6666667,0.0,0.6444301,0.6560182,0.0115881,0.6560182,0.0,0.0207329,1.0,0.9792671,1.0,0.0,0.7125015,0.8872029,0.1747014,0.8872029,0.0,1.0,1.0,0.0,1.0,0.0,0.14181,-
1,substitute_pois,2|3|4,"insert_new_city,convert_travel_day_to_stay,rebalance_label_gap","Geneva, Switzerland","Lucerne, Switzerland",4,summer,10,balanced,0.25,0.25,0.25,0.25,64.8825196,84.2086651,19.3261455,84.2086651,0.0,0.3939394,0.9516129,0.5576735,0.9516129,0.0,0.95,0.975,0.025,0.975,0.0,0.6666667,1.0,0.3333333,1.0,0.0,0.6030026,0.6308547,0.027852,0.6308547,0.0,0.7799601,0.3251886,-0.4547715,0.3251886,0.0,1.0,0.7125015,-0.2874985,0.7125015,0.0,1.0,1.0,0.0,1.0,0.0,0.412669,-
1,substitute_pois,2|3|4,"insert_new_city,convert_travel_day_to_stay,rebalance_label_gap","Geneva, Switzerland","Lucerne, Switzerland",4,summer,10,nature_food,0.4,0.2,0.3,0.3,79.9961559,79.9961559,0.0,79.9961559,0.0,0.8257576,0.8257576,0.0,0.8257576,0.0,0.95,0.95,0.0,0.95,0.0,0.6666667,0.6666667,0.0,0.6666667,0.0,0.6030026,0.6030026,0.0,0.6030026,0.0,0.7799601,0.7799601,0.0,0.7799601,0.0,1.0,1.0,0.0,1.0,0.0,1.0,1.0,0.0,1.0,0.0,0.159475,-
1,substitute_pois,2|3|4,"insert_new_city,convert_travel_day_to_stay,rebalance_label_gap","Geneva, Switzerland","Lucerne, Switzerland",4,summer,10,culture_food,0.1,0.4,0.3,0.2,70.4954378,89.7969084,19.3014706,89.7969084,0.0,0.3590686,0.9105392,0.5514706,0.9105392,0.0,1.0,1.0,0.0,1.0,0.0,1.0,1.0,0.0,1.0,0.0,0.6243686,0.6243686,0.0,0.6243686,0.0,1.0,1.0,0.0,1.0,0.0,0.7125015,0.7125015,0.0,0.7125015,0.0,1.0,1.0,0.0,1.0,0.0,0.716571,-
1,substitute_pois,2|3|4,"insert_new_city,convert_travel_day_to_stay,rebalance_label_gap","Interlaken, Switzerland","St. Moritz, Switzerland",4,winter,6,balanced,0.25,0.25,0.25,0.25,73.5681459,73.9493707,0.3812247,73.9493707,0.0,0.7058824,0.75,0.0441176,0.75,0.0,0.9583333,0.9166667,-0.0416667,0.9166667,0.0,0.6666667,0.6666667,0.0,0.6666667,0.0,0.9095908,0.9226514,0.0130606,0.9226514,0.0,0.1407387,0.0673586,-0.0733802,0.0673586,0.0,0.8872029,0.8872029,0.0,0.8872029,0.0,1.0,1.0,0.0,1.0,0.0,0.040471,-
1,substitute_pois,2|3|4,"insert_new_city,convert_travel_day_to_stay,rebalance_label_gap","Interlaken, Switzerland","St. Moritz, Switzerland",4,winter,6,nature_food,0.4,0.2,0.3,0.3,78.3062231,78.3062231,0.0,78.3062231,0.0,0.90625,0.90625,0.0,0.90625,0.0,0.9583333,0.9583333,0.0,0.9583333,0.0,0.6666667,0.6666667,0.0,0.6666667,0.0,0.8517632,0.8517632,0.0,0.8517632,0.0,1e-06,1e-06,0.0,1e-06,0.0,0.8872029,0.8872029,0.0,0.8872029,0.0,1.0,1.0,0.0,1.0,0.0,0.023146,-
1,substitute_pois,2|3|4,"insert_new_city,convert_travel_day_to_stay,rebalance_label_gap","Interlaken, Switzerland","St. Moritz, Switzerland",4,winter,6,culture_food,0.1,0.4,0.3,0.2,80.0,80.0,0.0,80.0,0.0,1.0,1.0,0.0,1.0,0.0,1.0,1.0,0.0,1.0,0.0,0.3333333,0.3333333,0.0,0.3333333,0.0,1.0,1.0,0.0,1.0,0.0,0.0,0.0,0.0,0.0,0.0,1.0,1.0,0.0,1.0,0.0,1.0,1.0,0.0,1.0,0.0,0.022663,-
1,substitute_pois,2|3|4,"insert_new_city,convert_travel_day_to_stay,rebalance_label_gap","Interlaken, Switzerland","St. Moritz, Switzerland",4,winter,10,balanced,0.25,0.25,0.25,0.25,74.4493707,74.4493707,0.0,74.4493707,0.0,0.75,0.75,0.0,0.75,0.0,0.95,0.95,0.0,0.95,0.0,0.6666667,0.6666667,0.0,0.6666667,0.0,0.9226514,0.9226514,0.0,0.9226514,0.0,0.0673586,0.0673586,0.0,0.0673586,0.0,0.8872029,0.8872029,0.0,0.8872029,0.0,1.0,1.0,0.0,1.0,0.0,0.06948,-
1,substitute_pois,2|3|4,"insert_new_city,convert_travel_day_to_stay,rebalance_label_gap","Interlaken, Switzerland","St. Moritz, Switzerland",4,winter,10,nature_food,0.4,0.2,0.3,0.3,68.8194444,73.6805556,4.8611111,73.6805556,0.0,0.6805556,0.8194444,0.1388889,0.8194444,0.0,1.0,1.0,0.0,1.0,0.0,0.3333333,0.3333333,0.0,0.3333333,0.0,1.0,1.0,0.0,1.0,0.0,0.0,0.0,0.0,0.0,0.0,1.0,1.0,0.0,1.0,0.0,1.0,1.0,0.0,1.0,0.0,0.040982,-
1,substitute_pois,2|3|4,"insert_new_city,convert_travel_day_to_stay,rebalance_label_gap","Interlaken, Switzerland","St. Moritz, Switzerland",4,winter,10,culture_food,0.1,0.4,0.3,0.2,67.9250711,74.7610086,6.8359375,74.7610086,0.0,0.5911458,0.7864583,0.1953125,0.7864583,0.0,0.975,0.975,0.0,0.975,0.0,0.6666667,0.6666667,0.0,0.6666667,0.0,0.8406638,0.8406638,0.0,0.8406638,0.0,1e-06,1e-06,0.0,1e-06,0.0,1.0,1.0,0.0,1.0,0.0,1.0,1.0,0.0,1.0,0.0,0.081868,-
1,substitute_pois,2|3|4,"insert_new_city,convert_travel_day_to_stay,rebalance_label_gap","Zurich, Switzerland","Zurich, Switzerland",4,winter,6,balanced,0.25,0.25,0.25,0.25,57.9442635,57.9442635,0.0,57.9442635,0.0,0.3333333,0.3333333,0.0,0.3333333,0.0,0.9583333,0.9583333,0.0,0.9583333,0.0,0.3333333,0.3333333,0.0,0.3333333,0.0,0.4601731,0.4601731,0.0,0.4601731,0.0,1.0,1.0,0.0,1.0,0.0,1.0,1.0,0.0,1.0,0.0,1.0,1.0,0.0,1.0,0.0,0.024323,-
1,substitute_pois,2|3|4,"insert_new_city,convert_travel_day_to_stay,rebalance_label_gap","Zurich, Switzerland","Zurich, Switzerland",4,winter,6,nature_food,0.4,0.2,0.3,0.3,64.8203029,64.8203029,0.0,64.8203029,0.0,0.425,0.425,0.0,0.425,0.0,1.0,1.0,0.0,1.0,0.0,0.3333333,0.3333333,0.0,0.3333333,0.0,0.6630202,0.6630202,0.0,0.6630202,0.0,1.0,1.0,0.0,1.0,0.0,1.0,1.0,0.0,1.0,0.0,1.0,1.0,0.0,1.0,0.0,0.020887,-
1,substitute_pois,2|3|4,"insert_new_city,convert_travel_day_to_stay,rebalance_label_gap","Zurich, Switzerland","Zurich, Switzerland",4,winter,6,culture_food,0.1,0.4,0.3,0.2,68.9036362,68.9036362,0.0,68.9036362,0.0,0.5416667,0.5416667,0.0,0.5416667,0.0,1.0,1.0,0.0,1.0,0.0,0.3333333,0.3333333,0.0,0.3333333,0.0,0.6630202,0.6630202,0.0,0.6630202,0.0,1.0,1.0,0.0,1.0,0.0,1.0,1.0,0.0,1.0,0.0,1.0,1.0,0.0,1.0,0.0,0.02139,-
1,substitute_pois,2|3|4,"insert_new_city,convert_travel_day_to_stay,rebalance_label_gap","Zurich, Switzerland","Zurich, Switzerland",4,winter,10,balanced,0.25,0.25,0.25,0.25,77.3310389,77.3310389,0.0,77.3310389,0.0,0.7647059,0.7647059,0.0,0.7647059,0.0,0.975,0.975,0.0,0.975,0.0,0.6666667,0.6666667,0.0,0.6666667,0.0,0.4919217,0.4919217,0.0,0.4919217,0.0,1.0,1.0,0.0,1.0,0.0,0.7125015,0.7125015,0.0,0.7125015,0.0,1.0,1.0,0.0,1.0,0.0,0.057855,-
1,substitute_pois,2|3|4,"insert_new_city,convert_travel_day_to_stay,rebalance_label_gap","Zurich, Switzerland","Zurich, Switzerland",4,winter,10,nature_food,0.4,0.2,0.3,0.3,68.8980495,68.8980495,0.0,68.8980495,0.0,0.5833333,0.5833333,0.0,0.5833333,0.0,1.0,1.0,0.0,1.0,0.0,0.3333333,0.3333333,0.0,0.3333333,0.0,0.5654255,0.5654255,0.0,0.5654255,0.0,1.0,1.0,0.0,1.0,0.0,1.0,1.0,0.0,1.0,0.0,1.0,1.0,0.0,1.0,0.0,0.050882,-
1,substitute_pois,2|3|4,"insert_new_city,convert_travel_day_to_stay,rebalance_label_gap","Zurich, Switzerland","Zurich, Switzerland",4,winter,10,culture_food,0.1,0.4,0.3,0.2,57.2590284,57.2590284,0.0,57.2590284,0.0,0.2303922,0.2303922,0.0,0.2303922,0.0,0.95,0.95,0.0,0.95,0.0,0.3333333,0.3333333,0.0,0.3333333,0.0,0.6630202,0.6630202,0.0,0.6630202,0.0,1.0,1.0,0.0,1.0,0.0,1.0,1.0,0.0,1.0,0.0,1.0,1.0,0.0,1.0,0.0,0.044997,-
1,substitute_pois,2|3|4,"insert_new_city,convert_travel_day_to_stay,rebalance_label_gap","Geneva, Switzerland","Lucerne, Switzerland",4,winter,6,balanced,0.25,0.25,0.25,0.25,61.0551671,61.0551671,0.0,61.0551671,0.0,0.2631579,0.2631579,0.0,0.2631579,0.0,1.0,1.0,0.0,1.0,0.0,0.6666667,0.6666667,0.0,0.6666667,0.0,0.6030026,0.6030026,0.0,0.6030026,0.0,0.7799601,0.7799601,0.0,0.7799601,0.0,1.0,1.0,0.0,1.0,0.0,1.0,1.0,0.0,1.0,0.0,0.051194,-
1,substitute_pois,2|3|4,"insert_new_city,convert_travel_day_to_stay,rebalance_label_gap","Geneva, Switzerland","Lucerne, Switzerland",4,winter,6,nature_food,0.4,0.2,0.3,0.3,60.5946408,64.3544125,3.7597717,62.2623986,2.0920139,0.25,0.359375,0.109375,0.2638889,0.0954861,1.0,0.8333333,-0.1666667,0.9166667,-0.0833333,0.6666667,0.6666667,0.0,0.6666667,0.0,0.6030026,0.6560182,0.0530156,0.6560182,0.0,0.7799601,1.0,0.2200399,1.0,0.0,1.0,0.8872029,-0.1127971,0.8872029,0.0,1.0,1.0,0.0,1.0,0.0,0.044902,-
1,substitute_pois,2|3|4,"insert_new_city,convert_travel_day_to_stay,rebalance_label_gap","Geneva, Switzerland","Lucerne, Switzerland",4,winter,6,culture_food,0.1,0.4,0.3,0.2,65.5069215,70.8797285,5.372807,70.8797285,0.0,0.3903509,0.5438596,0.1535088,0.5438596,0.0,1.0,1.0,0.0,1.0,0.0,0.6666667,0.6666667,0.0,0.6666667,0.0,0.6030026,0.6030026,0.0,0.6030026,0.0,0.7799601,0.7799601,0.0,0.7799601,0.0,1.0,1.0,0.0,1.0,0.0,1.0,1.0,0.0,1.0,0.0,0.055649,-
1,substitute_pois,2|3|4,"insert_new_city,convert_travel_day_to_stay,rebalance_label_gap","Geneva, Switzerland","Lucerne, Switzerland",4,winter,10,balanced,0.25,0.25,0.25,0.25,63.4652729,63.4652729,0.0,65.5347174,-2.0694444,0.2571429,0.2571429,0.0,0.3055556,-0.0484127,0.975,0.975,0.0,1.0,-0.025,0.6666667,0.6666667,0.0,0.6666667,0.0,0.6560182,0.6560182,0.0,0.6560182,0.0,1.0,1.0,0.0,1.0,0.0,1.0,1.0,0.0,1.0,0.0,1.0,1.0,0.0,1.0,0.0,0.080942,-
1,substitute_pois,2|3|4,"insert_new_city,convert_travel_day_to_stay,rebalance_label_gap","Geneva, Switzerland","Lucerne, Switzerland",4,winter,10,nature_food,0.4,0.2,0.3,0.3,66.2152729,66.2152729,0.0,66.2638841,-0.0486111,0.3357143,0.3357143,0.0,0.3263889,0.0093254,0.975,0.975,0.0,1.0,-0.025,0.6666667,0.6666667,0.0,0.6666667,0.0,0.6560182,0.6560182,0.0,0.6560182,0.0,1.0,1.0,0.0,1.0,0.0,1.0,1.0,0.0,1.0,0.0,1.0,1.0,0.0,1.0,0.0,0.09208,-
1,substitute_pois,2|3|4,"insert_new_city,convert_travel_day_to_stay,rebalance_label_gap","Geneva, Switzerland","Lucerne, Switzerland",4,winter,10,culture_food,0.1,0.4,0.3,0.2,58.3323859,69.1841016,10.8517157,69.3446408,-0.1605392,0.1960784,0.5061275,0.310049,0.5,0.0061275,0.975,0.975,0.0,1.0,-0.025,0.6666667,0.6666667,0.0,0.6666667,0.0,0.6030026,0.6030026,0.0,0.6030026,0.0,0.7799601,0.7799601,0.0,0.7799601,0.0,1.0,1.0,0.0,1.0,0.0,1.0,1.0,0.0,1.0,0.0,0.125665,-
1,substitute_pois,2|3|4,"insert_new_city,convert_travel_day_to_stay,rebalance_label_gap","Interlaken, Switzerland","St. Moritz, Switzerland",9,summer,6,balanced,0.25,0.25,0.25,0.25,72.4641301,79.1307968,6.6666667,79.1307968,0.0,0.6666667,0.8571429,0.1904762,0.8571429,0.0,0.962963,0.962963,0.0,0.962963,0.0,0.6666667,0.6666667,0.0,0.6666667,0.0,0.8223313,0.8223313,0.0,0.8223313,0.0,0.2351383,0.2351383,0.0,0.2351383,0.0,1.0,1.0,0.0,1.0,0.0,1.0,1.0,0.0,1.0,0.0,0.146522,-
1,substitute_pois,2|3|4,"insert_new_city,convert_travel_day_to_stay,rebalance_label_gap","Interlaken, Switzerland","St. Moritz, Switzerland",9,summer,6,nature_food,0.4,0.2,0.3,0.3,67.5458522,81.6107725,14.0649203,81.6107725,0.0,0.54375,0.90625,0.3625,0.90625,0.0,0.962963,0.9814815,0.0185185,0.9814815,0.0,0.8333333,1.0,0.1666667,1.0,0.0,0.7854005,0.7306231,-0.0547774,0.7306231,0.0,0.0039811,0.01,0.0060189,0.01,0.0,0.949868,0.8220908,-0.1277771,0.8220908,0.0,1.0,1.0,0.0,1.0,0.0,0.325462,-
1,substitute_pois,2|3|4,"insert_new_city,convert_travel_day_to_stay,rebalance_label_gap","Interlaken, Switzerland","St. Moritz, Switzerland",9,summer,6,culture_food,0.1,0.4,0.3,0.2,74.3727656,82.2401752,7.8674096,82.2401752,0.0,0.7325581,0.9652778,0.2327196,0.9652778,0.0,0.962963,0.9444444,-0.0185185,0.9444444,0.0,0.6666667,0.6666667,0.0,0.6666667,0.0,0.8223313,0.8223313,0.0,0.8223313,0.0,0.1953817,0.1953817,0.0,0.1953817,0.0,1.0,1.0,0.0,1.0,0.0,1.0,1.0,0.0,1.0,0.0,0.273854,-
1,substitute_pois,2|3|4,"insert_new_city,convert_travel_day_to_stay,rebalance_label_gap","Interlaken, Switzerland","St. Moritz, Switzerland",9,summer,10,balanced,0.25,0.25,0.25,0.25,76.314858,89.2798868,12.9650288,89.2798868,0.0,0.6666667,0.9615385,0.2948718,0.9615385,0.0,0.9555556,0.9888889,0.0333333,0.9888889,0.0,0.6666667,0.8333333,0.1666667,0.8333333,0.0,0.7024482,0.6982241,-0.0042241,0.6982241,0.0,0.8111468,0.8458231,0.0346764,0.8458231,0.0,1.0,0.8722229,-0.1277771,0.8722229,0.0,1.0,1.0,0.0,1.0,0.0,1.161664,-
1,substitute_pois,2|3|4,"insert_new_city,convert_travel_day_to_stay,rebalance_label_gap","Interlaken, Switzerland","St. Moritz, Switzerland",9,summer,10,nature_food,0.4,0.2,0.3,0.3,76.5310676,89.0992478,12.5681801,89.0992478,0.0,0.6688312,0.961039,0.2922078,0.961039,0.0,0.9666667,0.9777778,0.0111111,0.9777778,0.0,0.6666667,0.8333333,0.1666667,0.8333333,0.0,0.763887,0.7518149,-0.0120721,0.7518149,0.0,0.7163671,0.7657879,0.0494208,0.7657879,0.0,1.0,0.8722229,-0.1277771,0.8722229,0.0,1.0,1.0,0.0,1.0,0.0,1.256188,-
1,substitute_pois,2|3|4,"insert_new_city,convert_travel_day_to_stay,rebalance_label_gap","Interlaken, Switzerland","St. Moritz, Switzerland",9,summer,10,culture_food,0.1,0.4,0.3,0.2,70.4625366,78.645407,8.1828704,78.645407,0.0,0.7112269,0.9450231,0.2337963,0.9450231,0.0,0.9333333,0.9333333,0.0,0.9333333,0.0,0.6666667,0.6666667,0.0,0.6666667,0.0,0.805869,0.805869,0.0,0.805869,0.0,0.001,0.001,0.0,0.001,0.0,0.949868,0.949868,0.0,0.949868,0.0,0.9444444,0.9444444,0.0,0.9444444,0.0,0.90454,-
1,substitute_pois,2|3|4,"insert_new_city,convert_travel_day_to_stay,rebalance_label_gap","Zurich, Switzerland","Zurich, Switzerland",9,summer,6,balanced,0.25,0.25,0.25,0.25,67.1115644,67.1115644,0.0,67.1115644,0.0,0.4255319,0.4255319,0.0,0.4255319,0.0,1.0,1.0,0.0,1.0,0.0,0.6666667,0.6666667,0.0,0.6666667,0.0,0.4979072,0.4979072,0.0,0.4979072,0.0,1.0,1.0,0.0,1.0,0.0,0.949868,0.949868,0.0,0.949868,0.0,1.0,1.0,0.0,1.0,0.0,0.158435,-
1,substitute_pois,2|3|4,"insert_new_city,convert_travel_day_to_stay,rebalance_label_gap","Zurich, Switzerland","Zurich, Switzerland",9,summer,6,nature_food,0.4,0.2,0.3,0.3,66.9253942,66.9253942,0.0,66.9253942,0.0,0.4202128,0.4202128,0.0,0.4202128,0.0,1.0,1.0,0.0,1.0,0.0,0.6666667,0.6666667,0.0,0.6666667,0.0,0.4979072,0.4979072,0.0,0.4979072,0.0,1.0,1.0,0.0,1.0,0.0,0.949868,0.949868,0.0,0.949868,0.0,1.0,1.0,0.0,1.0,0.0,0.163175,-
1,substitute_pois,2|3|4,"insert_new_city,convert_travel_day_to_stay,rebalance_label_gap","Zurich, Switzerland","Zurich, Switzerland",9,summer,6,culture_food,0.1,0.4,0.3,0.2,61.5176463,61.5176463,0.0,61.5176463,0.0,0.25,0.25,0.0,0.25,0.0,0.9814815,0.9814815,0.0,0.9814815,0.0,0.6666667,0.6666667,0.0,0.6666667,0.0,0.5530723,0.5530723,0.0,0.5530723,0.0,1.0,1.0,0.0,1.0,0.0,0.949868,0.949868,0.0,0.949868,0.0,1.0,1.0,0.0,1.0,0.0,0.179017,-
1,substitute_pois,2|3|4,"insert_new_city,convert_travel_day_to_stay,rebalance_label_gap","Zurich, Switzerland","Zurich, Switzerland",9,summer,10,balanced,0.25,0.25,0.25,0.25,70.5815673,70.5815673,0.0,70.5815673,0.0,0.6756757,0.6756757,0.0,0.6756757,0.0,0.9555556,0.9555556,0.0,0.9555556,0.0,0.6666667,0.6666667,0.0,0.6666667,0.0,0.8522857,0.8522857,0.0,0.8522857,0.0,0.0065959,0.0065959,0.0,0.0065959,0.0,0.949868,0.949868,0.0,0.949868,0.0,1.0,1.0,0.0,1.0,0.0,0.588903,-
1,substitute_pois,2|3|4,"insert_new_city,convert_travel_day_to_stay,rebalance_label_gap","Zurich, Switzerland","Zurich, Switzerland",9,summer,10,nature_food,0.4,0.2,0.3,0.3,71.9909695,71.9909695,0.0,71.9909695,0.0,0.5432099,0.5432099,0.0,0.5432099,0.0,1.0,1.0,0.0,1.0,0.0,0.6666667,0.6666667,0.0,0.6666667,0.0,0.5486189,0.5486189,0.0,0.5486189,0.0,1.0,1.0,0.0,1.0,0.0,0.949868,0.949868,0.0,0.949868,0.0,1.0,1.0,0.0,1.0,0.0,0.676018,-
1,substitute_pois,2|3|4,"insert_new_city,convert_travel_day_to_stay,rebalance_label_gap","Zurich, Switzerland","Zurich, Switzerland",9,summer,10,culture_food,0.1,0.4,0.3,0.2,71.6419856,71.6419856,0.0,71.6419856,0.0,0.6070602,0.6070602,0.0,0.6070602,0.0,0.9333333,0.9333333,0.0,0.9333333,0.0,0.6666667,0.6666667,0.0,0.6666667,0.0,0.7766951,0.7766951,0.0,0.7766951,0.0,0.4995113,0.4995113,0.0,0.4995113,0.0,0.949868,0.949868,0.0,0.949868,0.0,1.0,1.0,0.0,1.0,0.0,0.639829,-
1,substitute_pois,2|3|4,"insert_new_city,convert_travel_day_to_stay,rebalance_label_gap","Geneva, Switzerland","Lucerne, Switzerland",9,summer,6,balanced,0.25,0.25,0.25,0.25,78.0551203,92.6747954,14.6196751,92.6747954,0.0,0.5952381,0.952381,0.3571429,0.952381,0.0,0.962963,1.0,0.037037,1.0,0.0,0.8333333,1.0,0.1666667,1.0,0.0,0.7018668,0.6820672,-0.0197997,0.6820672,0.0,1.0,1.0,0.0,1.0,0.0,0.949868,0.8220908,-0.1277771,0.8220908,0.0,1.0,1.0,0.0,1.0,0.0,0.446853,-
1,substitute_pois,2|3|4,"insert_new_city,convert_travel_day_to_stay,rebalance_label_gap","Geneva, Switzerland","Lucerne, Switzerland",9,summer,6,nature_food,0.4,0.2,0.3,0.3,69.0725151,85.3574773,16.2849622,85.3574773,0.0,0.38125,0.8536585,0.4724085,0.8536585,0.0,0.9259259,0.9444444,0.0185185,0.9444444,0.0,0.8333333,0.8333333,0.0,0.8333333,0.0,0.6393691,0.6393691,0.0,0.6393691,0.0,1.0,1.0,0.0,1.0,0.0,0.949868,0.8722229,-0.0776451,0.8722229,0.0,1.0,0.9722222,-0.0277778,0.9722222,0.0,0.337377,-
1,substitute_pois,2|3|4,"insert_new_city,convert_travel_day_to_stay,rebalance_label_gap","Geneva, Switzerland","Lucerne, Switzerland",9,summer,6,culture_food,0.1,0.4,0.3,0.2,74.3419067,88.3696845,14.0277778,88.3696845,0.0,0.5248016,0.9255952,0.4007937,0.9255952,0.0,0.962963,0.962963,0.0,0.962963,0.0,0.8333333,0.8333333,0.0,0.8333333,0.0,0.6186711,0.6186711,0.0,0.6186711,0.0,1.0,1.0,0.0,1.0,0.0,0.949868,0.949868,0.0,0.949868,0.0,1.0,1.0,0.0,1.0,0.0,0.528879,-
1,substitute_pois,2|3|4,"insert_new_city,convert_travel_day_to_stay,rebalance_label_gap","Geneva, Switzerland","Lucerne, Switzerland",9,summer,10,balanced,0.25,0.25,0.25,0.25,81.0580443,88.4264653,7.3684211,90.2685706,-1.8421053,0.6842105,0.8947368,0.2105263,0.9473684,-0.0526316,0.9555556,0.9555556,0.0,0.9555556,0.0,0.8333333,0.8333333,0.0,0.8333333,0.0,0.7018668,0.7018668,0.0,0.7018668,0.0,1.0,1.0,0.0,1.0,0.0,0.949868,0.949868,0.0,0.949868,0.0,1.0,1.0,0.0,1.0,0.0,0.742959,-
1,substitute_pois,2|3|4,"insert_new_city,convert_travel_day_to_stay,rebalance_label_gap","Geneva, Switzerland","Lucerne, Switzerland",9,summer,10,nature_food,0.4,0.2,0.3,0.3,78.8284435,85.3905807,6.5621372,85.3905807,0.0,0.75,0.8987342,0.1487342,0.8987342,0.0,0.9555556,0.9666667,0.0111111,0.9666667,0.0,0.6666667,0.6666667,0.0,0.6666667,0.0,0.6275717,0.6549622,0.0273906,0.6549622,0.0,0.8831535,1.0,0.1168465,1.0,0.0,1.0,0.949868,-0.050132,0.949868,0.0,1.0,0.9722222,-0.0277778,0.9722222,0.0,0.640885,-
1,substitute_pois,2|3|4,"insert_new_city,convert_travel_day_to_stay,rebalance_label_gap","Geneva, Switzerland","Lucerne, Switzerland",9,summer,10,culture_food,0.1,0.4,0.3,0.2,76.4622781,87.0543833,10.5921053,87.5116146,-0.4572313,0.6507675,0.9533991,0.3026316,0.9205044,0.0328947,0.9666667,0.9666667,0.0,0.9555556,0.0111111,0.8333333,0.8333333,0.0,0.8333333,0.0,0.5932694,0.5932694,0.0,0.6066342,-0.0133649,0.8037034,0.8037034,0.0,1.0,-0.1962966,0.949868,0.949868,0.0,0.8722229,0.0776451,1.0,1.0,0.0,1.0,0.0,1.165395,-
1,substitute_pois,2|3|4,"insert_new_city,convert_travel_day_to_stay,rebalance_label_gap","Interlaken, Switzerland","St. Moritz, Switzerland",9,winter,6,balanced,0.25,0.25,0.25,0.25,80.9072514,90.3772304,9.4699791,90.3772304,0.0,0.8488372,1.0,0.1511628,1.0,0.0,0.9814815,0.9444444,-0.037037,0.9444444,0.0,0.6666667,0.8333333,0.1666667,0.8333333,0.0,0.8223313,0.7260812,-0.0962501,0.7260812,0.0,0.4140758,0.8458231,0.4317473,0.8458231,0.0,1.0,0.8722229,-0.1277771,0.8722229,0.0,1.0,1.0,0.0,1.0,0.0,0.183639,-
1,substitute_pois,2|3|4,"insert_new_city,convert_travel_day_to_stay,rebalance_label_gap","Interlaken, Switzerland","St. Moritz, Switzerland",9,winter,6,nature_food,0.4,0.2,0.3,0.3,86.709063,86.709063,0.0,86.709063,0.0,0.9090909,0.9090909,0.0,0.9090909,0.0,0.962963,0.962963,0.0,0.962963,0.0,0.6666667,0.6666667,0.0,0.6666667,0.0,0.8223313,0.8223313,0.0,0.8223313,0.0,0.8111468,0.8111468,0.0,0.8111468,0.0,1.0,1.0,0.0,1.0,0.0,1.0,1.0,0.0,1.0,0.0,0.125146,-
1,substitute_pois,2|3|4,"insert_new_city,convert_travel_day_to_stay,rebalance_label_gap","Interlaken, Switzerland","St. Moritz, Switzerland",9,winter,6,culture_food,0.1,0.4,0.3,0.2,71.0561532,79.2599155,8.2037623,80.0822394,-0.8223238,0.6546053,0.8720238,0.2174185,0.9034553,-0.0314315,0.9444444,0.9444444,0.0,0.9259259,0.0185185,0.8333333,0.6666667,-0.1666667,0.6666667,0.0,0.7792768,0.8306328,0.051356,0.8306328,0.0,0.0039811,0.2363583,0.2323773,0.2363583,0.0,0.949868,0.949868,0.0,0.949868,0.0,1.0,1.0,0.0,1.0,0.0,0.351007,-
1,substitute_pois,2|3|4,"insert_new_city,convert_travel_day_to_stay,rebalance_label_gap","Interlaken, Switzerland","St. Moritz, Switzerland",9,winter,10,balanced,0.25,0.25,0.25,0.25,69.3660139,78.5541932,9.1881793,79.2936298,-0.7394366,0.6575342,0.9295775,0.2720432,0.9507042,-0.0211268,0.9333333,0.9111111,-0.0222222,0.9111111,0.0,0.8333333,0.8333333,0.0,0.8333333,0.0,0.6708776,0.6708776,0.0,0.6708776,0.0,0.0039811,0.0039811,0.0,0.0039811,0.0,0.949868,0.949868,0.0,0.949868,0.0,1.0,1.0,0.0,1.0,0.0,0.249349,-
1,substitute_pois,2|3|4,"insert_new_city,convert_travel_day_to_stay,rebalance_label_gap","Interlaken, Switzerland","St. Moritz, Switzerland",9,winter,10,nature_food,0.4,0.2,0.3,0.3,73.6641132,80.845455,7.1813418,81.3384127,-0.4929577,0.7195946,0.8732394,0.1536448,0.8873239,-0.0140845,0.9666667,0.9555556,-0.0111111,0.9555556,0.0,0.8333333,1.0,0.1666667,1.0,0.0,0.7792768,0.7846258,0.005349,0.7846258,0.0,0.0039811,0.0068901,0.002909,0.0068901,0.0,0.949868,0.8220908,-0.1277771,0.8220908,0.0,1.0,1.0,0.0,1.0,0.0,0.173559,-
1,substitute_pois,2|3|4,"insert_new_city,convert_travel_day_to_stay,rebalance_label_gap","Interlaken, Switzerland","St. Moritz, Switzerland",9,winter,10,culture_food,0.1,0.4,0.3,0.2,69.5556901,82.194579,12.6388889,82.194579,0.0,0.6186343,0.9797454,0.3611111,0.9797454,0.0,0.9222222,0.9222222,0.0,0.9222222,0.0,0.8333333,0.8333333,0.0,0.8333333,0.0,0.7854005,0.7854005,0.0,0.7854005,0.0,0.0039811,0.0039811,0.0,0.0039811,0.0,0.949868,0.949868,0.0,0.949868,0.0,1.0,1.0,0.0,1.0,0.0,0.298705,-
1,substitute_pois,2|3|4,"insert_new_city,convert_travel_day_to_stay,rebalance_label_gap","Zurich, Switzerland","Zurich, Switzerland",9,winter,6,balanced,0.25,0.25,0.25,0.25,67.419786,67.419786,0.0,67.419786,0.0,0.4318182,0.4318182,0.0,0.4318182,0.0,0.9814815,0.9814815,0.0,0.9814815,0.0,0.6666667,0.6666667,0.0,0.6666667,0.0,0.5223058,0.5223058,0.0,0.5223058,0.0,1.0,1.0,0.0,1.0,0.0,0.949868,0.949868,0.0,0.949868,0.0,1.0,1.0,0.0,1.0,0.0,0.117979,-
1,substitute_pois,2|3|4,"insert_new_city,convert_travel_day_to_stay,rebalance_label_gap","Zurich, Switzerland","Zurich, Switzerland",9,winter,6,nature_food,0.4,0.2,0.3,0.3,70.4656935,70.4656935,0.0,70.4656935,0.0,0.4940476,0.4940476,0.0,0.4940476,0.0,0.962963,0.962963,0.0,0.962963,0.0,0.6666667,0.6666667,0.0,0.6666667,0.0,0.6011084,0.6011084,0.0,0.6011084,0.0,0.9963616,0.9963616,0.0,0.9963616,0.0,0.949868,0.949868,0.0,0.949868,0.0,1.0,1.0,0.0,1.0,0.0,0.103605,-
1,substitute_pois,2|3|4,"insert_new_city,convert_travel_day_to_stay,rebalance_label_gap","Zurich, Switzerland","Zurich, Switzerland",9,winter,6,culture_food,0.1,0.4,0.3,0.2,66.1083154,66.1083154,0.0,66.1083154,0.0,0.4854651,0.4854651,0.0,0.4854651,0.0,1.0,1.0,0.0,1.0,0.0,0.6666667,0.6666667,0.0,0.6666667,0.0,0.8366988,0.8366988,0.0,0.8366988,0.0,0.1817215,0.1817215,0.0,0.1817215,0.0,0.949868,0.949868,0.0,0.949868,0.0,1.0,1.0,0.0,1.0,0.0,0.101608,-
1,substitute_pois,2|3|4,"insert_new_city,convert_travel_day_to_stay,rebalance_label_gap","Zurich, Switzerland","Zurich, Switzerland",9,winter,10,balanced,0.25,0.25,0.25,0.25,64.847577,64.847577,0.0,64.847577,0.0,0.3703704,0.3703704,0.0,0.3703704,0.0,0.9777778,0.9777778,0.0,0.9777778,0.0,0.6666667,0.6666667,0.0,0.6666667,0.0,0.4979072,0.4979072,0.0,0.4979072,0.0,1.0,1.0,0.0,1.0,0.0,0.949868,0.949868,0.0,0.949868,0.0,1.0,1.0,0.0,1.0,0.0,0.209934,-
1,substitute_pois,2|3|4,"insert_new_city,convert_travel_day_to_stay,rebalance_label_gap","Zurich, Switzerland","Zurich, Switzerland",9,winter,10,nature_food,0.4,0.2,0.3,0.3,73.6160477,73.6160477,0.0,73.6160477,0.0,0.6720779,0.6720779,0.0,0.6720779,0.0,0.9777778,0.9777778,0.0,0.9777778,0.0,0.6666667,0.6666667,0.0,0.6666667,0.0,0.6277271,0.6277271,0.0,0.6277271,0.0,0.6261408,0.6261408,0.0,0.6261408,0.0,0.949868,0.949868,0.0,0.949868,0.0,1.0,1.0,0.0,1.0,0.0,0.200753,-
1,substitute_pois,2|3|4,"insert_new_city,convert_travel_day_to_stay,rebalance_label_gap","Zurich, Switzerland","Zurich, Switzerland",9,winter,10,culture_food,0.1,0.4,0.3,0.2,58.7509309,58.7509309,0.0,58.7509309,0.0,0.4222222,0.4222222,0.0,0.4222222,0.0,0.9444444,0.9444444,0.0,0.9444444,0.0,0.5,0.5,0.0,0.5,0.0,0.8284365,0.8284365,0.0,0.8284365,0.0,0.0018827,0.0018827,0.0,0.0018827,0.0,1.0,1.0,0.0,1.0,0.0,0.9722222,0.9722222,0.0,0.9722222,0.0,0.167088,-
1,substitute_pois,2|3|4,"insert_new_city,convert_travel_day_to_stay,rebalance_label_gap","Geneva, Switzerland","Lucerne, Switzerland",9,winter,6,balanced,0.25,0.25,0.25,0.25,76.0600525,86.3039549,10.2439024,86.3039549,0.0,0.5731707,0.8658537,0.2926829,0.8658537,0.0,0.9259259,0.9259259,0.0,0.9259259,0.0,0.8333333,0.8333333,0.0,0.8333333,0.0,0.6573899,0.6573899,0.0,0.6573899,0.0,1.0,1.0,0.0,1.0,0.0,0.949868,0.949868,0.0,0.949868,0.0,1.0,1.0,0.0,1.0,0.0,0.130663,-
1,substitute_pois,2|3|4,"insert_new_city,convert_travel_day_to_stay,rebalance_label_gap","Geneva, Switzerland","Lucerne, Switzerland",9,winter,6,nature_food,0.4,0.2,0.3,0.3,77.8625698,93.1139722,15.2514025,93.1139722,0.0,0.5738636,0.9583333,0.3844697,0.9583333,0.0,1.0,0.9814815,-0.0185185,0.9814815,0.0,0.8333333,1.0,0.1666667,1.0,0.0,0.7018668,0.7159753,0.0141084,0.7159753,0.0,1.0,1.0,0.0,1.0,0.0,0.949868,0.8220908,-0.1277771,0.8220908,0.0,1.0,1.0,0.0,1.0,0.0,0.214682,-
1,substitute_pois,2|3|4,"insert_new_city,convert_travel_day_to_stay,rebalance_label_gap","Geneva, Switzerland","Lucerne, Switzerland",9,winter,6,culture_food,0.1,0.4,0.3,0.2,78.2070728,86.4741182,8.2670455,88.6963405,-2.2222222,0.5852273,0.8373016,0.2520743,0.9166667,-0.0793651,1.0,0.962963,-0.037037,0.9259259,0.037037,0.8333333,0.8333333,0.0,0.8333333,0.0,0.6983186,0.6983186,0.0,0.6983186,0.0,1.0,1.0,0.0,1.0,0.0,0.949868,0.949868,0.0,0.949868,0.0,1.0,1.0,0.0,1.0,0.0,0.162283,-
1,substitute_pois,2|3|4,"insert_new_city,convert_travel_day_to_stay,rebalance_label_gap","Geneva, Switzerland","Lucerne, Switzerland",9,winter,10,balanced,0.25,0.25,0.25,0.25,72.9771531,82.8437704,9.8666172,82.8437704,0.0,0.4736842,0.7222222,0.248538,0.7222222,0.0,0.9222222,0.9111111,-0.0111111,0.9111111,0.0,0.8333333,1.0,0.1666667,1.0,0.0,0.6877022,0.6525915,-0.0351107,0.6525915,0.0,1.0,1.0,0.0,1.0,0.0,0.949868,0.8220908,-0.1277771,0.8220908,0.0,1.0,1.0,0.0,1.0,0.0,0.523947,-
1,substitute_pois,2|3|4,"insert_new_city,convert_travel_day_to_stay,rebalance_label_gap","Geneva, Switzerland","Lucerne, Switzerland",9,winter,10,nature_food,0.4,0.2,0.3,0.3,76.9488583,76.9488583,0.0,79.6959648,-2.7471065,0.528125,0.528125,0.0,0.6018519,-0.0737269,0.9888889,0.9888889,0.0,1.0,-0.0111111,0.8333333,0.8333333,0.0,0.8333333,0.0,0.7587873,0.7587873,0.0,0.7587873,0.0,1.0,1.0,0.0,1.0,0.0,0.949868,0.949868,0.0,0.949868,0.0,1.0,1.0,0.0,1.0,0.0,0.258,-
1,substitute_pois,2|3|4,"insert_new_city,convert_travel_day_to_stay,rebalance_label_gap","Geneva, Switzerland","Lucerne, Switzerland",9,winter,10,culture_food,0.1,0.4,0.3,0.2,70.4212819,84.6742517,14.2529698,88.6191299,-3.9448782,0.3755411,0.8177083,0.4421672,0.9335749,-0.1158665,0.9666667,0.9111111,-0.0555556,0.8777778,0.0333333,0.8333333,0.8333333,0.0,0.8333333,0.0,0.7018668,0.7018668,0.0,0.7018668,0.0,1.0,1.0,0.0,1.0,0.0,0.949868,0.8997359,-0.050132,0.949868,-0.050132,1.0,0.9722222,-0.0277778,1.0,-0.0277778,0.530803,-
1,substitute_pois,2|3|4,"insert_new_city,convert_travel_day_to_stay,rebalance_label_gap","Interlaken, Switzerland","St. Moritz, Switzerland",15,summer,6,balanced,0.25,0.25,0.25,0.25,72.0402664,85.4649239,13.4246575,85.4649239,0.0,0.5479452,0.9315068,0.3835616,0.9315068,0.0,0.9444444,0.9444444,0.0,0.9444444,0.0,0.6666667,0.6666667,0.0,0.6666667,0.0,0.6932206,0.6932206,0.0,0.6932206,0.0,0.8697604,0.8697604,0.0,0.8697604,0.0,0.9699208,0.9699208,0.0,0.9699208,0.0,0.95,0.95,0.0,0.95,0.0,0.768788,-
1,substitute_pois,2|3|4,"insert_new_city,convert_travel_day_to_stay,rebalance_label_gap","Interlaken, Switzerland","St. Moritz, Switzerland",15,summer,6,nature_food,0.4,0.2,0.3,0.3,69.7858112,83.7858112,14.0,83.7858112,0.0,0.5107143,0.9107143,0.4,0.9107143,0.0,0.9444444,0.9444444,0.0,0.9444444,0.0,0.8888889,0.8888889,0.0,0.8888889,0.0,0.7090306,0.7090306,0.0,0.7090306,0.0,0.3925748,0.3925748,0.0,0.3925748,0.0,0.9699208,0.9699208,0.0,0.9699208,0.0,1.0,1.0,0.0,1.0,0.0,0.745553,-
1,substitute_pois,2|3|4,"insert_new_city,convert_travel_day_to_stay,rebalance_label_gap","Interlaken, Switzerland","St. Moritz, Switzerland",15,summer,6,culture_food,0.1,0.4,0.3,0.2,73.0198742,85.7420626,12.7221884,85.7420626,0.0,0.6135266,0.9836957,0.3701691,0.9836957,0.0,0.9333333,0.9333333,0.0,0.9333333,0.0,0.7777778,0.7777778,0.0,0.7777778,0.0,0.7192239,0.7192239,0.0,0.7192239,0.0,0.5091419,0.5091419,0.0,0.5091419,0.0,1.0,0.9699208,-0.0300792,0.9699208,0.0,1.0,0.9833333,-0.0166667,0.9833333,0.0,1.30953,-
1,substitute_pois,2|3|4,"insert_new_city,convert_travel_day_to_stay,rebalance_label_gap","Interlaken, Switzerland","St. Moritz, Switzerland",15,summer,10,balanced,0.25,0.25,0.25,0.25,79.4446008,87.6035102,8.1589094,88.9900553,-1.3865452,0.6818182,0.8769231,0.1951049,0.9545455,-0.0776224,0.98,0.98,0.0,0.98,0.0,0.7777778,0.8888889,0.1111111,0.7777778,0.1111111,0.7050204,0.7082401,0.0032197,0.7050204,0.0032197,0.8872721,0.8999167,0.0126445,0.8872721,0.0126445,0.9699208,0.867687,-0.1022338,0.9699208,-0.1022338,0.9833333,0.9833333,0.0,0.9833333,0.0,2.331674,-
1,substitute_pois,2|3|4,"insert_new_city,convert_travel_day_to_stay,rebalance_label_gap","Interlaken, Switzerland","St. Moritz, Switzerland",15,summer,10,nature_food,0.4,0.2,0.3,0.3,80.5456057,86.0306803,5.4850746,87.2060534,-1.1753731,0.7070896,0.863806,0.1567164,0.8973881,-0.0335821,0.9866667,0.9866667,0.0,0.9866667,0.0,0.7777778,0.7777778,0.0,0.7777778,0.0,0.7127875,0.7127875,0.0,0.7127875,0.0,0.8872721,0.8872721,0.0,0.8872721,0.0,0.9699208,0.9699208,0.0,0.9699208,0.0,0.9833333,0.9833333,0.0,0.9833333,0.0,2.218511,-
1,substitute_pois,2|3|4,"insert_new_city,convert_travel_day_to_stay,rebalance_label_gap","Interlaken, Switzerland","St. Moritz, Switzerland",15,summer,10,culture_food,0.1,0.4,0.3,0.2,66.013786,81.1611306,15.1473446,81.1611306,0.0,0.6144126,0.9907025,0.3762899,0.9907025,0.0,0.9133333,0.9266667,0.0133333,0.9266667,0.0,0.6666667,0.7777778,0.1111111,0.7777778,0.0,0.7306231,0.7377844,0.0071613,0.7377844,0.0,0.01,0.0170174,0.0070174,0.0170174,0.0,1.0,0.9699208,-0.0300792,0.9699208,0.0,0.95,0.9666667,0.0166667,0.9666667,0.0,1.727976,-
1,substitute_pois,2|3|4,"insert_new_city,convert_travel_day_to_stay,rebalance_label_gap","Zurich, Switzerland","Zurich, Switzerland",15,summer,6,balanced,0.25,0.25,0.25,0.25,68.6213736,68.6213736,0.0,68.6213736,0.0,0.538961,0.538961,0.0,0.538961,0.0,1.0,1.0,0.0,1.0,0.0,0.6666667,0.6666667,0.0,0.6666667,0.0,0.5827105,0.5827105,0.0,0.5827105,0.0,0.6100413,0.6100413,0.0,0.6100413,0.0,1.0,1.0,0.0,1.0,0.0,0.9833333,0.9833333,0.0,0.9833333,0.0,0.350627,-
1,substitute_pois,2|3|4,"insert_new_city,convert_travel_day_to_stay,rebalance_label_gap","Zurich, Switzerland","Zurich, Switzerland",15,summer,6,nature_food,0.4,0.2,0.3,0.3,64.9255601,64.9255601,0.0,64.9255601,0.0,0.5347222,0.5347222,0.0,0.5347222,0.0,0.9777778,0.9777778,0.0,0.9777778,0.0,0.7777778,0.7777778,0.0,0.7777778,0.0,0.6395626,0.6395626,0.0,0.6395626,0.0,0.0433906,0.0433906,0.0,0.0433906,0.0,0.9699208,0.9699208,0.0,0.9699208,0.0,1.0,1.0,0.0,1.0,0.0,0.303238,-
1,substitute_pois,2|3|4,"insert_new_city,convert_travel_day_to_stay,rebalance_label_gap","Zurich, Switzerland","Zurich, Switzerland",15,summer,6,culture_food,0.1,0.4,0.3,0.2,69.4381007,69.4381007,0.0,69.4381007,0.0,0.7111872,0.7111872,0.0,0.7111872,0.0,0.9666667,0.9666667,0.0,0.9666667,0.0,0.6666667,0.6666667,0.0,0.6666667,0.0,0.6724298,0.6724298,0.0,0.6724298,0.0,0.0277165,0.0277165,0.0,0.0277165,0.0,0.9699208,0.9699208,0.0,0.9699208,0.0,0.9666667,0.9666667,0.0,0.9666667,0.0,0.293971,-
1,substitute_pois,2|3|4,"insert_new_city,convert_travel_day_to_stay,rebalance_label_gap","Zurich, Switzerland","Zurich, Switzerland",15,summer,10,balanced,0.25,0.25,0.25,0.25,71.9744689,71.9744689,0.0,71.9744689,0.0,0.6031746,0.6031746,0.0,0.6031746,0.0,0.96,0.96,0.0,0.96,0.0,0.7777778,0.7777778,0.0,0.7777778,0.0,0.8526094,0.8526094,0.0,0.8526094,0.0,0.2157946,0.2157946,0.0,0.2157946,0.0,0.9699208,0.9699208,0.0,0.9699208,0.0,1.0,1.0,0.0,1.0,0.0,0.861924,-
1,substitute_pois,2|3|4,"insert_new_city,convert_travel_day_to_stay,rebalance_label_gap","Zurich, Switzerland","Zurich, Switzerland",15,summer,10,nature_food,0.4,0.2,0.3,0.3,70.2453596,70.2453596,0.0,70.2453596,0.0,0.7288462,0.7288462,0.0,0.7288462,0.0,0.9666667,0.9666667,0.0,0.9666667,0.0,0.6666667,0.6666667,0.0,0.6666667,0.0,0.6694609,0.6694609,0.0,0.6694609,0.0,0.0277165,0.0277165,0.0,0.0277165,0.0,1.0,1.0,0.0,1.0,0.0,0.9833333,0.9833333,0.0,0.9833333,0.0,0.739789,-
1,substitute_pois,2|3|4,"insert_new_city,convert_travel_day_to_stay,rebalance_label_gap","Zurich, Switzerland","Zurich, Switzerland",15,summer,10,culture_food,0.1,0.4,0.3,0.2,76.9791925,76.9791925,0.0,76.9791925,0.0,0.5588038,0.5588038,0.0,0.5588038,0.0,0.9466667,0.9466667,0.0,0.9466667,0.0,0.7777778,0.7777778,0.0,0.7777778,0.0,0.8119804,0.8119804,0.0,0.8119804,0.0,0.9525085,0.9525085,0.0,0.9525085,0.0,0.9699208,0.9699208,0.0,0.9699208,0.0,1.0,1.0,0.0,1.0,0.0,1.086238,-
1,substitute_pois,2|3|4,"insert_new_city,convert_travel_day_to_stay,rebalance_label_gap","Geneva, Switzerland","Lucerne, Switzerland",15,summer,6,balanced,0.25,0.25,0.25,0.25,73.9177713,83.3757277,9.4579564,86.5310462,-3.1553185,0.4810127,0.7105263,0.2295137,0.8461538,-0.1356275,0.9888889,1.0,0.0111111,0.9777778,0.0222222,0.7777778,0.8888889,0.1111111,0.7777778,0.1111111,0.7210705,0.7038203,-0.0172502,0.7210705,-0.0172502,1.0,1.0,0.0,1.0,0.0,0.9699208,0.9233337,-0.0465871,0.9699208,-0.0465871,0.9833333,1.0,0.0166667,0.9833333,0.0166667,2.227404,-
1,substitute_pois,2|3|4,"insert_new_city,convert_travel_day_to_stay,rebalance_label_gap","Geneva, Switzerland","Lucerne, Switzerland",15,summer,6,nature_food,0.4,0.2,0.3,0.3,72.5491234,90.6534161,18.1042927,90.6534161,0.0,0.4264706,0.9456522,0.5191816,0.9456522,0.0,0.9333333,0.9444444,0.0111111,0.9444444,0.0,0.8888889,0.8888889,0.0,0.8888889,0.0,0.7098432,0.7098432,0.0,0.7098432,0.0,0.9792067,0.9792067,0.0,0.9792067,0.0,0.9699208,0.9398416,-0.0300792,0.9398416,0.0,1.0,0.9833333,-0.0166667,0.9833333,0.0,0.693965,-
1,substitute_pois,2|3|4,"insert_new_city,convert_travel_day_to_stay,rebalance_label_gap","Geneva, Switzerland","Lucerne, Switzerland",15,summer,6,culture_food,0.1,0.4,0.3,0.2,76.4684519,92.1815685,15.7131166,92.1815685,0.0,0.5256849,0.9841549,0.45847,0.9841549,0.0,0.9777778,0.9555556,-0.0222222,0.9555556,0.0,0.8888889,0.8888889,0.0,0.8888889,0.0,0.696907,0.696907,0.0,0.696907,0.0,1.0,1.0,0.0,1.0,0.0,0.9398416,0.9398416,0.0,0.9398416,0.0,0.9833333,0.9833333,0.0,0.9833333,0.0,1.685294,-
1,substitute_pois,2|3|4,"insert_new_city,convert_travel_day_to_stay,rebalance_label_gap","Geneva, Switzerland","Lucerne, Switzerland",15,summer,10,balanced,0.25,0.25,0.25,0.25,77.683535,90.9944992,13.3109643,90.9944992,0.0,0.641791,0.952381,0.3105899,0.952381,0.0,0.9666667,0.94,-0.0266667,0.94,0.0,0.6666667,0.8888889,0.2222222,0.8888889,0.0,0.7258343,0.7074109,-0.0184234,0.7074109,0.0,1.0,1.0,0.0,1.0,0.0,1.0,0.9233337,-0.0766663,0.9233337,0.0,0.9666667,1.0,0.0333333,1.0,0.0,4.223759,-
1,substitute_pois,2|3|4,"insert_new_city,convert_travel_day_to_stay,rebalance_label_gap","Geneva, Switzerland","Lucerne, Switzerland",15,summer,10,nature_food,0.4,0.2,0.3,0.3,80.2042398,87.5768635,7.3726237,89.3805118,-1.8036484,0.6809701,0.9846154,0.3036452,0.9488636,0.0357517,0.9666667,0.9533333,-0.0133333,0.9533333,0.0,0.7777778,0.6666667,-0.1111111,0.7777778,-0.1111111,0.6802412,0.6156053,-0.0646359,0.6802412,-0.0646359,1.0,0.9981642,-0.0018358,1.0,-0.0018358,1.0,0.9699208,-0.0300792,1.0,-0.0300792,1.0,0.95,-0.05,1.0,-0.05,3.416554,-
1,substitute_pois,2|3|4,"insert_new_city,convert_travel_day_to_stay,rebalance_label_gap","Geneva, Switzerland","Lucerne, Switzerland",15,summer,10,culture_food,0.1,0.4,0.3,0.2,77.4311399,92.3921964,14.9610565,92.3921964,0.0,0.5936693,0.9898219,0.3961526,0.9898219,0.0,0.9533333,0.9733333,0.02,0.9733333,0.0,0.7777778,0.8888889,0.1111111,0.8888889,0.0,0.7141368,0.6969942,-0.0171425,0.6969942,0.0,0.9973998,0.9977245,0.0003247,0.9977245,0.0,1.0,0.8932545,-0.1067455,0.8932545,0.0,1.0,0.9833333,-0.0166667,0.9833333,0.0,4.37989,-
1,substitute_pois,2|3|4,"insert_new_city,convert_travel_day_to_stay,rebalance_label_gap","Interlaken, Switzerland","St. Moritz, Switzerland",15,winter,6,balanced,0.25,0.25,0.25,0.25,79.7993472,90.7399182,10.9405711,90.7399182,0.0,0.7462687,0.9714286,0.2251599,0.9714286,0.0,0.9222222,0.9666667,0.0444444,0.9666667,0.0,0.7777778,0.8888889,0.1111111,0.8888889,0.0,0.7192239,0.7144869,-0.004737,0.7144869,0.0,0.7391585,0.8572613,0.1181028,0.8572613,0.0,1.0,0.9233337,-0.0766663,0.9233337,0.0,1.0,1.0,0.0,1.0,0.0,0.591895,-
1,substitute_pois,2|3|4,"insert_new_city,convert_travel_day_to_stay,rebalance_label_gap","Interlaken, Switzerland","St. Moritz, Switzerland",15,winter,6,nature_food,0.4,0.2,0.3,0.3,71.7682226,71.7682226,0.0,73.5460004,-1.7777778,0.6944444,0.6944444,0.0,0.75,-0.0555556,0.9888889,0.9888889,0.0,0.9777778,0.0111111,0.7777778,0.7777778,0.0,0.7777778,0.0,0.7335551,0.7335551,0.0,0.7335551,0.0,0.019307,0.019307,0.0,0.019307,0.0,0.9699208,0.9699208,0.0,0.9699208,0.0,0.9833333,0.9833333,0.0,0.9833333,0.0,0.136864,-
1,substitute_pois,2|3|4,"insert_new_city,convert_travel_day_to_stay,rebalance_label_gap","Interlaken, Switzerland","St. Moritz, Switzerland",15,winter,6,culture_food,0.1,0.4,0.3,0.2,73.01394,82.6082382,9.5942982,82.6082382,0.0,0.6025219,0.8766447,0.2741228,0.8766447,0.0,0.9888889,0.9888889,0.0,0.9888889,0.0,0.6666667,0.6666667,0.0,0.6666667,0.0,0.7460483,0.7460483,0.0,0.7460483,0.0,0.5984948,0.5984948,0.0,0.5984948,0.0,1.0,1.0,0.0,1.0,0.0,0.9833333,0.9833333,0.0,0.9833333,0.0,0.501564,-
1,substitute_pois,2|3|4,"insert_new_city,convert_travel_day_to_stay,rebalance_label_gap","Interlaken, Switzerland","St. Moritz, Switzerland",15,winter,10,balanced,0.25,0.25,0.25,0.25,78.2312523,90.5873671,12.3561148,91.1176701,-0.530303,0.6616541,0.969697,0.3080428,0.9848485,-0.0151515,0.9733333,0.98,0.0066667,0.98,0.0,0.7777778,0.8888889,0.1111111,0.8888889,0.0,0.6947087,0.6958109,0.0011022,0.6958109,0.0,0.838606,0.8560807,0.0174747,0.8560807,0.0,1.0,0.9233337,-0.0766663,0.9233337,0.0,1.0,1.0,0.0,1.0,0.0,0.951921,-
1,substitute_pois,2|3|4,"insert_new_city,convert_travel_day_to_stay,rebalance_label_gap","Interlaken, Switzerland","St. Moritz, Switzerland",15,winter,10,nature_food,0.4,0.2,0.3,0.3,79.3156672,82.4239312,3.108264,86.1752885,-3.7513572,0.6889313,0.9243697,0.2354385,0.8731343,0.0512354,0.9733333,0.9066667,-0.0666667,0.98,-0.0733333,0.7777778,0.8888889,0.1111111,0.7777778,0.1111111,0.7510844,0.7090306,-0.0420538,0.701773,0.0072576,0.7820535,0.2968862,-0.4851672,0.8872721,-0.5903859,0.9699208,0.9233337,-0.0465871,0.9699208,-0.0465871,1.0,0.9833333,-0.0166667,1.0,-0.0166667,1.114163,-
1,substitute_pois,2|3|4,"insert_new_city,convert_travel_day_to_stay,rebalance_label_gap","Interlaken, Switzerland","St. Moritz, Switzerland",15,winter,10,culture_food,0.1,0.4,0.3,0.2,72.322333,80.1208087,7.7984757,82.3558794,-2.2350708,0.5722446,0.8355457,0.2633011,0.8789174,-0.0433717,0.9133333,0.84,-0.0733333,0.8666667,-0.0266667,0.7777778,0.7777778,0.0,0.7777778,0.0,0.7202551,0.7202551,0.0,0.7202551,0.0,0.6440341,0.6440341,0.0,0.6440341,0.0,0.9699208,0.9398416,-0.0300792,0.9699208,-0.0300792,0.9666667,0.9333333,-0.0333333,0.9666667,-0.0333333,0.832227,-
1,substitute_pois,2|3|4,"insert_new_city,convert_travel_day_to_stay,rebalance_label_gap","Zurich, Switzerland","Zurich, Switzerland",15,winter,6,balanced,0.25,0.25,0.25,0.25,80.1989844,80.1989844,0.0,80.1989844,0.0,0.7714286,0.7714286,0.0,0.7714286,0.0,0.9444444,0.9444444,0.0,0.9444444,0.0,0.7777778,0.7777778,0.0,0.7777778,0.0,0.6701956,0.6701956,0.0,0.6701956,0.0,0.7463113,0.7463113,0.0,0.7463113,0.0,0.9699208,0.9699208,0.0,0.9699208,0.0,1.0,1.0,0.0,1.0,0.0,0.403031,-
1,substitute_pois,2|3|4,"insert_new_city,convert_travel_day_to_stay,rebalance_label_gap","Zurich, Switzerland","Zurich, Switzerland",15,winter,6,nature_food,0.4,0.2,0.3,0.3,73.0217489,73.0217489,0.0,73.0217489,0.0,0.5684932,0.5684932,0.0,0.5684932,0.0,0.9666667,0.9666667,0.0,0.9666667,0.0,0.6666667,0.6666667,0.0,0.6666667,0.0,0.5822549,0.5822549,0.0,0.5822549,0.0,0.9973998,0.9973998,0.0,0.9973998,0.0,1.0,1.0,0.0,1.0,0.0,0.9833333,0.9833333,0.0,0.9833333,0.0,0.311147,-
1,substitute_pois,2|3|4,"insert_new_city,convert_travel_day_to_stay,rebalance_label_gap","Zurich, Switzerland","Zurich, Switzerland",15,winter,6,culture_food,0.1,0.4,0.3,0.2,71.8979666,71.8979666,0.0,71.8979666,0.0,0.4746377,0.4746377,0.0,0.4746377,0.0,0.9666667,0.9666667,0.0,0.9666667,0.0,0.7777778,0.7777778,0.0,0.7777778,0.0,0.8526094,0.8526094,0.0,0.8526094,0.0,0.6480236,0.6480236,0.0,0.6480236,0.0,0.9699208,0.9699208,0.0,0.9699208,0.0,1.0,1.0,0.0,1.0,0.0,0.251857,-
1,substitute_pois,2|3|4,"insert_new_city,convert_travel_day_to_stay,rebalance_label_gap","Zurich, Switzerland","Zurich, Switzerland",15,winter,10,balanced,0.25,0.25,0.25,0.25,70.0448918,70.0448918,0.0,70.0448918,0.0,0.4806202,0.4806202,0.0,0.4806202,0.0,0.96,0.96,0.0,0.96,0.0,0.7777778,0.7777778,0.0,0.7777778,0.0,0.6562535,0.6562535,0.0,0.6562535,0.0,0.7463113,0.7463113,0.0,0.7463113,0.0,0.9699208,0.9699208,0.0,0.9699208,0.0,1.0,1.0,0.0,1.0,0.0,0.493238,-
1,substitute_pois,2|3|4,"insert_new_city,convert_travel_day_to_stay,rebalance_label_gap","Zurich, Switzerland","Zurich, Switzerland",15,winter,10,nature_food,0.4,0.2,0.3,0.3,73.4747766,73.4747766,0.0,73.4747766,0.0,0.5708661,0.5708661,0.0,0.5708661,0.0,0.9666667,0.9666667,0.0,0.9666667,0.0,0.7777778,0.7777778,0.0,0.7777778,0.0,0.733197,0.733197,0.0,0.733197,0.0,0.6480236,0.6480236,0.0,0.6480236,0.0,0.9699208,0.9699208,0.0,0.9699208,0.0,1.0,1.0,0.0,1.0,0.0,0.422655,-
1,substitute_pois,2|3|4,"insert_new_city,convert_travel_day_to_stay,rebalance_label_gap","Zurich, Switzerland","Zurich, Switzerland",15,winter,10,culture_food,0.1,0.4,0.3,0.2,65.7640609,65.7640609,0.0,65.7640609,0.0,0.5086088,0.5086088,0.0,0.5086088,0.0,0.9133333,0.9133333,0.0,0.9133333,0.0,0.6666667,0.6666667,0.0,0.6666667,0.0,0.8407387,0.8407387,0.0,0.8407387,0.0,0.1735005,0.1735005,0.0,0.1735005,0.0,1.0,1.0,0.0,1.0,0.0,0.9833333,0.9833333,0.0,0.9833333,0.0,0.362401,-
1,substitute_pois,2|3|4,"insert_new_city,convert_travel_day_to_stay,rebalance_label_gap","Geneva, Switzerland","Lucerne, Switzerland",15,winter,6,balanced,0.25,0.25,0.25,0.25,76.4467923,88.6514711,12.2046788,88.7278326,-0.0763615,0.6764706,0.8857143,0.2092437,0.8857143,0.0,0.9111111,0.9444444,0.0333333,0.9444444,0.0,0.7777778,0.8888889,0.1111111,0.8888889,0.0,0.7202235,0.7023202,-0.0179034,0.7074109,-0.0050908,0.6633635,1.0,0.3366365,1.0,0.0,1.0,0.9233337,-0.0766663,0.9233337,0.0,1.0,1.0,0.0,1.0,0.0,0.362159,-
1,substitute_pois,2|3|4,"insert_new_city,convert_travel_day_to_stay,rebalance_label_gap","Geneva, Switzerland","Lucerne, Switzerland",15,winter,6,nature_food,0.4,0.2,0.3,0.3,78.5888252,82.5139228,3.9250977,84.2599545,-1.7460316,0.5633333,0.6452703,0.0819369,0.7042254,-0.0589551,1.0,1.0,0.0,0.9666667,0.0333333,0.8888889,1.0,0.1111111,1.0,0.0,0.7126148,0.6975461,-0.0150687,0.7097196,-0.0121736,1.0,1.0,0.0,1.0,0.0,0.9699208,0.8932545,-0.0766663,0.8932545,0.0,1.0,1.0,0.0,1.0,0.0,0.419213,-
1,substitute_pois,2|3|4,"insert_new_city,convert_travel_day_to_stay,rebalance_label_gap","Geneva, Switzerland","Lucerne, Switzerland",15,winter,6,culture_food,0.1,0.4,0.3,0.2,78.5424774,86.02603,7.4835526,86.02603,0.0,0.5997807,0.8135965,0.2138158,0.8135965,0.0,1.0,1.0,0.0,1.0,0.0,0.7777778,0.7777778,0.0,0.7777778,0.0,0.7311213,0.7311213,0.0,0.7311213,0.0,1.0,1.0,0.0,1.0,0.0,1.0,1.0,0.0,1.0,0.0,0.9833333,0.9833333,0.0,0.9833333,0.0,0.479902,-
1,substitute_pois,2|3|4,"insert_new_city,convert_travel_day_to_stay,rebalance_label_gap","Geneva, Switzerland","Lucerne, Switzerland",15,winter,10,balanced,0.25,0.25,0.25,0.25,73.5268424,87.3852313,13.8583889,88.9881738,-1.6029425,0.4274809,0.796875,0.3693941,0.8688525,-0.0719775,0.9533333,0.9533333,0.0,0.9133333,0.04,0.8888889,1.0,0.1111111,1.0,0.0,0.7388049,0.7097196,-0.0290852,0.7097196,0.0,1.0,1.0,0.0,1.0,0.0,0.9699208,0.9097623,-0.0601584,0.8631753,0.0465871,1.0,1.0,0.0,0.9833333,0.0166667,1.660407,-
1,substitute_pois,2|3|4,"insert_new_city,convert_travel_day_to_stay,rebalance_label_gap","Geneva, Switzerland","Lucerne, Switzerland",15,winter,10,nature_food,0.4,0.2,0.3,0.3,74.9606957,81.347934,6.3872383,82.1773624,-0.8294284,0.5,0.7177419,0.2177419,0.7261905,-0.0084485,0.9733333,0.9066667,-0.0666667,0.9266667,-0.02,0.7777778,0.7777778,0.0,0.7777778,0.0,0.7462686,0.7462686,0.0,0.7462686,0.0,1.0,1.0,0.0,1.0,0.0,1.0,0.9699208,-0.0300792,1.0,-0.0300792,1.0,0.9833333,-0.0166667,1.0,-0.0166667,0.776595,-
1,substitute_pois,2|3|4,"insert_new_city,convert_travel_day_to_stay,rebalance_label_gap","Geneva, Switzerland","Lucerne, Switzerland",15,winter,10,culture_food,0.1,0.4,0.3,0.2,68.8327286,82.1243131,13.2915844,87.9204008,-5.7960877,0.3371212,0.7254522,0.388331,0.9139118,-0.1884596,0.96,0.94,-0.02,0.8866667,0.0533333,0.7777778,0.7777778,0.0,0.7777778,0.0,0.7311213,0.7311213,0.0,0.7311213,0.0,1.0,1.0,0.0,1.0,0.0,1.0,1.0,0.0,1.0,0.0,1.0,1.0,0.0,1.0,0.0,1.399883,-
1,substitute_pois,2|3|4,"insert_new_city,convert_travel_day_to_stay,rebalance_label_gap","Interlaken, Switzerland","St. Moritz, Switzerland",21,summer,6,balanced,0.25,0.25,0.25,0.25,73.9632504,88.1892257,14.2259753,88.1892257,0.0,0.5346535,0.9623656,0.4277121,0.9623656,0.0,0.968254,0.9206349,-0.047619,0.9206349,0.0,0.7692308,0.8461538,0.0769231,0.8461538,0.0,0.6948162,0.6884548,-0.0063614,0.6884548,0.0,0.8825388,0.854539,-0.0279999,0.854539,0.0,1.0,0.8621916,-0.1378084,0.8621916,0.0,0.9880952,0.9642857,-0.0238095,0.9642857,0.0,1.785023,-
1,substitute_pois,2|3|4,"insert_new_city,convert_travel_day_to_stay,rebalance_label_gap","Interlaken, Switzerland","St. Moritz, Switzerland",21,summer,6,nature_food,0.4,0.2,0.3,0.3,74.6737479,86.8114788,12.1377309,86.8114788,0.0,0.5412621,0.8894231,0.3481609,0.8894231,0.0,0.9603175,0.968254,0.0079365,0.968254,0.0,0.7692308,0.7692308,0.0,0.7692308,0.0,0.7336729,0.7336729,0.0,0.7336729,0.0,0.884078,0.884078,0.0,0.884078,0.0,1.0,0.9785148,-0.0214852,0.9785148,0.0,0.9880952,0.9761905,-0.0119048,0.9761905,0.0,1.75552,-
1,substitute_pois,2|3|4,"insert_new_city,convert_travel_day_to_stay,rebalance_label_gap","Interlaken, Switzerland","St. Moritz, Switzerland",21,summer,6,culture_food,0.1,0.4,0.3,0.2,75.5674206,86.7760402,11.2086196,86.7760402,0.0,0.6381803,0.9494337,0.3112534,0.9494337,0.0,0.9444444,0.968254,0.0238095,0.968254,0.0,0.7692308,0.7692308,0.0,0.7692308,0.0,0.7258043,0.726656,0.0008517,0.726656,0.0,0.6805867,0.6810225,0.0004357,0.6810225,0.0,0.9785148,0.9785148,0.0,0.9785148,0.0,0.9880952,0.9761905,-0.0119048,0.9761905,0.0,2.733357,-
1,substitute_pois,2|3|4,"insert_new_city,convert_travel_day_to_stay,rebalance_label_gap","Interlaken, Switzerland","St. Moritz, Switzerland",21,summer,10,balanced,0.25,0.25,0.25,0.25,82.2504411,90.6200064,8.3695652,90.6200064,0.0,0.75,0.9891304,0.2391304,0.9891304,0.0,0.9666667,0.9666667,0.0,0.9666667,0.0,0.7692308,0.7692308,0.0,0.7692308,0.0,0.7453816,0.7453816,0.0,0.7453816,0.0,0.884078,0.884078,0.0,0.884078,0.0,1.0,1.0,0.0,1.0,0.0,0.9880952,0.9880952,0.0,0.9880952,0.0,4.382341,-
1,substitute_pois,2|3|4,"insert_new_city,convert_travel_day_to_stay,rebalance_label_gap","Interlaken, Switzerland","St. Moritz, Switzerland",21,summer,10,nature_food,0.4,0.2,0.3,0.3,80.1920219,90.803724,10.6117021,90.803724,0.0,0.6848404,0.9880319,0.3031915,0.9880319,0.0,0.9904762,0.9904762,0.0,0.9904762,0.0,0.7692308,0.7692308,0.0,0.7692308,0.0,0.7201981,0.7201981,0.0,0.7201981,0.0,0.919098,0.919098,0.0,0.919098,0.0,0.9785148,0.9785148,0.0,0.9785148,0.0,0.9880952,0.9880952,0.0,0.9880952,0.0,4.861423,-
1,substitute_pois,2|3|4,"insert_new_city,convert_travel_day_to_stay,rebalance_label_gap","Interlaken, Switzerland","St. Moritz, Switzerland",21,summer,10,culture_food,0.1,0.4,0.3,0.2,70.4771907,82.2101173,11.7329265,82.3770669,-0.1669496,0.631262,0.9654762,0.3342141,0.9654762,0.0,0.9190476,0.9285714,0.0095238,0.9285714,0.0,0.6923077,0.6923077,0.0,0.6923077,0.0,0.6809979,0.6809979,0.0,0.6809979,0.0,0.4176293,0.4176293,0.0,0.4176293,0.0,1.0,0.9785148,-0.0214852,1.0,-0.0214852,0.9642857,0.9642857,0.0,0.9761905,-0.0119048,5.169634,-
1,substitute_pois,2|3|4,"insert_new_city,convert_travel_day_to_stay,rebalance_label_gap","Zurich, Switzerland","Zurich, Switzerland",21,summer,6,balanced,0.25,0.25,0.25,0.25,68.9047963,68.9047963,0.0,68.9047963,0.0,0.5471698,0.5471698,0.0,0.5471698,0.0,0.984127,0.984127,0.0,0.984127,0.0,0.6923077,0.6923077,0.0,0.6923077,0.0,0.6935984,0.6935984,0.0,0.6935984,0.0,0.426288,0.426288,0.0,0.426288,0.0,1.0,1.0,0.0,1.0,0.0,0.9880952,0.9880952,0.0,0.9880952,0.0,0.412932,-
1,substitute_pois,2|3|4,"insert_new_city,convert_travel_day_to_stay,rebalance_label_gap","Zurich, Switzerland","Zurich, Switzerland",21,summer,6,nature_food,0.4,0.2,0.3,0.3,66.3267749,66.3267749,0.0,66.3267749,0.0,0.4725,0.4725,0.0,0.4725,0.0,0.968254,0.968254,0.0,0.968254,0.0,0.7692308,0.7692308,0.0,0.7692308,0.0,0.7036061,0.7036061,0.0,0.7036061,0.0,0.3280338,0.3280338,0.0,0.3280338,0.0,0.9785148,0.9785148,0.0,0.9785148,0.0,1.0,1.0,0.0,1.0,0.0,0.392635,-
1,substitute_pois,2|3|4,"insert_new_city,convert_travel_day_to_stay,rebalance_label_gap","Zurich, Switzerland","Zurich, Switzerland",21,summer,6,culture_food,0.1,0.4,0.3,0.2,70.1684749,70.1684749,0.0,70.1684749,0.0,0.6597896,0.6597896,0.0,0.6597896,0.0,0.9603175,0.9603175,0.0,0.9603175,0.0,0.6153846,0.6153846,0.0,0.6153846,0.0,0.737008,0.737008,0.0,0.737008,0.0,0.2563758,0.2563758,0.0,0.2563758,0.0,1.0,1.0,0.0,1.0,0.0,0.9642857,0.9642857,0.0,0.9642857,0.0,0.478606,-
1,substitute_pois,2|3|4,"insert_new_city,convert_travel_day_to_stay,rebalance_label_gap","Zurich, Switzerland","Zurich, Switzerland",21,summer,10,balanced,0.25,0.25,0.25,0.25,80.3137913,80.3137913,0.0,80.3137913,0.0,0.6813187,0.6813187,0.0,0.6813187,0.0,0.9571429,0.9571429,0.0,0.9571429,0.0,0.6923077,0.6923077,0.0,0.6923077,0.0,0.7868542,0.7868542,0.0,0.7868542,0.0,0.998259,0.998259,0.0,0.998259,0.0,1.0,1.0,0.0,1.0,0.0,0.9880952,0.9880952,0.0,0.9880952,0.0,1.051844,-
1,substitute_pois,2|3|4,"insert_new_city,convert_travel_day_to_stay,rebalance_label_gap","Zurich, Switzerland","Zurich, Switzerland",21,summer,10,nature_food,0.4,0.2,0.3,0.3,72.0138338,72.0138338,0.0,72.0138338,0.0,0.6703297,0.6703297,0.0,0.6703297,0.0,0.9666667,0.9666667,0.0,0.9666667,0.0,0.6923077,0.6923077,0.0,0.6923077,0.0,0.7306542,0.7306542,0.0,0.7306542,0.0,0.293434,0.293434,0.0,0.293434,0.0,0.9785148,0.9785148,0.0,0.9785148,0.0,0.9761905,0.9761905,0.0,0.9761905,0.0,0.997626,-
1,substitute_pois,2|3|4,"insert_new_city,convert_travel_day_to_stay,rebalance_label_gap","Zurich, Switzerland","Zurich, Switzerland",21,summer,10,culture_food,0.1,0.4,0.3,0.2,67.7944765,67.7944765,0.0,67.7944765,0.0,0.547619,0.547619,0.0,0.547619,0.0,0.9428571,0.9428571,0.0,0.9428571,0.0,0.6923077,0.6923077,0.0,0.6923077,0.0,0.7868542,0.7868542,0.0,0.7868542,0.0,0.2357048,0.2357048,0.0,0.2357048,0.0,1.0,1.0,0.0,1.0,0.0,0.9880952,0.9880952,0.0,0.9880952,0.0,1.041512,-
1,substitute_pois,2|3|4,"insert_new_city,convert_travel_day_to_stay,rebalance_label_gap","Geneva, Switzerland","Lucerne, Switzerland",21,summer,6,balanced,0.25,0.25,0.25,0.25,76.7292864,82.0123053,5.2830189,86.9573499,-4.9450446,0.5849057,0.7358491,0.1509434,0.8785047,-0.1426556,0.9761905,0.9761905,0.0,0.984127,-0.0079365,0.7692308,0.7692308,0.0,0.7692308,0.0,0.6828813,0.6828813,0.0,0.6828813,0.0,1.0,1.0,0.0,1.0,0.0,0.9785148,0.9785148,0.0,0.9570297,0.0214852,0.9880952,0.9880952,0.0,0.9761905,0.0119048,1.559923,-
1,substitute_pois,2|3|4,"insert_new_city,convert_travel_day_to_stay,rebalance_label_gap","Geneva, Switzerland","Lucerne, Switzerland",21,summer,6,nature_food,0.4,0.2,0.3,0.3,68.8643551,77.5590472,8.6946921,80.2091416,-2.6500943,0.3932039,0.8453608,0.4521569,0.9244792,-0.0791183,0.952381,0.952381,0.0,0.9444444,0.0079365,0.6923077,0.7692308,0.0769231,0.7692308,0.0,0.7157321,0.6585668,-0.0571653,0.6585668,0.0,0.9814956,0.2828545,-0.698641,0.2828545,0.0,1.0,0.9237532,-0.0762468,0.9237532,0.0,0.9761905,0.9642857,-0.0119048,0.9642857,0.0,1.97399,-
1,substitute_pois,2|3|4,"insert_new_city,convert_travel_day_to_stay,rebalance_label_gap","Geneva, Switzerland","Lucerne, Switzerland",21,summer,6,culture_food,0.1,0.4,0.3,0.2,78.1789143,89.5678032,11.3888889,89.5678032,0.0,0.6170635,0.9424603,0.3253968,0.9424603,0.0,0.984127,0.984127,0.0,0.984127,0.0,0.7692308,0.7692308,0.0,0.7692308,0.0,0.7005199,0.7005199,0.0,0.7005199,0.0,1.0,1.0,0.0,1.0,0.0,0.9785148,0.9785148,0.0,0.9785148,0.0,0.9761905,0.9761905,0.0,0.9761905,0.0,2.890008,-
1,substitute_pois,2|3|4,"insert_new_city,convert_travel_day_to_stay,rebalance_label_gap","Geneva, Switzerland","Lucerne, Switzerland",21,summer,10,balanced,0.25,0.25,0.25,0.25,74.786472,86.7956841,12.0092121,87.1940507,-0.3983666,0.5355191,0.9189189,0.3833998,0.8701657,0.0487532,0.9619048,0.9571429,-0.0047619,0.9666667,-0.0095238,0.7692308,0.6923077,-0.0769231,0.8461538,-0.1538462,0.6828813,0.6975461,0.0146648,0.6832156,0.0143305,1.0,1.0,0.0,0.9996728,0.0003272,0.9785148,0.9452384,-0.0332765,0.8840055,0.0612328,0.9880952,0.9404762,-0.047619,0.9761905,-0.0357143,5.997104,-
1,substitute_pois,2|3|4,"insert_new_city,convert_travel_day_to_stay,rebalance_label_gap","Geneva, Switzerland","Lucerne, Switzerland",21,summer,10,nature_food,0.4,0.2,0.3,0.3,76.4988297,88.4104492,11.9116195,88.6470527,-0.2366036,0.5939227,0.9905405,0.3966179,0.9430556,0.047485,0.952381,0.9714286,0.0190476,0.947619,0.0238095,0.7692308,0.7692308,0.0,0.7692308,0.0,0.6742556,0.6752529,0.0009972,0.6742556,0.0009972,1.0,0.7502847,-0.2497153,1.0,-0.2497153,0.9785148,1.0,0.0214852,0.9785148,0.0214852,0.9761905,1.0,0.0238095,0.9761905,0.0238095,5.253655,-
1,substitute_pois,2|3|4,"insert_new_city,convert_travel_day_to_stay,rebalance_label_gap","Geneva, Switzerland","Lucerne, Switzerland",21,summer,10,culture_food,0.1,0.4,0.3,0.2,71.8950987,87.4763796,15.5812809,87.4763796,0.0,0.5648148,0.9796196,0.4148048,0.9796196,0.0,0.9428571,0.9666667,0.0238095,0.9666667,0.0,0.6923077,0.7692308,0.0769231,0.7692308,0.0,0.7049855,0.6921866,-0.0127989,0.6921866,0.0,0.7143373,0.7387764,0.0244391,0.7387764,0.0,1.0,0.9237532,-0.0762468,0.9237532,0.0,0.9761905,0.952381,-0.0238095,0.952381,0.0,6.463022,-
1,substitute_pois,2|3|4,"insert_new_city,convert_travel_day_to_stay,rebalance_label_gap","Interlaken, Switzerland","St. Moritz, Switzerland",21,winter,6,balanced,0.25,0.25,0.25,0.25,73.3340951,85.8887117,12.5546165,85.8887117,0.0,0.6373626,0.9662921,0.3289295,0.9662921,0.0,0.8730159,0.8650794,-0.0079365,0.8650794,0.0,0.6923077,0.7692308,0.0769231,0.7692308,0.0,0.7082158,0.710472,0.0022562,0.710472,0.0,0.7101884,0.7349135,0.0247251,0.7349135,0.0,1.0,0.9452384,-0.0547616,0.9452384,0.0,0.9642857,0.9642857,0.0,0.9642857,0.0,0.860429,-
1,substitute_pois,2|3|4,"insert_new_city,convert_travel_day_to_stay,rebalance_label_gap","Interlaken, Switzerland","St. Moritz, Switzerland",21,winter,6,nature_food,0.4,0.2,0.3,0.3,74.778905,81.6998729,6.9209679,81.6998729,0.0,0.6704545,0.8372093,0.1667548,0.8372093,0.0,0.8333333,0.8333333,0.0,0.8333333,0.0,0.6153846,0.6923077,0.0769231,0.6923077,0.0,0.7242309,0.7305111,0.0062801,0.7305111,0.0,0.8956858,0.9067169,0.0110311,0.9067169,0.0,1.0,0.9452384,-0.0547616,0.9452384,0.0,0.952381,0.952381,0.0,0.952381,0.0,0.453987,-
1,substitute_pois,2|3|4,"insert_new_city,convert_travel_day_to_stay,rebalance_label_gap","Interlaken, Switzerland","St. Moritz, Switzerland",21,winter,6,culture_food,0.1,0.4,0.3,0.2,73.8005965,84.6817047,10.8811081,84.1983969,0.4833078,0.6258091,0.8281787,0.2023696,0.829344,-0.0011653,0.9761905,0.952381,-0.0238095,0.9285714,0.0238095,0.6923077,0.9230769,0.2307692,0.9230769,0.0,0.7105673,0.7122863,0.001719,0.7122863,0.0,0.6437771,0.7260522,0.0822752,0.7260522,0.0,0.9785148,0.9237532,-0.0547616,0.9022681,0.0214852,0.9761905,1.0,0.0238095,0.9880952,0.0119048,1.835673,-
1,substitute_pois,2|3|4,"insert_new_city,convert_travel_day_to_stay,rebalance_label_gap","Interlaken, Switzerland","St. Moritz, Switzerland",21,winter,10,balanced,0.25,0.25,0.25,0.25,69.130474,79.5660411,10.4355671,79.5660411,0.0,0.4886364,0.7976879,0.3090515,0.7976879,0.0,0.9333333,0.9190476,-0.0142857,0.9190476,0.0,0.8461538,0.8461538,0.0,0.8461538,0.0,0.6914736,0.6914736,0.0,0.6914736,0.0,0.5071216,0.5071216,0.0,0.5071216,0.0,0.9785148,0.9570297,-0.0214852,0.9570297,0.0,1.0,0.9880952,-0.0119048,0.9880952,0.0,1.196715,-
1,substitute_pois,2|3|4,"insert_new_city,convert_travel_day_to_stay,rebalance_label_gap","Interlaken, Switzerland","St. Moritz, Switzerland",21,winter,10,nature_food,0.4,0.2,0.3,0.3,78.3815549,87.7448566,9.3633017,87.9118062,-0.1669496,0.6524725,0.941092,0.2886194,0.941092,0.0,0.9666667,0.9285714,-0.0380952,0.9285714,0.0,0.7692308,0.7692308,0.0,0.7692308,0.0,0.7150199,0.7150199,0.0,0.7150199,0.0,0.884078,0.884078,0.0,0.884078,0.0,1.0,0.9785148,-0.0214852,1.0,-0.0214852,0.9880952,0.9761905,-0.0119048,0.9880952,-0.0119048,0.798912,-
1,substitute_pois,2|3|4,"insert_new_city,convert_travel_day_to_stay,rebalance_label_gap","Interlaken, Switzerland","St. Moritz, Switzerland",21,winter,10,culture_food,0.1,0.4,0.3,0.2,70.5369496,82.7451121,12.2081625,84.2505714,-1.5054593,0.4976592,0.8326108,0.3349516,0.8776647,-0.0450539,0.9333333,0.9,-0.0333333,0.8952381,0.0047619,0.7692308,0.6923077,-0.0769231,0.6923077,0.0,0.7331111,0.7451411,0.01203,0.7451411,0.0,0.6810225,0.8720574,0.191035,0.8720574,0.0,0.9785148,1.0,0.0214852,1.0,0.0,0.9761905,0.9642857,-0.0119048,0.9642857,0.0,2.796383,-
1,substitute_pois,2|3|4,"insert_new_city,convert_travel_day_to_stay,rebalance_label_gap","Zurich, Switzerland","Zurich, Switzerland",21,winter,6,balanced,0.25,0.25,0.25,0.25,76.6274564,76.6274564,0.0,76.6274564,0.0,0.7079208,0.7079208,0.0,0.7079208,0.0,0.952381,0.952381,0.0,0.952381,0.0,0.6923077,0.6923077,0.0,0.6923077,0.0,0.677601,0.677601,0.0,0.677601,0.0,0.7075408,0.7075408,0.0,0.7075408,0.0,1.0,1.0,0.0,1.0,0.0,0.9880952,0.9880952,0.0,0.9880952,0.0,0.310732,-
1,substitute_pois,2|3|4,"insert_new_city,convert_travel_day_to_stay,rebalance_label_gap","Zurich, Switzerland","Zurich, Switzerland",21,winter,6,nature_food,0.4,0.2,0.3,0.3,64.0843744,64.0843744,0.0,64.0843744,0.0,0.5331633,0.5331633,0.0,0.5331633,0.0,0.9603175,0.9603175,0.0,0.9603175,0.0,0.6923077,0.6923077,0.0,0.6923077,0.0,0.6632297,0.6632297,0.0,0.6632297,0.0,0.074536,0.074536,0.0,0.074536,0.0,1.0,1.0,0.0,1.0,0.0,0.9880952,0.9880952,0.0,0.9880952,0.0,0.321414,-
1,substitute_pois,2|3|4,"insert_new_city,convert_travel_day_to_stay,rebalance_label_gap","Zurich, Switzerland","Zurich, Switzerland",21,winter,6,culture_food,0.1,0.4,0.3,0.2,76.5031622,76.5031622,0.0,76.5031622,0.0,0.54375,0.54375,0.0,0.54375,0.0,0.9761905,0.9761905,0.0,0.9761905,0.0,0.7692308,0.7692308,0.0,0.7692308,0.0,0.7605358,0.7605358,0.0,0.7605358,0.0,0.9989982,0.9989982,0.0,0.9989982,0.0,0.9785148,0.9785148,0.0,0.9785148,0.0,1.0,1.0,0.0,1.0,0.0,0.274663,-
1,substitute_pois,2|3|4,"insert_new_city,convert_travel_day_to_stay,rebalance_label_gap","Zurich, Switzerland","Zurich, Switzerland",21,winter,10,balanced,0.25,0.25,0.25,0.25,69.9835491,69.9835491,0.0,69.9835491,0.0,0.5444444,0.5444444,0.0,0.5444444,0.0,0.9571429,0.9571429,0.0,0.9571429,0.0,0.7692308,0.7692308,0.0,0.7692308,0.0,0.7022242,0.7022242,0.0,0.7022242,0.0,0.4606451,0.4606451,0.0,0.4606451,0.0,0.9785148,0.9785148,0.0,0.9785148,0.0,1.0,1.0,0.0,1.0,0.0,0.478426,-
1,substitute_pois,2|3|4,"insert_new_city,convert_travel_day_to_stay,rebalance_label_gap","Zurich, Switzerland","Zurich, Switzerland",21,winter,10,nature_food,0.4,0.2,0.3,0.3,81.0445848,81.0445848,0.0,81.0445848,0.0,0.7156593,0.7156593,0.0,0.7156593,0.0,0.9666667,0.9666667,0.0,0.9666667,0.0,0.6923077,0.6923077,0.0,0.6923077,0.0,0.7454957,0.7454957,0.0,0.7454957,0.0,0.9988981,0.9988981,0.0,0.9988981,0.0,1.0,1.0,0.0,1.0,0.0,0.9880952,0.9880952,0.0,0.9880952,0.0,0.545533,-
1,substitute_pois,2|3|4,"insert_new_city,convert_travel_day_to_stay,rebalance_label_gap","Zurich, Switzerland","Zurich, Switzerland",21,winter,10,culture_food,0.1,0.4,0.3,0.2,68.330315,68.330315,0.0,68.330315,0.0,0.4491525,0.4491525,0.0,0.4491525,0.0,0.9380952,0.9380952,0.0,0.9380952,0.0,0.6923077,0.6923077,0.0,0.6923077,0.0,0.7848749,0.7848749,0.0,0.7848749,0.0,0.6440332,0.6440332,0.0,0.6440332,0.0,1.0,1.0,0.0,1.0,0.0,0.9880952,0.9880952,0.0,0.9880952,0.0,0.549822,-
1,substitute_pois,2|3|4,"insert_new_city,convert_travel_day_to_stay,rebalance_label_gap","Geneva, Switzerland","Lucerne, Switzerland",21,winter,6,balanced,0.25,0.25,0.25,0.25,73.7189897,85.3823432,11.6633535,86.0753064,-0.6929632,0.4951456,0.8118812,0.3167356,0.86,-0.0481188,0.9603175,0.952381,-0.0079365,0.9444444,0.0079365,0.7692308,0.8461538,0.0769231,0.7692308,0.0769231,0.7114762,0.6992507,-0.0122254,0.7108689,-0.0116182,1.0,1.0,0.0,1.0,0.0,0.9785148,0.9237532,-0.0547616,0.9452384,-0.0214852,0.9761905,0.9761905,0.0,0.9761905,0.0,1.118112,-
1,substitute_pois,2|3|4,"insert_new_city,convert_travel_day_to_stay,rebalance_label_gap","Geneva, Switzerland","Lucerne, Switzerland",21,winter,6,nature_food,0.4,0.2,0.3,0.3,68.8399083,69.6136734,0.773765,74.2086664,-4.594993,0.5384615,0.5294118,-0.0090498,0.6675,-0.1380882,0.9920635,0.984127,-0.0079365,0.968254,0.015873,0.7692308,0.8461538,0.0769231,0.8461538,0.0,0.7005199,0.6992507,-0.0012692,0.6992507,0.0,0.3126065,0.347462,0.0348555,0.347462,0.0,1.0,0.9452384,-0.0547616,0.9452384,0.0,0.9880952,0.9880952,0.0,0.9880952,0.0,0.580211,-
1,substitute_pois,2|3|4,"insert_new_city,convert_travel_day_to_stay,rebalance_label_gap","Geneva, Switzerland","Lucerne, Switzerland",21,winter,6,culture_food,0.1,0.4,0.3,0.2,72.7782237,82.6508605,9.8726368,81.7670221,0.8838384,0.7083333,0.9600168,0.2516835,0.9347643,0.0252525,0.9444444,0.9365079,-0.0079365,0.9365079,0.0,0.6153846,0.6923077,0.0769231,0.6923077,0.0,0.7647311,0.7560453,-0.0086858,0.7560453,0.0,0.3415773,0.3848784,0.0433011,0.3848784,0.0,1.0,0.9452384,-0.0547616,0.9452384,0.0,0.9404762,0.9404762,0.0,0.9404762,0.0,1.181911,-
1,substitute_pois,2|3|4,"insert_new_city,convert_travel_day_to_stay,rebalance_label_gap","Geneva, Switzerland","Lucerne, Switzerland",21,winter,10,balanced,0.25,0.25,0.25,0.25,69.2168042,82.5828402,13.366036,81.0383001,1.5445402,0.4555556,0.8554913,0.3999358,0.799435,0.0560563,0.9428571,0.9285714,-0.0142857,0.9285714,0.0,0.7692308,0.8461538,0.0769231,0.7692308,0.0769231,0.6794159,0.6837676,0.0043517,0.6794159,0.0043517,0.7459326,0.6096582,-0.1362744,0.7459326,-0.1362744,1.0,0.9452384,-0.0547616,1.0,-0.0547616,0.9880952,0.9880952,0.0,0.9880952,0.0,1.936488,-
1,substitute_pois,2|3|4,"insert_new_city,convert_travel_day_to_stay,rebalance_label_gap","Geneva, Switzerland","Lucerne, Switzerland",21,winter,10,nature_food,0.4,0.2,0.3,0.3,75.3838318,80.4656675,5.0818357,83.9454391,-3.4797717,0.5095628,0.6588398,0.1492769,0.7684659,-0.1096261,0.9714286,0.9619048,-0.0095238,0.9380952,0.0238095,0.8461538,0.8461538,0.0,0.8461538,0.0,0.6928548,0.6928548,0.0,0.6928548,0.0,1.0,1.0,0.0,1.0,0.0,0.9785148,0.9785148,0.0,0.9785148,0.0,1.0,1.0,0.0,1.0,0.0,1.13114,-
1,substitute_pois,2|3|4,"insert_new_city,convert_travel_day_to_stay,rebalance_label_gap","Geneva, Switzerland","Lucerne, Switzerland",21,winter,10,culture_food,0.1,0.4,0.3,0.2,69.403406,78.4202298,9.0168238,83.0174266,-4.5971967,0.4842896,0.7044837,0.2201941,0.8875473,-0.1830637,0.9666667,0.9761905,0.0095238,0.9333333,0.0428571,0.7692308,0.8461538,0.0769231,0.7692308,0.0769231,0.6684597,0.6701051,0.0016454,0.6684597,0.0016454,0.6447436,0.6709892,0.0262455,0.6447436,0.0262455,1.0,0.9452384,-0.0547616,1.0,-0.0547616,0.9880952,0.9880952,0.0,0.9880952,0.0,2.159874,-
2,insert_new_city,1|3|4,"substitute_pois,convert_travel_day_to_stay,rebalance_label_gap","Interlaken, Switzerland","St. Moritz, Switzerland",4,summer,6,balanced,0.25,0.25,0.25,0.25,59.8558425,82.6993707,22.8435281,82.6993707,0.0,0.3571429,1.0,0.6428571,1.0,0.0,0.9583333,0.9166667,-0.0416667,0.9166667,0.0,0.6666667,0.6666667,0.0,0.6666667,0.0,0.8653888,0.9226514,0.0572625,0.9226514,0.0,1e-06,0.0673586,0.0673576,0.0673586,0.0,1.0,0.8872029,-0.1127971,0.8872029,0.0,1.0,1.0,0.0,1.0,0.0,0.063238,-
2,insert_new_city,1|3|4,"substitute_pois,convert_travel_day_to_stay,rebalance_label_gap","Interlaken, Switzerland","St. Moritz, Switzerland",4,summer,6,nature_food,0.4,0.2,0.3,0.3,66.3622636,75.734967,9.3727034,78.913823,-3.178856,0.5,0.8571429,0.3571429,0.90625,-0.0491071,0.9583333,0.875,-0.0833333,0.9166667,-0.0416667,0.6666667,0.6666667,0.0,0.6666667,0.0,0.9095908,0.8406638,-0.068927,0.9293523,-0.0886885,0.1407387,1e-06,-0.1407377,0.0068773,-0.0068763,0.8872029,1.0,0.1127971,0.8872029,0.1127971,1.0,1.0,0.0,1.0,0.0,0.0723,-
2,insert_new_city,1|3|4,"substitute_pois,convert_travel_day_to_stay,rebalance_label_gap","Interlaken, Switzerland","St. Moritz, Switzerland",4,summer,6,culture_food,0.1,0.4,0.3,0.2,69.0131435,70.3183003,1.3051567,73.821111,-3.5028107,0.6157407,0.702381,0.0866402,0.702381,0.0,0.9583333,0.875,-0.0833333,0.9166667,-0.0416667,0.6666667,0.6666667,0.0,1.0,-0.3333333,0.8124204,0.8406638,0.0282434,0.7949514,0.0457124,0.1464897,1e-06,-0.1464887,0.0001,-9.9e-05,0.8872029,1.0,0.1127971,0.7125015,0.2874985,1.0,1.0,0.0,1.0,0.0,0.032227,-
2,insert_new_city,1|3|4,"substitute_pois,convert_travel_day_to_stay,rebalance_label_gap","Interlaken, Switzerland","St. Moritz, Switzerland",4,summer,10,balanced,0.25,0.25,0.25,0.25,74.4493707,83.1993707,8.75,83.1993707,0.0,0.75,1.0,0.25,1.0,0.0,0.95,0.95,0.0,0.95,0.0,0.6666667,0.6666667,0.0,0.6666667,0.0,0.9226514,0.9226514,0.0,0.9226514,0.0,0.0673586,0.0673586,0.0,0.0673586,0.0,0.8872029,0.8872029,0.0,0.8872029,0.0,1.0,1.0,0.0,1.0,0.0,0.14089,-
2,insert_new_city,1|3|4,"substitute_pois,convert_travel_day_to_stay,rebalance_label_gap","Interlaken, Switzerland","St. Moritz, Switzerland",4,summer,10,nature_food,0.4,0.2,0.3,0.3,73.3183003,79.9181207,6.5998204,79.9181207,0.0,0.7666667,0.90625,0.1395833,0.90625,0.0,0.925,0.95,0.025,0.95,0.0,0.6666667,0.6666667,0.0,0.6666667,0.0,0.8406638,0.9226514,0.0819876,0.9226514,0.0,1e-06,0.0673586,0.0673576,0.0673586,0.0,1.0,0.8872029,-0.1127971,0.8872029,0.0,1.0,1.0,0.0,1.0,0.0,0.196302,-
2,insert_new_city,1|3|4,"substitute_pois,convert_travel_day_to_stay,rebalance_label_gap","Interlaken, Switzerland","St. Moritz, Switzerland",4,summer,10,culture_food,0.1,0.4,0.3,0.2,66.8112745,74.6794114,7.8681369,80.1198641,-5.4404527,0.6446078,0.8055556,0.1609477,0.841954,-0.0363985,0.95,0.925,-0.025,0.975,-0.05,0.3333333,0.6666667,0.3333333,1.0,-0.3333333,1.0,0.8406638,-0.1593362,0.8308994,0.0097644,0.0,1e-06,1e-06,4.75e-05,-4.65e-05,1.0,1.0,0.0,0.7125015,0.2874985,1.0,1.0,0.0,1.0,0.0,0.121835,-
2,insert_new_city,1|3|4,"substitute_pois,convert_travel_day_to_stay,rebalance_label_gap","Zurich, Switzerland","Zurich, Switzerland",4,summer,6,balanced,0.25,0.25,0.25,0.25,58.0389605,58.0389605,0.0,58.0389605,0.0,0.3181818,0.3181818,0.0,0.3181818,0.0,1.0,1.0,0.0,1.0,0.0,0.3333333,0.3333333,0.0,0.3333333,0.0,0.4601731,0.4601731,0.0,0.4601731,0.0,1.0,1.0,0.0,1.0,0.0,1.0,1.0,0.0,1.0,0.0,1.0,1.0,0.0,1.0,0.0,0.032613,-
2,insert_new_city,1|3|4,"substitute_pois,convert_travel_day_to_stay,rebalance_label_gap","Zurich, Switzerland","Zurich, Switzerland",4,summer,6,nature_food,0.4,0.2,0.3,0.3,62.4813828,62.4813828,0.0,62.4813828,0.0,0.4,0.4,0.0,0.4,0.0,1.0,1.0,0.0,1.0,0.0,0.3333333,0.3333333,0.0,0.3333333,0.0,0.5654255,0.5654255,0.0,0.5654255,0.0,1.0,1.0,0.0,1.0,0.0,1.0,1.0,0.0,1.0,0.0,1.0,1.0,0.0,1.0,0.0,0.020948,-
2,insert_new_city,1|3|4,"substitute_pois,convert_travel_day_to_stay,rebalance_label_gap","Zurich, Switzerland","Zurich, Switzerland",4,summer,6,culture_food,0.1,0.4,0.3,0.2,52.0217213,52.0217213,0.0,52.0217213,0.0,0.1190476,0.1190476,0.0,0.1190476,0.0,1.0,1.0,0.0,1.0,0.0,0.3333333,0.3333333,0.0,0.3333333,0.0,0.5236703,0.5236703,0.0,0.5236703,0.0,1.0,1.0,0.0,1.0,0.0,1.0,1.0,0.0,1.0,0.0,1.0,1.0,0.0,1.0,0.0,0.030449,-
2,insert_new_city,1|3|4,"substitute_pois,convert_travel_day_to_stay,rebalance_label_gap","Zurich, Switzerland","Zurich, Switzerland",4,summer,10,balanced,0.25,0.25,0.25,0.25,61.548244,61.548244,0.0,61.548244,0.0,0.3529412,0.3529412,0.0,0.3529412,0.0,0.95,0.95,0.0,0.95,0.0,0.3333333,0.3333333,0.0,0.3333333,0.0,0.6630202,0.6630202,0.0,0.6630202,0.0,1.0,1.0,0.0,1.0,0.0,1.0,1.0,0.0,1.0,0.0,1.0,1.0,0.0,1.0,0.0,0.101915,-
2,insert_new_city,1|3|4,"substitute_pois,convert_travel_day_to_stay,rebalance_label_gap","Zurich, Switzerland","Zurich, Switzerland",4,summer,10,nature_food,0.4,0.2,0.3,0.3,62.0924939,62.0924939,0.0,62.0924939,0.0,0.3888889,0.3888889,0.0,0.3888889,0.0,1.0,1.0,0.0,1.0,0.0,0.3333333,0.3333333,0.0,0.3333333,0.0,0.5654255,0.5654255,0.0,0.5654255,0.0,1.0,1.0,0.0,1.0,0.0,1.0,1.0,0.0,1.0,0.0,1.0,1.0,0.0,1.0,0.0,0.090127,-
2,insert_new_city,1|3|4,"substitute_pois,convert_travel_day_to_stay,rebalance_label_gap","Zurich, Switzerland","Zurich, Switzerland",4,summer,10,culture_food,0.1,0.4,0.3,0.2,64.6906732,64.6906732,0.0,64.6906732,0.0,0.4212963,0.4212963,0.0,0.4212963,0.0,1.0,1.0,0.0,1.0,0.0,0.3333333,0.3333333,0.0,0.3333333,0.0,0.6630202,0.6630202,0.0,0.6630202,0.0,1.0,1.0,0.0,1.0,0.0,1.0,1.0,0.0,1.0,0.0,1.0,1.0,0.0,1.0,0.0,0.096131,-
2,insert_new_city,1|3|4,"substitute_pois,convert_travel_day_to_stay,rebalance_label_gap","Geneva, Switzerland","Lucerne, Switzerland",4,summer,6,balanced,0.25,0.25,0.25,0.25,60.8887584,80.7543395,19.8655811,80.7543395,0.0,0.2941176,0.8421053,0.5479876,0.8421053,0.0,0.9166667,1.0,0.0833333,1.0,0.0,0.6666667,0.6666667,0.0,0.6666667,0.0,0.6030026,0.6030026,0.0,0.6030026,0.0,0.7799601,0.7799601,0.0,0.7799601,0.0,1.0,0.8872029,-0.1127971,0.8872029,0.0,1.0,1.0,0.0,1.0,0.0,0.144028,-
2,insert_new_city,1|3|4,"substitute_pois,convert_travel_day_to_stay,rebalance_label_gap","Geneva, Switzerland","Lucerne, Switzerland",4,summer,6,nature_food,0.4,0.2,0.3,0.3,68.6093467,73.8464448,5.2370981,84.6639672,-10.8175224,0.5147059,0.6447368,0.130031,0.8382353,-0.1934985,0.9166667,1.0,0.0833333,0.9583333,0.0416667,0.6666667,0.6666667,0.0,1.0,-0.3333333,0.6030026,0.6030026,0.0,0.5943339,0.0086687,0.7799601,0.7799601,0.0,0.8473216,-0.0673615,1.0,0.8872029,-0.1127971,0.7125015,0.1747014,1.0,1.0,0.0,1.0,0.0,0.060674,-
2,insert_new_city,1|3|4,"substitute_pois,convert_travel_day_to_stay,rebalance_label_gap","Geneva, Switzerland","Lucerne, Switzerland",4,summer,6,culture_food,0.1,0.4,0.3,0.2,69.3086832,75.6888915,6.3802083,80.8908708,-5.2019793,0.5963542,0.7786458,0.1822917,0.7604167,0.0182292,1.0,1.0,0.0,1.0,0.0,1.0,1.0,0.0,0.6666667,0.3333333,0.6444301,0.6444301,0.0,0.6560182,-0.0115881,0.0207329,0.0207329,0.0,1.0,-0.9792671,0.7125015,0.7125015,0.0,0.8872029,-0.1747014,1.0,1.0,0.0,1.0,0.0,0.06736,-
2,insert_new_city,1|3|4,"substitute_pois,convert_travel_day_to_stay,rebalance_label_gap","Geneva, Switzerland","Lucerne, Switzerland",4,summer,10,balanced,0.25,0.25,0.25,0.25,64.8825196,78.1400953,13.2575758,84.2086651,-6.0685697,0.3939394,0.7727273,0.3787879,0.9516129,-0.1788856,0.95,0.95,0.0,0.975,-0.025,0.6666667,0.6666667,0.0,1.0,-0.3333333,0.6030026,0.6030026,0.0,0.6308547,-0.027852,0.7799601,0.7799601,0.0,0.3251886,0.4547715,1.0,1.0,0.0,0.7125015,0.2874985,1.0,1.0,0.0,1.0,0.0,0.213886,-
2,insert_new_city,1|3|4,"substitute_pois,convert_travel_day_to_stay,rebalance_label_gap","Geneva, Switzerland","Lucerne, Switzerland",4,summer,10,nature_food,0.4,0.2,0.3,0.3,79.9961559,79.9961559,0.0,79.9961559,0.0,0.8257576,0.8257576,0.0,0.8257576,0.0,0.95,0.95,0.0,0.95,0.0,0.6666667,0.6666667,0.0,0.6666667,0.0,0.6030026,0.6030026,0.0,0.6030026,0.0,0.7799601,0.7799601,0.0,0.7799601,0.0,1.0,1.0,0.0,1.0,0.0,1.0,1.0,0.0,1.0,0.0,0.128547,-
2,insert_new_city,1|3|4,"substitute_pois,convert_travel_day_to_stay,rebalance_label_gap","Geneva, Switzerland","Lucerne, Switzerland",4,summer,10,culture_food,0.1,0.4,0.3,0.2,70.4954378,89.7969084,19.3014706,89.7969084,0.0,0.3590686,0.9105392,0.5514706,0.9105392,0.0,1.0,1.0,0.0,1.0,0.0,1.0,1.0,0.0,1.0,0.0,0.6243686,0.6243686,0.0,0.6243686,0.0,1.0,1.0,0.0,1.0,0.0,0.7125015,0.7125015,0.0,0.7125015,0.0,1.0,1.0,0.0,1.0,0.0,0.378947,-
2,insert_new_city,1|3|4,"substitute_pois,convert_travel_day_to_stay,rebalance_label_gap","Interlaken, Switzerland","St. Moritz, Switzerland",4,winter,6,balanced,0.25,0.25,0.25,0.25,73.5681459,73.5681459,0.0,73.9493707,-0.3812247,0.7058824,0.7058824,0.0,0.75,-0.0441176,0.9583333,0.9583333,0.0,0.9166667,0.0416667,0.6666667,0.6666667,0.0,0.6666667,0.0,0.9095908,0.9095908,0.0,0.9226514,-0.0130606,0.1407387,0.1407387,0.0,0.0673586,0.0733802,0.8872029,0.8872029,0.0,0.8872029,0.0,1.0,1.0,0.0,1.0,0.0,0.018982,-
2,insert_new_city,1|3|4,"substitute_pois,convert_travel_day_to_stay,rebalance_label_gap","Interlaken, Switzerland","St. Moritz, Switzerland",4,winter,6,nature_food,0.4,0.2,0.3,0.3,78.3062231,78.3062231,0.0,78.3062231,0.0,0.90625,0.90625,0.0,0.90625,0.0,0.9583333,0.9583333,0.0,0.9583333,0.0,0.6666667,0.6666667,0.0,0.6666667,0.0,0.8517632,0.8517632,0.0,0.8517632,0.0,1e-06,1e-06,0.0,1e-06,0.0,0.8872029,0.8872029,0.0,0.8872029,0.0,1.0,1.0,0.0,1.0,0.0,0.012904,-
2,insert_new_city,1|3|4,"substitute_pois,convert_travel_day_to_stay,rebalance_label_gap","Interlaken, Switzerland","St. Moritz, Switzerland",4,winter,6,culture_food,0.1,0.4,0.3,0.2,80.0,80.0,0.0,80.0,0.0,1.0,1.0,0.0,1.0,0.0,1.0,1.0,0.0,1.0,0.0,0.3333333,0.3333333,0.0,0.3333333,0.0,1.0,1.0,0.0,1.0,0.0,0.0,0.0,0.0,0.0,0.0,1.0,1.0,0.0,1.0,0.0,1.0,1.0,0.0,1.0,0.0,0.017625,-
2,insert_new_city,1|3|4,"substitute_pois,convert_travel_day_to_stay,rebalance_label_gap","Interlaken, Switzerland","St. Moritz, Switzerland",4,winter,10,balanced,0.25,0.25,0.25,0.25,74.4493707,74.4493707,0.0,74.4493707,0.0,0.75,0.75,0.0,0.75,0.0,0.95,0.95,0.0,0.95,0.0,0.6666667,0.6666667,0.0,0.6666667,0.0,0.9226514,0.9226514,0.0,0.9226514,0.0,0.0673586,0.0673586,0.0,0.0673586,0.0,0.8872029,0.8872029,0.0,0.8872029,0.0,1.0,1.0,0.0,1.0,0.0,0.06775,-
2,insert_new_city,1|3|4,"substitute_pois,convert_travel_day_to_stay,rebalance_label_gap","Interlaken, Switzerland","St. Moritz, Switzerland",4,winter,10,nature_food,0.4,0.2,0.3,0.3,68.8194444,73.6805556,4.8611111,73.6805556,0.0,0.6805556,0.8194444,0.1388889,0.8194444,0.0,1.0,1.0,0.0,1.0,0.0,0.3333333,0.3333333,0.0,0.3333333,0.0,1.0,1.0,0.0,1.0,0.0,0.0,0.0,0.0,0.0,0.0,1.0,1.0,0.0,1.0,0.0,1.0,1.0,0.0,1.0,0.0,0.047154,-
2,insert_new_city,1|3|4,"substitute_pois,convert_travel_day_to_stay,rebalance_label_gap","Interlaken, Switzerland","St. Moritz, Switzerland",4,winter,10,culture_food,0.1,0.4,0.3,0.2,67.9250711,74.7610086,6.8359375,74.7610086,0.0,0.5911458,0.7864583,0.1953125,0.7864583,0.0,0.975,0.975,0.0,0.975,0.0,0.6666667,0.6666667,0.0,0.6666667,0.0,0.8406638,0.8406638,0.0,0.8406638,0.0,1e-06,1e-06,0.0,1e-06,0.0,1.0,1.0,0.0,1.0,0.0,1.0,1.0,0.0,1.0,0.0,0.044602,-
2,insert_new_city,1|3|4,"substitute_pois,convert_travel_day_to_stay,rebalance_label_gap","Zurich, Switzerland","Zurich, Switzerland",4,winter,6,balanced,0.25,0.25,0.25,0.25,57.9442635,57.9442635,0.0,57.9442635,0.0,0.3333333,0.3333333,0.0,0.3333333,0.0,0.9583333,0.9583333,0.0,0.9583333,0.0,0.3333333,0.3333333,0.0,0.3333333,0.0,0.4601731,0.4601731,0.0,0.4601731,0.0,1.0,1.0,0.0,1.0,0.0,1.0,1.0,0.0,1.0,0.0,1.0,1.0,0.0,1.0,0.0,0.01355,-
2,insert_new_city,1|3|4,"substitute_pois,convert_travel_day_to_stay,rebalance_label_gap","Zurich, Switzerland","Zurich, Switzerland",4,winter,6,nature_food,0.4,0.2,0.3,0.3,64.8203029,64.8203029,0.0,64.8203029,0.0,0.425,0.425,0.0,0.425,0.0,1.0,1.0,0.0,1.0,0.0,0.3333333,0.3333333,0.0,0.3333333,0.0,0.6630202,0.6630202,0.0,0.6630202,0.0,1.0,1.0,0.0,1.0,0.0,1.0,1.0,0.0,1.0,0.0,1.0,1.0,0.0,1.0,0.0,0.009953,-
2,insert_new_city,1|3|4,"substitute_pois,convert_travel_day_to_stay,rebalance_label_gap","Zurich, Switzerland","Zurich, Switzerland",4,winter,6,culture_food,0.1,0.4,0.3,0.2,68.9036362,68.9036362,0.0,68.9036362,0.0,0.5416667,0.5416667,0.0,0.5416667,0.0,1.0,1.0,0.0,1.0,0.0,0.3333333,0.3333333,0.0,0.3333333,0.0,0.6630202,0.6630202,0.0,0.6630202,0.0,1.0,1.0,0.0,1.0,0.0,1.0,1.0,0.0,1.0,0.0,1.0,1.0,0.0,1.0,0.0,0.01277,-
2,insert_new_city,1|3|4,"substitute_pois,convert_travel_day_to_stay,rebalance_label_gap","Zurich, Switzerland","Zurich, Switzerland",4,winter,10,balanced,0.25,0.25,0.25,0.25,77.3310389,77.3310389,0.0,77.3310389,0.0,0.7647059,0.7647059,0.0,0.7647059,0.0,0.975,0.975,0.0,0.975,0.0,0.6666667,0.6666667,0.0,0.6666667,0.0,0.4919217,0.4919217,0.0,0.4919217,0.0,1.0,1.0,0.0,1.0,0.0,0.7125015,0.7125015,0.0,0.7125015,0.0,1.0,1.0,0.0,1.0,0.0,0.031446,-
2,insert_new_city,1|3|4,"substitute_pois,convert_travel_day_to_stay,rebalance_label_gap","Zurich, Switzerland","Zurich, Switzerland",4,winter,10,nature_food,0.4,0.2,0.3,0.3,68.8980495,68.8980495,0.0,68.8980495,0.0,0.5833333,0.5833333,0.0,0.5833333,0.0,1.0,1.0,0.0,1.0,0.0,0.3333333,0.3333333,0.0,0.3333333,0.0,0.5654255,0.5654255,0.0,0.5654255,0.0,1.0,1.0,0.0,1.0,0.0,1.0,1.0,0.0,1.0,0.0,1.0,1.0,0.0,1.0,0.0,0.026289,-
2,insert_new_city,1|3|4,"substitute_pois,convert_travel_day_to_stay,rebalance_label_gap","Zurich, Switzerland","Zurich, Switzerland",4,winter,10,culture_food,0.1,0.4,0.3,0.2,57.2590284,57.2590284,0.0,57.2590284,0.0,0.2303922,0.2303922,0.0,0.2303922,0.0,0.95,0.95,0.0,0.95,0.0,0.3333333,0.3333333,0.0,0.3333333,0.0,0.6630202,0.6630202,0.0,0.6630202,0.0,1.0,1.0,0.0,1.0,0.0,1.0,1.0,0.0,1.0,0.0,1.0,1.0,0.0,1.0,0.0,0.025974,-
2,insert_new_city,1|3|4,"substitute_pois,convert_travel_day_to_stay,rebalance_label_gap","Geneva, Switzerland","Lucerne, Switzerland",4,winter,6,balanced,0.25,0.25,0.25,0.25,61.0551671,61.0551671,0.0,61.0551671,0.0,0.2631579,0.2631579,0.0,0.2631579,0.0,1.0,1.0,0.0,1.0,0.0,0.6666667,0.6666667,0.0,0.6666667,0.0,0.6030026,0.6030026,0.0,0.6030026,0.0,0.7799601,0.7799601,0.0,0.7799601,0.0,1.0,1.0,0.0,1.0,0.0,1.0,1.0,0.0,1.0,0.0,0.024255,-
2,insert_new_city,1|3|4,"substitute_pois,convert_travel_day_to_stay,rebalance_label_gap","Geneva, Switzerland","Lucerne, Switzerland",4,winter,6,nature_food,0.4,0.2,0.3,0.3,60.5946408,61.1961829,0.6015421,62.2623986,-1.0662157,0.25,0.390625,0.140625,0.2638889,0.1267361,1.0,0.875,-0.125,0.9166667,-0.0416667,0.6666667,0.6666667,0.0,0.6666667,0.0,0.6030026,0.6980339,0.0950313,0.6560182,0.0420157,0.7799601,0.4492784,-0.3306817,1.0,-0.5507216,1.0,0.8872029,-0.1127971,0.8872029,0.0,1.0,1.0,0.0,1.0,0.0,0.023482,-
2,insert_new_city,1|3|4,"substitute_pois,convert_travel_day_to_stay,rebalance_label_gap","Geneva, Switzerland","Lucerne, Switzerland",4,winter,6,culture_food,0.1,0.4,0.3,0.2,65.5069215,70.8797285,5.372807,70.8797285,0.0,0.3903509,0.5438596,0.1535088,0.5438596,0.0,1.0,1.0,0.0,1.0,0.0,0.6666667,0.6666667,0.0,0.6666667,0.0,0.6030026,0.6030026,0.0,0.6030026,0.0,0.7799601,0.7799601,0.0,0.7799601,0.0,1.0,1.0,0.0,1.0,0.0,1.0,1.0,0.0,1.0,0.0,0.027029,-
2,insert_new_city,1|3|4,"substitute_pois,convert_travel_day_to_stay,rebalance_label_gap","Geneva, Switzerland","Lucerne, Switzerland",4,winter,10,balanced,0.25,0.25,0.25,0.25,63.4652729,65.5347174,2.0694444,65.5347174,0.0,0.2571429,0.3055556,0.0484127,0.3055556,0.0,0.975,1.0,0.025,1.0,0.0,0.6666667,0.6666667,0.0,0.6666667,0.0,0.6560182,0.6560182,0.0,0.6560182,0.0,1.0,1.0,0.0,1.0,0.0,1.0,1.0,0.0,1.0,0.0,1.0,1.0,0.0,1.0,0.0,0.046947,-
2,insert_new_city,1|3|4,"substitute_pois,convert_travel_day_to_stay,rebalance_label_gap","Geneva, Switzerland","Lucerne, Switzerland",4,winter,10,nature_food,0.4,0.2,0.3,0.3,66.2152729,66.2638841,0.0486111,66.2638841,0.0,0.3357143,0.3263889,-0.0093254,0.3263889,0.0,0.975,1.0,0.025,1.0,0.0,0.6666667,0.6666667,0.0,0.6666667,0.0,0.6560182,0.6560182,0.0,0.6560182,0.0,1.0,1.0,0.0,1.0,0.0,1.0,1.0,0.0,1.0,0.0,1.0,1.0,0.0,1.0,0.0,0.037657,-
2,insert_new_city,1|3|4,"substitute_pois,convert_travel_day_to_stay,rebalance_label_gap","Geneva, Switzerland","Lucerne, Switzerland",4,winter,10,culture_food,0.1,0.4,0.3,0.2,58.3323859,69.3446408,11.0122549,69.3446408,0.0,0.1960784,0.5,0.3039216,0.5,0.0,0.975,1.0,0.025,1.0,0.0,0.6666667,0.6666667,0.0,0.6666667,0.0,0.6030026,0.6030026,0.0,0.6030026,0.0,0.7799601,0.7799601,0.0,0.7799601,0.0,1.0,1.0,0.0,1.0,0.0,1.0,1.0,0.0,1.0,0.0,0.058875,-
2,insert_new_city,1|3|4,"substitute_pois,convert_travel_day_to_stay,rebalance_label_gap","Interlaken, Switzerland","St. Moritz, Switzerland",9,summer,6,balanced,0.25,0.25,0.25,0.25,72.4641301,79.1307968,6.6666667,79.1307968,0.0,0.6666667,0.8571429,0.1904762,0.8571429,0.0,0.962963,0.962963,0.0,0.962963,0.0,0.6666667,0.6666667,0.0,0.6666667,0.0,0.8223313,0.8223313,0.0,0.8223313,0.0,0.2351383,0.2351383,0.0,0.2351383,0.0,1.0,1.0,0.0,1.0,0.0,1.0,1.0,0.0,1.0,0.0,0.212319,-
2,insert_new_city,1|3|4,"substitute_pois,convert_travel_day_to_stay,rebalance_label_gap","Interlaken, Switzerland","St. Moritz, Switzerland",9,summer,6,nature_food,0.4,0.2,0.3,0.3,67.5458522,81.5278309,13.9819787,81.6107725,-0.0829417,0.54375,0.9345238,0.3907738,0.90625,0.0282738,0.962963,1.0,0.037037,0.9814815,0.0185185,0.8333333,0.8333333,0.0,1.0,-0.1666667,0.7854005,0.7854005,0.0,0.7306231,0.0547774,0.0039811,0.0039811,0.0,0.01,-0.0060189,0.949868,0.8997359,-0.050132,0.8220908,0.0776451,1.0,1.0,0.0,1.0,0.0,0.379368,-
2,insert_new_city,1|3|4,"substitute_pois,convert_travel_day_to_stay,rebalance_label_gap","Interlaken, Switzerland","St. Moritz, Switzerland",9,summer,6,culture_food,0.1,0.4,0.3,0.2,74.3727656,82.2401752,7.8674096,82.2401752,0.0,0.7325581,0.9652778,0.2327196,0.9652778,0.0,0.962963,0.9444444,-0.0185185,0.9444444,0.0,0.6666667,0.6666667,0.0,0.6666667,0.0,0.8223313,0.8223313,0.0,0.8223313,0.0,0.1953817,0.1953817,0.0,0.1953817,0.0,1.0,1.0,0.0,1.0,0.0,1.0,1.0,0.0,1.0,0.0,0.270777,-
2,insert_new_city,1|3|4,"substitute_pois,convert_travel_day_to_stay,rebalance_label_gap","Interlaken, Switzerland","St. Moritz, Switzerland",9,summer,10,balanced,0.25,0.25,0.25,0.25,76.314858,85.289217,8.974359,89.2798868,-3.9906698,0.6666667,0.9230769,0.2564103,0.9615385,-0.0384615,0.9555556,0.9555556,0.0,0.9888889,-0.0333333,0.6666667,0.6666667,0.0,0.8333333,-0.1666667,0.7024482,0.7024482,0.0,0.6982241,0.0042241,0.8111468,0.8111468,0.0,0.8458231,-0.0346764,1.0,1.0,0.0,0.8722229,0.1277771,1.0,1.0,0.0,1.0,0.0,0.744859,-
2,insert_new_city,1|3|4,"substitute_pois,convert_travel_day_to_stay,rebalance_label_gap","Interlaken, Switzerland","St. Moritz, Switzerland",9,summer,10,nature_food,0.4,0.2,0.3,0.3,76.5310676,86.7583404,10.2272727,89.0992478,-2.3409074,0.6688312,0.961039,0.2922078,0.961039,0.0,0.9666667,0.9666667,0.0,0.9777778,-0.0111111,0.6666667,0.6666667,0.0,0.8333333,-0.1666667,0.763887,0.763887,0.0,0.7518149,0.0120721,0.7163671,0.7163671,0.0,0.7657879,-0.0494208,1.0,1.0,0.0,0.8722229,0.1277771,1.0,1.0,0.0,1.0,0.0,1.142684,-
2,insert_new_city,1|3|4,"substitute_pois,convert_travel_day_to_stay,rebalance_label_gap","Interlaken, Switzerland","St. Moritz, Switzerland",9,summer,10,culture_food,0.1,0.4,0.3,0.2,70.4625366,78.645407,8.1828704,78.645407,0.0,0.7112269,0.9450231,0.2337963,0.9450231,0.0,0.9333333,0.9333333,0.0,0.9333333,0.0,0.6666667,0.6666667,0.0,0.6666667,0.0,0.805869,0.805869,0.0,0.805869,0.0,0.001,0.001,0.0,0.001,0.0,0.949868,0.949868,0.0,0.949868,0.0,0.9444444,0.9444444,0.0,0.9444444,0.0,0.525472,-
2,insert_new_city,1|3|4,"substitute_pois,convert_travel_day_to_stay,rebalance_label_gap","Zurich, Switzerland","Zurich, Switzerland",9,summer,6,balanced,0.25,0.25,0.25,0.25,67.1115644,67.1115644,0.0,67.1115644,0.0,0.4255319,0.4255319,0.0,0.4255319,0.0,1.0,1.0,0.0,1.0,0.0,0.6666667,0.6666667,0.0,0.6666667,0.0,0.4979072,0.4979072,0.0,0.4979072,0.0,1.0,1.0,0.0,1.0,0.0,0.949868,0.949868,0.0,0.949868,0.0,1.0,1.0,0.0,1.0,0.0,0.105043,-
2,insert_new_city,1|3|4,"substitute_pois,convert_travel_day_to_stay,rebalance_label_gap","Zurich, Switzerland","Zurich, Switzerland",9,summer,6,nature_food,0.4,0.2,0.3,0.3,66.9253942,66.9253942,0.0,66.9253942,0.0,0.4202128,0.4202128,0.0,0.4202128,0.0,1.0,1.0,0.0,1.0,0.0,0.6666667,0.6666667,0.0,0.6666667,0.0,0.4979072,0.4979072,0.0,0.4979072,0.0,1.0,1.0,0.0,1.0,0.0,0.949868,0.949868,0.0,0.949868,0.0,1.0,1.0,0.0,1.0,0.0,0.102076,-
2,insert_new_city,1|3|4,"substitute_pois,convert_travel_day_to_stay,rebalance_label_gap","Zurich, Switzerland","Zurich, Switzerland",9,summer,6,culture_food,0.1,0.4,0.3,0.2,61.5176463,61.5176463,0.0,61.5176463,0.0,0.25,0.25,0.0,0.25,0.0,0.9814815,0.9814815,0.0,0.9814815,0.0,0.6666667,0.6666667,0.0,0.6666667,0.0,0.5530723,0.5530723,0.0,0.5530723,0.0,1.0,1.0,0.0,1.0,0.0,0.949868,0.949868,0.0,0.949868,0.0,1.0,1.0,0.0,1.0,0.0,0.1171,-
2,insert_new_city,1|3|4,"substitute_pois,convert_travel_day_to_stay,rebalance_label_gap","Zurich, Switzerland","Zurich, Switzerland",9,summer,10,balanced,0.25,0.25,0.25,0.25,70.5815673,70.5815673,0.0,70.5815673,0.0,0.6756757,0.6756757,0.0,0.6756757,0.0,0.9555556,0.9555556,0.0,0.9555556,0.0,0.6666667,0.6666667,0.0,0.6666667,0.0,0.8522857,0.8522857,0.0,0.8522857,0.0,0.0065959,0.0065959,0.0,0.0065959,0.0,0.949868,0.949868,0.0,0.949868,0.0,1.0,1.0,0.0,1.0,0.0,0.296079,-
2,insert_new_city,1|3|4,"substitute_pois,convert_travel_day_to_stay,rebalance_label_gap","Zurich, Switzerland","Zurich, Switzerland",9,summer,10,nature_food,0.4,0.2,0.3,0.3,71.9909695,71.9909695,0.0,71.9909695,0.0,0.5432099,0.5432099,0.0,0.5432099,0.0,1.0,1.0,0.0,1.0,0.0,0.6666667,0.6666667,0.0,0.6666667,0.0,0.5486189,0.5486189,0.0,0.5486189,0.0,1.0,1.0,0.0,1.0,0.0,0.949868,0.949868,0.0,0.949868,0.0,1.0,1.0,0.0,1.0,0.0,0.296562,-
2,insert_new_city,1|3|4,"substitute_pois,convert_travel_day_to_stay,rebalance_label_gap","Zurich, Switzerland","Zurich, Switzerland",9,summer,10,culture_food,0.1,0.4,0.3,0.2,71.6419856,71.6419856,0.0,71.6419856,0.0,0.6070602,0.6070602,0.0,0.6070602,0.0,0.9333333,0.9333333,0.0,0.9333333,0.0,0.6666667,0.6666667,0.0,0.6666667,0.0,0.7766951,0.7766951,0.0,0.7766951,0.0,0.4995113,0.4995113,0.0,0.4995113,0.0,0.949868,0.949868,0.0,0.949868,0.0,1.0,1.0,0.0,1.0,0.0,0.284795,-
2,insert_new_city,1|3|4,"substitute_pois,convert_travel_day_to_stay,rebalance_label_gap","Geneva, Switzerland","Lucerne, Switzerland",9,summer,6,balanced,0.25,0.25,0.25,0.25,78.0551203,88.8884536,10.8333333,92.6747954,-3.7863418,0.5952381,0.9047619,0.3095238,0.952381,-0.047619,0.962963,0.962963,0.0,1.0,-0.037037,0.8333333,0.8333333,0.0,1.0,-0.1666667,0.7018668,0.7018668,0.0,0.6820672,0.0197997,1.0,1.0,0.0,1.0,0.0,0.949868,0.949868,0.0,0.8220908,0.1277771,1.0,1.0,0.0,1.0,0.0,0.376488,-
2,insert_new_city,1|3|4,"substitute_pois,convert_travel_day_to_stay,rebalance_label_gap","Geneva, Switzerland","Lucerne, Switzerland",9,summer,6,nature_food,0.4,0.2,0.3,0.3,69.0725151,85.3574773,16.2849622,85.3574773,0.0,0.38125,0.8536585,0.4724085,0.8536585,0.0,0.9259259,0.9444444,0.0185185,0.9444444,0.0,0.8333333,0.8333333,0.0,0.8333333,0.0,0.6393691,0.6393691,0.0,0.6393691,0.0,1.0,1.0,0.0,1.0,0.0,0.949868,0.8722229,-0.0776451,0.8722229,0.0,1.0,0.9722222,-0.0277778,0.9722222,0.0,0.41745,-
2,insert_new_city,1|3|4,"substitute_pois,convert_travel_day_to_stay,rebalance_label_gap","Geneva, Switzerland","Lucerne, Switzerland",9,summer,6,culture_food,0.1,0.4,0.3,0.2,74.3419067,88.3696845,14.0277778,88.3696845,0.0,0.5248016,0.9255952,0.4007937,0.9255952,0.0,0.962963,0.962963,0.0,0.962963,0.0,0.8333333,0.8333333,0.0,0.8333333,0.0,0.6186711,0.6186711,0.0,0.6186711,0.0,1.0,1.0,0.0,1.0,0.0,0.949868,0.949868,0.0,0.949868,0.0,1.0,1.0,0.0,1.0,0.0,0.581205,-
2,insert_new_city,1|3|4,"substitute_pois,convert_travel_day_to_stay,rebalance_label_gap","Geneva, Switzerland","Lucerne, Switzerland",9,summer,10,balanced,0.25,0.25,0.25,0.25,81.0580443,90.2685706,9.2105263,90.2685706,0.0,0.6842105,0.9473684,0.2631579,0.9473684,0.0,0.9555556,0.9555556,0.0,0.9555556,0.0,0.8333333,0.8333333,0.0,0.8333333,0.0,0.7018668,0.7018668,0.0,0.7018668,0.0,1.0,1.0,0.0,1.0,0.0,0.949868,0.949868,0.0,0.949868,0.0,1.0,1.0,0.0,1.0,0.0,1.094585,-
2,insert_new_city,1|3|4,"substitute_pois,convert_travel_day_to_stay,rebalance_label_gap","Geneva, Switzerland","Lucerne, Switzerland",9,summer,10,nature_food,0.4,0.2,0.3,0.3,78.8284435,85.3905807,6.5621372,85.3905807,0.0,0.75,0.8987342,0.1487342,0.8987342,0.0,0.9555556,0.9666667,0.0111111,0.9666667,0.0,0.6666667,0.6666667,0.0,0.6666667,0.0,0.6275717,0.6549622,0.0273906,0.6549622,0.0,0.8831535,1.0,0.1168465,1.0,0.0,1.0,0.949868,-0.050132,0.949868,0.0,1.0,0.9722222,-0.0277778,0.9722222,0.0,0.653882,-
2,insert_new_city,1|3|4,"substitute_pois,convert_travel_day_to_stay,rebalance_label_gap","Geneva, Switzerland","Lucerne, Switzerland",9,summer,10,culture_food,0.1,0.4,0.3,0.2,76.4622781,87.0543833,10.5921053,87.5116146,-0.4572313,0.6507675,0.9533991,0.3026316,0.9205044,0.0328947,0.9666667,0.9666667,0.0,0.9555556,0.0111111,0.8333333,0.8333333,0.0,0.8333333,0.0,0.5932694,0.5932694,0.0,0.6066342,-0.0133649,0.8037034,0.8037034,0.0,1.0,-0.1962966,0.949868,0.949868,0.0,0.8722229,0.0776451,1.0,1.0,0.0,1.0,0.0,1.209107,-
2,insert_new_city,1|3|4,"substitute_pois,convert_travel_day_to_stay,rebalance_label_gap","Interlaken, Switzerland","St. Moritz, Switzerland",9,winter,6,balanced,0.25,0.25,0.25,0.25,80.9072514,82.6215195,1.7142682,90.3772304,-7.7557109,0.8488372,0.7692308,-0.0796064,1.0,-0.2307692,0.9814815,0.9444444,-0.037037,0.9444444,0.0,0.6666667,0.8333333,0.1666667,0.8333333,0.0,0.8223313,0.766329,-0.0560023,0.7260812,0.0402478,0.4140758,0.7787502,0.3646744,0.8458231,-0.067073,1.0,0.949868,-0.050132,0.8722229,0.0776451,1.0,1.0,0.0,1.0,0.0,0.177694,-
2,insert_new_city,1|3|4,"substitute_pois,convert_travel_day_to_stay,rebalance_label_gap","Interlaken, Switzerland","St. Moritz, Switzerland",9,winter,6,nature_food,0.4,0.2,0.3,0.3,86.709063,86.709063,0.0,86.709063,0.0,0.9090909,0.9090909,0.0,0.9090909,0.0,0.962963,0.962963,0.0,0.962963,0.0,0.6666667,0.6666667,0.0,0.6666667,0.0,0.8223313,0.8223313,0.0,0.8223313,0.0,0.8111468,0.8111468,0.0,0.8111468,0.0,1.0,1.0,0.0,1.0,0.0,1.0,1.0,0.0,1.0,0.0,0.173827,-
2,insert_new_city,1|3|4,"substitute_pois,convert_travel_day_to_stay,rebalance_label_gap","Interlaken, Switzerland","St. Moritz, Switzerland",9,winter,6,culture_food,0.1,0.4,0.3,0.2,71.0561532,76.4289602,5.372807,80.0822394,-3.6532792,0.6546053,0.808114,0.1535088,0.9034553,-0.0953412,0.9444444,0.9444444,0.0,0.9259259,0.0185185,0.8333333,0.8333333,0.0,0.6666667,0.1666667,0.7792768,0.7792768,0.0,0.8306328,-0.051356,0.0039811,0.0039811,0.0,0.2363583,-0.2323773,0.949868,0.949868,0.0,0.949868,0.0,1.0,1.0,0.0,1.0,0.0,0.151889,-
2,insert_new_city,1|3|4,"substitute_pois,convert_travel_day_to_stay,rebalance_label_gap","Interlaken, Switzerland","St. Moritz, Switzerland",9,winter,10,balanced,0.25,0.25,0.25,0.25,69.3660139,79.2936298,9.9276159,79.2936298,0.0,0.6575342,0.9507042,0.29317,0.9507042,0.0,0.9333333,0.9111111,-0.0222222,0.9111111,0.0,0.8333333,0.8333333,0.0,0.8333333,0.0,0.6708776,0.6708776,0.0,0.6708776,0.0,0.0039811,0.0039811,0.0,0.0039811,0.0,0.949868,0.949868,0.0,0.949868,0.0,1.0,1.0,0.0,1.0,0.0,0.248152,-
2,insert_new_city,1|3|4,"substitute_pois,convert_travel_day_to_stay,rebalance_label_gap","Interlaken, Switzerland","St. Moritz, Switzerland",9,winter,10,nature_food,0.4,0.2,0.3,0.3,73.6641132,79.6206635,5.9565503,81.3384127,-1.7177493,0.7195946,0.8993056,0.179711,0.8873239,0.0119816,0.9666667,0.9444444,-0.0222222,0.9555556,-0.0111111,0.8333333,0.8333333,0.0,1.0,-0.1666667,0.7792768,0.7792768,0.0,0.7846258,-0.005349,0.0039811,0.0039811,0.0,0.0068901,-0.002909,0.949868,0.949868,0.0,0.8220908,0.1277771,1.0,1.0,0.0,1.0,0.0,0.148742,-
2,insert_new_city,1|3|4,"substitute_pois,convert_travel_day_to_stay,rebalance_label_gap","Interlaken, Switzerland","St. Moritz, Switzerland",9,winter,10,culture_food,0.1,0.4,0.3,0.2,69.5556901,82.194579,12.6388889,82.194579,0.0,0.6186343,0.9797454,0.3611111,0.9797454,0.0,0.9222222,0.9222222,0.0,0.9222222,0.0,0.8333333,0.8333333,0.0,0.8333333,0.0,0.7854005,0.7854005,0.0,0.7854005,0.0,0.0039811,0.0039811,0.0,0.0039811,0.0,0.949868,0.949868,0.0,0.949868,0.0,1.0,1.0,0.0,1.0,0.0,0.251765,-
2,insert_new_city,1|3|4,"substitute_pois,convert_travel_day_to_stay,rebalance_label_gap","Zurich, Switzerland","Zurich, Switzerland",9,winter,6,balanced,0.25,0.25,0.25,0.25,67.419786,67.419786,0.0,67.419786,0.0,0.4318182,0.4318182,0.0,0.4318182,0.0,0.9814815,0.9814815,0.0,0.9814815,0.0,0.6666667,0.6666667,0.0,0.6666667,0.0,0.5223058,0.5223058,0.0,0.5223058,0.0,1.0,1.0,0.0,1.0,0.0,0.949868,0.949868,0.0,0.949868,0.0,1.0,1.0,0.0,1.0,0.0,0.048204,-
2,insert_new_city,1|3|4,"substitute_pois,convert_travel_day_to_stay,rebalance_label_gap","Zurich, Switzerland","Zurich, Switzerland",9,winter,6,nature_food,0.4,0.2,0.3,0.3,70.4656935,70.4656935,0.0,70.4656935,0.0,0.4940476,0.4940476,0.0,0.4940476,0.0,0.962963,0.962963,0.0,0.962963,0.0,0.6666667,0.6666667,0.0,0.6666667,0.0,0.6011084,0.6011084,0.0,0.6011084,0.0,0.9963616,0.9963616,0.0,0.9963616,0.0,0.949868,0.949868,0.0,0.949868,0.0,1.0,1.0,0.0,1.0,0.0,0.02961,-
2,insert_new_city,1|3|4,"substitute_pois,convert_travel_day_to_stay,rebalance_label_gap","Zurich, Switzerland","Zurich, Switzerland",9,winter,6,culture_food,0.1,0.4,0.3,0.2,66.1083154,66.1083154,0.0,66.1083154,0.0,0.4854651,0.4854651,0.0,0.4854651,0.0,1.0,1.0,0.0,1.0,0.0,0.6666667,0.6666667,0.0,0.6666667,0.0,0.8366988,0.8366988,0.0,0.8366988,0.0,0.1817215,0.1817215,0.0,0.1817215,0.0,0.949868,0.949868,0.0,0.949868,0.0,1.0,1.0,0.0,1.0,0.0,0.045271,-
2,insert_new_city,1|3|4,"substitute_pois,convert_travel_day_to_stay,rebalance_label_gap","Zurich, Switzerland","Zurich, Switzerland",9,winter,10,balanced,0.25,0.25,0.25,0.25,64.847577,64.847577,0.0,64.847577,0.0,0.3703704,0.3703704,0.0,0.3703704,0.0,0.9777778,0.9777778,0.0,0.9777778,0.0,0.6666667,0.6666667,0.0,0.6666667,0.0,0.4979072,0.4979072,0.0,0.4979072,0.0,1.0,1.0,0.0,1.0,0.0,0.949868,0.949868,0.0,0.949868,0.0,1.0,1.0,0.0,1.0,0.0,0.106467,-
2,insert_new_city,1|3|4,"substitute_pois,convert_travel_day_to_stay,rebalance_label_gap","Zurich, Switzerland","Zurich, Switzerland",9,winter,10,nature_food,0.4,0.2,0.3,0.3,73.6160477,73.6160477,0.0,73.6160477,0.0,0.6720779,0.6720779,0.0,0.6720779,0.0,0.9777778,0.9777778,0.0,0.9777778,0.0,0.6666667,0.6666667,0.0,0.6666667,0.0,0.6277271,0.6277271,0.0,0.6277271,0.0,0.6261408,0.6261408,0.0,0.6261408,0.0,0.949868,0.949868,0.0,0.949868,0.0,1.0,1.0,0.0,1.0,0.0,0.097456,-
2,insert_new_city,1|3|4,"substitute_pois,convert_travel_day_to_stay,rebalance_label_gap","Zurich, Switzerland","Zurich, Switzerland",9,winter,10,culture_food,0.1,0.4,0.3,0.2,58.7509309,58.7509309,0.0,58.7509309,0.0,0.4222222,0.4222222,0.0,0.4222222,0.0,0.9444444,0.9444444,0.0,0.9444444,0.0,0.5,0.5,0.0,0.5,0.0,0.8284365,0.8284365,0.0,0.8284365,0.0,0.0018827,0.0018827,0.0,0.0018827,0.0,1.0,1.0,0.0,1.0,0.0,0.9722222,0.9722222,0.0,0.9722222,0.0,0.081153,-
2,insert_new_city,1|3|4,"substitute_pois,convert_travel_day_to_stay,rebalance_label_gap","Geneva, Switzerland","Lucerne, Switzerland",9,winter,6,balanced,0.25,0.25,0.25,0.25,76.0600525,86.3039549,10.2439024,86.3039549,0.0,0.5731707,0.8658537,0.2926829,0.8658537,0.0,0.9259259,0.9259259,0.0,0.9259259,0.0,0.8333333,0.8333333,0.0,0.8333333,0.0,0.6573899,0.6573899,0.0,0.6573899,0.0,1.0,1.0,0.0,1.0,0.0,0.949868,0.949868,0.0,0.949868,0.0,1.0,1.0,0.0,1.0,0.0,0.140688,-
2,insert_new_city,1|3|4,"substitute_pois,convert_travel_day_to_stay,rebalance_label_gap","Geneva, Switzerland","Lucerne, Switzerland",9,winter,6,nature_food,0.4,0.2,0.3,0.3,77.8625698,77.8625698,0.0,93.1139722,-15.2514025,0.5738636,0.5738636,0.0,0.9583333,-0.3844697,1.0,1.0,0.0,0.9814815,0.0185185,0.8333333,0.8333333,0.0,1.0,-0.1666667,0.7018668,0.7018668,0.0,0.7159753,-0.0141084,1.0,1.0,0.0,1.0,0.0,0.949868,0.949868,0.0,0.8220908,0.1277771,1.0,1.0,0.0,1.0,0.0,0.106694,-
2,insert_new_city,1|3|4,"substitute_pois,convert_travel_day_to_stay,rebalance_label_gap","Geneva, Switzerland","Lucerne, Switzerland",9,winter,6,culture_food,0.1,0.4,0.3,0.2,78.2070728,88.6963405,10.4892677,88.6963405,0.0,0.5852273,0.9166667,0.3314394,0.9166667,0.0,1.0,0.9259259,-0.0740741,0.9259259,0.0,0.8333333,0.8333333,0.0,0.8333333,0.0,0.6983186,0.6983186,0.0,0.6983186,0.0,1.0,1.0,0.0,1.0,0.0,0.949868,0.949868,0.0,0.949868,0.0,1.0,1.0,0.0,1.0,0.0,0.161043,-
2,insert_new_city,1|3|4,"substitute_pois,convert_travel_day_to_stay,rebalance_label_gap","Geneva, Switzerland","Lucerne, Switzerland",9,winter,10,balanced,0.25,0.25,0.25,0.25,72.9771531,86.3982058,13.4210526,82.8437704,3.5544354,0.4736842,0.8857143,0.4120301,0.7222222,0.1634921,0.9222222,0.8555556,-0.0666667,0.9111111,-0.0555556,0.8333333,0.8333333,0.0,1.0,-0.1666667,0.6877022,0.6877022,0.0,0.6525915,0.0351107,1.0,1.0,0.0,1.0,0.0,0.949868,0.949868,0.0,0.8220908,0.1277771,1.0,1.0,0.0,1.0,0.0,0.397294,-
2,insert_new_city,1|3|4,"substitute_pois,convert_travel_day_to_stay,rebalance_label_gap","Geneva, Switzerland","Lucerne, Switzerland",9,winter,10,nature_food,0.4,0.2,0.3,0.3,76.9488583,79.6959648,2.7471065,79.6959648,0.0,0.528125,0.6018519,0.0737269,0.6018519,0.0,0.9888889,1.0,0.0111111,1.0,0.0,0.8333333,0.8333333,0.0,0.8333333,0.0,0.7587873,0.7587873,0.0,0.7587873,0.0,1.0,1.0,0.0,1.0,0.0,0.949868,0.949868,0.0,0.949868,0.0,1.0,1.0,0.0,1.0,0.0,0.255731,-
2,insert_new_city,1|3|4,"substitute_pois,convert_travel_day_to_stay,rebalance_label_gap","Geneva, Switzerland","Lucerne, Switzerland",9,winter,10,culture_food,0.1,0.4,0.3,0.2,70.4212819,88.6191299,18.197848,88.6191299,0.0,0.3755411,0.9335749,0.5580338,0.9335749,0.0,0.9666667,0.8777778,-0.0888889,0.8777778,0.0,0.8333333,0.8333333,0.0,0.8333333,0.0,0.7018668,0.7018668,0.0,0.7018668,0.0,1.0,1.0,0.0,1.0,0.0,0.949868,0.949868,0.0,0.949868,0.0,1.0,1.0,0.0,1.0,0.0,0.335472,-
2,insert_new_city,1|3|4,"substitute_pois,convert_travel_day_to_stay,rebalance_label_gap","Interlaken, Switzerland","St. Moritz, Switzerland",15,summer,6,balanced,0.25,0.25,0.25,0.25,72.0402664,85.4649239,13.4246575,85.4649239,0.0,0.5479452,0.9315068,0.3835616,0.9315068,0.0,0.9444444,0.9444444,0.0,0.9444444,0.0,0.6666667,0.6666667,0.0,0.6666667,0.0,0.6932206,0.6932206,0.0,0.6932206,0.0,0.8697604,0.8697604,0.0,0.8697604,0.0,0.9699208,0.9699208,0.0,0.9699208,0.0,0.95,0.95,0.0,0.95,0.0,1.086284,-
2,insert_new_city,1|3|4,"substitute_pois,convert_travel_day_to_stay,rebalance_label_gap","Interlaken, Switzerland","St. Moritz, Switzerland",15,summer,6,nature_food,0.4,0.2,0.3,0.3,69.7858112,83.7858112,14.0,83.7858112,0.0,0.5107143,0.9107143,0.4,0.9107143,0.0,0.9444444,0.9444444,0.0,0.9444444,0.0,0.8888889,0.8888889,0.0,0.8888889,0.0,0.7090306,0.7090306,0.0,0.7090306,0.0,0.3925748,0.3925748,0.0,0.3925748,0.0,0.9699208,0.9699208,0.0,0.9699208,0.0,1.0,1.0,0.0,1.0,0.0,1.072236,-
2,insert_new_city,1|3|4,"substitute_pois,convert_travel_day_to_stay,rebalance_label_gap","Interlaken, Switzerland","St. Moritz, Switzerland",15,summer,6,culture_food,0.1,0.4,0.3,0.2,73.0198742,85.7420626,12.7221884,85.7420626,0.0,0.6135266,0.9836957,0.3701691,0.9836957,0.0,0.9333333,0.9333333,0.0,0.9333333,0.0,0.7777778,0.7777778,0.0,0.7777778,0.0,0.7192239,0.7192239,0.0,0.7192239,0.0,0.5091419,0.5091419,0.0,0.5091419,0.0,1.0,0.9699208,-0.0300792,0.9699208,0.0,1.0,0.9833333,-0.0166667,0.9833333,0.0,1.437566,-
2,insert_new_city,1|3|4,"substitute_pois,convert_travel_day_to_stay,rebalance_label_gap","Interlaken, Switzerland","St. Moritz, Switzerland",15,summer,10,balanced,0.25,0.25,0.25,0.25,79.4446008,83.687025,4.2424242,88.9900553,-5.3030303,0.6818182,0.8030303,0.1212121,0.9545455,-0.1515152,0.98,0.98,0.0,0.98,0.0,0.7777778,0.7777778,0.0,0.7777778,0.0,0.7050204,0.7050204,0.0,0.7050204,0.0,0.8872721,0.8872721,0.0,0.8872721,0.0,0.9699208,0.9699208,0.0,0.9699208,0.0,0.9833333,0.9833333,0.0,0.9833333,0.0,2.215454,-
2,insert_new_city,1|3|4,"substitute_pois,convert_travel_day_to_stay,rebalance_label_gap","Interlaken, Switzerland","St. Moritz, Switzerland",15,summer,10,nature_food,0.4,0.2,0.3,0.3,80.5456057,87.2060534,6.6604478,87.2060534,0.0,0.7070896,0.8973881,0.1902985,0.8973881,0.0,0.9866667,0.9866667,0.0,0.9866667,0.0,0.7777778,0.7777778,0.0,0.7777778,0.0,0.7127875,0.7127875,0.0,0.7127875,0.0,0.8872721,0.8872721,0.0,0.8872721,0.0,0.9699208,0.9699208,0.0,0.9699208,0.0,0.9833333,0.9833333,0.0,0.9833333,0.0,2.635118,-
2,insert_new_city,1|3|4,"substitute_pois,convert_travel_day_to_stay,rebalance_label_gap","Interlaken, Switzerland","St. Moritz, Switzerland",15,summer,10,culture_food,0.1,0.4,0.3,0.2,66.013786,78.6961631,12.682377,81.1611306,-2.4649675,0.6144126,0.9743852,0.3599727,0.9907025,-0.0163172,0.9133333,0.9133333,0.0,0.9266667,-0.0133333,0.6666667,0.6666667,0.0,0.7777778,-0.1111111,0.7306231,0.7306231,0.0,0.7377844,-0.0071613,0.01,0.01,0.0,0.0170174,-0.0070174,1.0,1.0,0.0,0.9699208,0.0300792,0.95,0.9666667,0.0166667,0.9666667,0.0,1.365104,-
2,insert_new_city,1|3|4,"substitute_pois,convert_travel_day_to_stay,rebalance_label_gap","Zurich, Switzerland","Zurich, Switzerland",15,summer,6,balanced,0.25,0.25,0.25,0.25,68.6213736,68.6213736,0.0,68.6213736,0.0,0.538961,0.538961,0.0,0.538961,0.0,1.0,1.0,0.0,1.0,0.0,0.6666667,0.6666667,0.0,0.6666667,0.0,0.5827105,0.5827105,0.0,0.5827105,0.0,0.6100413,0.6100413,0.0,0.6100413,0.0,1.0,1.0,0.0,1.0,0.0,0.9833333,0.9833333,0.0,0.9833333,0.0,0.286263,-
2,insert_new_city,1|3|4,"substitute_pois,convert_travel_day_to_stay,rebalance_label_gap","Zurich, Switzerland","Zurich, Switzerland",15,summer,6,nature_food,0.4,0.2,0.3,0.3,64.9255601,64.9255601,0.0,64.9255601,0.0,0.5347222,0.5347222,0.0,0.5347222,0.0,0.9777778,0.9777778,0.0,0.9777778,0.0,0.7777778,0.7777778,0.0,0.7777778,0.0,0.6395626,0.6395626,0.0,0.6395626,0.0,0.0433906,0.0433906,0.0,0.0433906,0.0,0.9699208,0.9699208,0.0,0.9699208,0.0,1.0,1.0,0.0,1.0,0.0,0.159308,-
2,insert_new_city,1|3|4,"substitute_pois,convert_travel_day_to_stay,rebalance_label_gap","Zurich, Switzerland","Zurich, Switzerland",15,summer,6,culture_food,0.1,0.4,0.3,0.2,69.4381007,69.4381007,0.0,69.4381007,0.0,0.7111872,0.7111872,0.0,0.7111872,0.0,0.9666667,0.9666667,0.0,0.9666667,0.0,0.6666667,0.6666667,0.0,0.6666667,0.0,0.6724298,0.6724298,0.0,0.6724298,0.0,0.0277165,0.0277165,0.0,0.0277165,0.0,0.9699208,0.9699208,0.0,0.9699208,0.0,0.9666667,0.9666667,0.0,0.9666667,0.0,0.175587,-
2,insert_new_city,1|3|4,"substitute_pois,convert_travel_day_to_stay,rebalance_label_gap","Zurich, Switzerland","Zurich, Switzerland",15,summer,10,balanced,0.25,0.25,0.25,0.25,71.9744689,71.9744689,0.0,71.9744689,0.0,0.6031746,0.6031746,0.0,0.6031746,0.0,0.96,0.96,0.0,0.96,0.0,0.7777778,0.7777778,0.0,0.7777778,0.0,0.8526094,0.8526094,0.0,0.8526094,0.0,0.2157946,0.2157946,0.0,0.2157946,0.0,0.9699208,0.9699208,0.0,0.9699208,0.0,1.0,1.0,0.0,1.0,0.0,0.617895,-
2,insert_new_city,1|3|4,"substitute_pois,convert_travel_day_to_stay,rebalance_label_gap","Zurich, Switzerland","Zurich, Switzerland",15,summer,10,nature_food,0.4,0.2,0.3,0.3,70.2453596,70.2453596,0.0,70.2453596,0.0,0.7288462,0.7288462,0.0,0.7288462,0.0,0.9666667,0.9666667,0.0,0.9666667,0.0,0.6666667,0.6666667,0.0,0.6666667,0.0,0.6694609,0.6694609,0.0,0.6694609,0.0,0.0277165,0.0277165,0.0,0.0277165,0.0,1.0,1.0,0.0,1.0,0.0,0.9833333,0.9833333,0.0,0.9833333,0.0,0.484502,-
2,insert_new_city,1|3|4,"substitute_pois,convert_travel_day_to_stay,rebalance_label_gap","Zurich, Switzerland","Zurich, Switzerland",15,summer,10,culture_food,0.1,0.4,0.3,0.2,76.9791925,76.9791925,0.0,76.9791925,0.0,0.5588038,0.5588038,0.0,0.5588038,0.0,0.9466667,0.9466667,0.0,0.9466667,0.0,0.7777778,0.7777778,0.0,0.7777778,0.0,0.8119804,0.8119804,0.0,0.8119804,0.0,0.9525085,0.9525085,0.0,0.9525085,0.0,0.9699208,0.9699208,0.0,0.9699208,0.0,1.0,1.0,0.0,1.0,0.0,0.539914,-
2,insert_new_city,1|3|4,"substitute_pois,convert_travel_day_to_stay,rebalance_label_gap","Geneva, Switzerland","Lucerne, Switzerland",15,summer,6,balanced,0.25,0.25,0.25,0.25,73.9177713,86.5310462,12.6132749,86.5310462,0.0,0.4810127,0.8461538,0.3651412,0.8461538,0.0,0.9888889,0.9777778,-0.0111111,0.9777778,0.0,0.7777778,0.7777778,0.0,0.7777778,0.0,0.7210705,0.7210705,0.0,0.7210705,0.0,1.0,1.0,0.0,1.0,0.0,0.9699208,0.9699208,0.0,0.9699208,0.0,0.9833333,0.9833333,0.0,0.9833333,0.0,2.756096,-
2,insert_new_city,1|3|4,"substitute_pois,convert_travel_day_to_stay,rebalance_label_gap","Geneva, Switzerland","Lucerne, Switzerland",15,summer,6,nature_food,0.4,0.2,0.3,0.3,72.5491234,90.6534161,18.1042927,90.6534161,0.0,0.4264706,0.9456522,0.5191816,0.9456522,0.0,0.9333333,0.9444444,0.0111111,0.9444444,0.0,0.8888889,0.8888889,0.0,0.8888889,0.0,0.7098432,0.7098432,0.0,0.7098432,0.0,0.9792067,0.9792067,0.0,0.9792067,0.0,0.9699208,0.9398416,-0.0300792,0.9398416,0.0,1.0,0.9833333,-0.0166667,0.9833333,0.0,1.208143,-
2,insert_new_city,1|3|4,"substitute_pois,convert_travel_day_to_stay,rebalance_label_gap","Geneva, Switzerland","Lucerne, Switzerland",15,summer,6,culture_food,0.1,0.4,0.3,0.2,76.4684519,92.1815685,15.7131166,92.1815685,0.0,0.5256849,0.9841549,0.45847,0.9841549,0.0,0.9777778,0.9555556,-0.0222222,0.9555556,0.0,0.8888889,0.8888889,0.0,0.8888889,0.0,0.696907,0.696907,0.0,0.696907,0.0,1.0,1.0,0.0,1.0,0.0,0.9398416,0.9398416,0.0,0.9398416,0.0,0.9833333,0.9833333,0.0,0.9833333,0.0,1.990918,-
2,insert_new_city,1|3|4,"substitute_pois,convert_travel_day_to_stay,rebalance_label_gap","Geneva, Switzerland","Lucerne, Switzerland",15,summer,10,balanced,0.25,0.25,0.25,0.25,77.683535,89.5480642,11.8645293,90.9944992,-1.446435,0.641791,0.9850746,0.3432836,0.952381,0.0326937,0.9666667,0.9666667,0.0,0.94,0.0266667,0.6666667,0.6666667,0.0,0.8888889,-0.2222222,0.7258343,0.7258343,0.0,0.7074109,0.0184234,1.0,1.0,0.0,1.0,0.0,1.0,0.9699208,-0.0300792,0.9233337,0.0465871,0.9666667,0.9666667,0.0,1.0,-0.0333333,3.039149,-
2,insert_new_city,1|3|4,"substitute_pois,convert_travel_day_to_stay,rebalance_label_gap","Geneva, Switzerland","Lucerne, Switzerland",15,summer,10,nature_food,0.4,0.2,0.3,0.3,80.2042398,89.3805118,9.176272,89.3805118,0.0,0.6809701,0.9488636,0.2678935,0.9488636,0.0,0.9666667,0.9533333,-0.0133333,0.9533333,0.0,0.7777778,0.7777778,0.0,0.7777778,0.0,0.6802412,0.6802412,0.0,0.6802412,0.0,1.0,1.0,0.0,1.0,0.0,1.0,1.0,0.0,1.0,0.0,1.0,1.0,0.0,1.0,0.0,3.114364,-
2,insert_new_city,1|3|4,"substitute_pois,convert_travel_day_to_stay,rebalance_label_gap","Geneva, Switzerland","Lucerne, Switzerland",15,summer,10,culture_food,0.1,0.4,0.3,0.2,77.4311399,90.149521,12.7183811,92.3921964,-2.2426754,0.5936693,0.9580153,0.364346,0.9898219,-0.0318066,0.9533333,0.9666667,0.0133333,0.9733333,-0.0066667,0.7777778,0.7777778,0.0,0.8888889,-0.1111111,0.7141368,0.7141368,0.0,0.6969942,0.0171425,0.9973998,0.9973998,0.0,0.9977245,-0.0003247,1.0,0.9699208,-0.0300792,0.8932545,0.0766663,1.0,0.9833333,-0.0166667,0.9833333,0.0,3.295376,-
2,insert_new_city,1|3|4,"substitute_pois,convert_travel_day_to_stay,rebalance_label_gap","Interlaken, Switzerland","St. Moritz, Switzerland",15,winter,6,balanced,0.25,0.25,0.25,0.25,79.7993472,85.0232278,5.2238806,90.7399182,-5.7166905,0.7462687,0.8955224,0.1492537,0.9714286,-0.0759062,0.9222222,0.9222222,0.0,0.9666667,-0.0444444,0.7777778,0.7777778,0.0,0.8888889,-0.1111111,0.7192239,0.7192239,0.0,0.7144869,0.004737,0.7391585,0.7391585,0.0,0.8572613,-0.1181028,1.0,1.0,0.0,0.9233337,0.0766663,1.0,1.0,0.0,1.0,0.0,0.847084,-
2,insert_new_city,1|3|4,"substitute_pois,convert_travel_day_to_stay,rebalance_label_gap","Interlaken, Switzerland","St. Moritz, Switzerland",15,winter,6,nature_food,0.4,0.2,0.3,0.3,71.7682226,73.5460004,1.7777778,73.5460004,0.0,0.6944444,0.75,0.0555556,0.75,0.0,0.9888889,0.9777778,-0.0111111,0.9777778,0.0,0.7777778,0.7777778,0.0,0.7777778,0.0,0.7335551,0.7335551,0.0,0.7335551,0.0,0.019307,0.019307,0.0,0.019307,0.0,0.9699208,0.9699208,0.0,0.9699208,0.0,0.9833333,0.9833333,0.0,0.9833333,0.0,0.198401,-
2,insert_new_city,1|3|4,"substitute_pois,convert_travel_day_to_stay,rebalance_label_gap","Interlaken, Switzerland","St. Moritz, Switzerland",15,winter,6,culture_food,0.1,0.4,0.3,0.2,73.01394,82.6082382,9.5942982,82.6082382,0.0,0.6025219,0.8766447,0.2741228,0.8766447,0.0,0.9888889,0.9888889,0.0,0.9888889,0.0,0.6666667,0.6666667,0.0,0.6666667,0.0,0.7460483,0.7460483,0.0,0.7460483,0.0,0.5984948,0.5984948,0.0,0.5984948,0.0,1.0,1.0,0.0,1.0,0.0,0.9833333,0.9833333,0.0,0.9833333,0.0,0.711536,-
2,insert_new_city,1|3|4,"substitute_pois,convert_travel_day_to_stay,rebalance_label_gap","Interlaken, Switzerland","St. Moritz, Switzerland",15,winter,10,balanced,0.25,0.25,0.25,0.25,78.2312523,85.7622465,7.5309942,91.1176701,-5.3554237,0.6616541,0.8968254,0.2351713,0.9848485,-0.0880231,0.9733333,0.9266667,-0.0466667,0.98,-0.0533333,0.7777778,0.7777778,0.0,0.8888889,-0.1111111,0.6947087,0.6947087,0.0,0.6958109,-0.0011022,0.838606,0.838606,0.0,0.8560807,-0.0174747,1.0,1.0,0.0,0.9233337,0.0766663,1.0,1.0,0.0,1.0,0.0,0.931643,-
2,insert_new_city,1|3|4,"substitute_pois,convert_travel_day_to_stay,rebalance_label_gap","Interlaken, Switzerland","St. Moritz, Switzerland",15,winter,10,nature_food,0.4,0.2,0.3,0.3,79.3156672,85.8614687,6.5458015,86.1752885,-0.3138198,0.6889313,0.8759542,0.1870229,0.8731343,0.0028199,0.9733333,0.9733333,0.0,0.98,-0.0066667,0.7777778,0.7777778,0.0,0.7777778,0.0,0.7510844,0.7510844,0.0,0.701773,0.0493114,0.7820535,0.7820535,0.0,0.8872721,-0.1052186,0.9699208,0.9699208,0.0,0.9699208,0.0,1.0,1.0,0.0,1.0,0.0,0.655859,-
2,insert_new_city,1|3|4,"substitute_pois,convert_travel_day_to_stay,rebalance_label_gap","Interlaken, Switzerland","St. Moritz, Switzerland",15,winter,10,culture_food,0.1,0.4,0.3,0.2,72.322333,82.3558794,10.0335464,82.3558794,0.0,0.5722446,0.8789174,0.3066728,0.8789174,0.0,0.9133333,0.8666667,-0.0466667,0.8666667,0.0,0.7777778,0.7777778,0.0,0.7777778,0.0,0.7202551,0.7202551,0.0,0.7202551,0.0,0.6440341,0.6440341,0.0,0.6440341,0.0,0.9699208,0.9699208,0.0,0.9699208,0.0,0.9666667,0.9666667,0.0,0.9666667,0.0,0.600459,-
2,insert_new_city,1|3|4,"substitute_pois,convert_travel_day_to_stay,rebalance_label_gap","Zurich, Switzerland","Zurich, Switzerland",15,winter,6,balanced,0.25,0.25,0.25,0.25,80.1989844,80.1989844,0.0,80.1989844,0.0,0.7714286,0.7714286,0.0,0.7714286,0.0,0.9444444,0.9444444,0.0,0.9444444,0.0,0.7777778,0.7777778,0.0,0.7777778,0.0,0.6701956,0.6701956,0.0,0.6701956,0.0,0.7463113,0.7463113,0.0,0.7463113,0.0,0.9699208,0.9699208,0.0,0.9699208,0.0,1.0,1.0,0.0,1.0,0.0,0.112553,-
2,insert_new_city,1|3|4,"substitute_pois,convert_travel_day_to_stay,rebalance_label_gap","Zurich, Switzerland","Zurich, Switzerland",15,winter,6,nature_food,0.4,0.2,0.3,0.3,73.0217489,73.0217489,0.0,73.0217489,0.0,0.5684932,0.5684932,0.0,0.5684932,0.0,0.9666667,0.9666667,0.0,0.9666667,0.0,0.6666667,0.6666667,0.0,0.6666667,0.0,0.5822549,0.5822549,0.0,0.5822549,0.0,0.9973998,0.9973998,0.0,0.9973998,0.0,1.0,1.0,0.0,1.0,0.0,0.9833333,0.9833333,0.0,0.9833333,0.0,0.069356,-
2,insert_new_city,1|3|4,"substitute_pois,convert_travel_day_to_stay,rebalance_label_gap","Zurich, Switzerland","Zurich, Switzerland",15,winter,6,culture_food,0.1,0.4,0.3,0.2,71.8979666,71.8979666,0.0,71.8979666,0.0,0.4746377,0.4746377,0.0,0.4746377,0.0,0.9666667,0.9666667,0.0,0.9666667,0.0,0.7777778,0.7777778,0.0,0.7777778,0.0,0.8526094,0.8526094,0.0,0.8526094,0.0,0.6480236,0.6480236,0.0,0.6480236,0.0,0.9699208,0.9699208,0.0,0.9699208,0.0,1.0,1.0,0.0,1.0,0.0,0.086616,-
2,insert_new_city,1|3|4,"substitute_pois,convert_travel_day_to_stay,rebalance_label_gap","Zurich, Switzerland","Zurich, Switzerland",15,winter,10,balanced,0.25,0.25,0.25,0.25,70.0448918,70.0448918,0.0,70.0448918,0.0,0.4806202,0.4806202,0.0,0.4806202,0.0,0.96,0.96,0.0,0.96,0.0,0.7777778,0.7777778,0.0,0.7777778,0.0,0.6562535,0.6562535,0.0,0.6562535,0.0,0.7463113,0.7463113,0.0,0.7463113,0.0,0.9699208,0.9699208,0.0,0.9699208,0.0,1.0,1.0,0.0,1.0,0.0,0.163007,-
2,insert_new_city,1|3|4,"substitute_pois,convert_travel_day_to_stay,rebalance_label_gap","Zurich, Switzerland","Zurich, Switzerland",15,winter,10,nature_food,0.4,0.2,0.3,0.3,73.4747766,73.4747766,0.0,73.4747766,0.0,0.5708661,0.5708661,0.0,0.5708661,0.0,0.9666667,0.9666667,0.0,0.9666667,0.0,0.7777778,0.7777778,0.0,0.7777778,0.0,0.733197,0.733197,0.0,0.733197,0.0,0.6480236,0.6480236,0.0,0.6480236,0.0,0.9699208,0.9699208,0.0,0.9699208,0.0,1.0,1.0,0.0,1.0,0.0,0.156299,-
2,insert_new_city,1|3|4,"substitute_pois,convert_travel_day_to_stay,rebalance_label_gap","Zurich, Switzerland","Zurich, Switzerland",15,winter,10,culture_food,0.1,0.4,0.3,0.2,65.7640609,65.7640609,0.0,65.7640609,0.0,0.5086088,0.5086088,0.0,0.5086088,0.0,0.9133333,0.9133333,0.0,0.9133333,0.0,0.6666667,0.6666667,0.0,0.6666667,0.0,0.8407387,0.8407387,0.0,0.8407387,0.0,0.1735005,0.1735005,0.0,0.1735005,0.0,1.0,1.0,0.0,1.0,0.0,0.9833333,0.9833333,0.0,0.9833333,0.0,0.182826,-
2,insert_new_city,1|3|4,"substitute_pois,convert_travel_day_to_stay,rebalance_label_gap","Geneva, Switzerland","Lucerne, Switzerland",15,winter,6,balanced,0.25,0.25,0.25,0.25,76.4467923,84.2365355,7.7897432,88.7278326,-4.4912971,0.6764706,0.7945205,0.11805,0.8857143,-0.0911937,0.9111111,0.9555556,0.0444444,0.9444444,0.0111111,0.7777778,0.7777778,0.0,0.8888889,-0.1111111,0.7202235,0.7007766,-0.0194469,0.7074109,-0.0066343,0.6633635,1.0,0.3366365,1.0,0.0,1.0,1.0,0.0,0.9233337,0.0766663,1.0,0.9833333,-0.0166667,1.0,-0.0166667,0.487693,-
2,insert_new_city,1|3|4,"substitute_pois,convert_travel_day_to_stay,rebalance_label_gap","Geneva, Switzerland","Lucerne, Switzerland",15,winter,6,nature_food,0.4,0.2,0.3,0.3,78.5888252,79.8744416,1.2856164,84.2599545,-4.3855129,0.5633333,0.609589,0.0462557,0.7042254,-0.0946363,1.0,0.9777778,-0.0222222,0.9666667,0.0111111,0.8888889,0.8888889,0.0,1.0,-0.1111111,0.7126148,0.7126148,0.0,0.7097196,0.0028951,1.0,1.0,0.0,1.0,0.0,0.9699208,0.9699208,0.0,0.8932545,0.0766663,1.0,1.0,0.0,1.0,0.0,0.356077,-
2,insert_new_city,1|3|4,"substitute_pois,convert_travel_day_to_stay,rebalance_label_gap","Geneva, Switzerland","Lucerne, Switzerland",15,winter,6,culture_food,0.1,0.4,0.3,0.2,78.5424774,86.02603,7.4835526,86.02603,0.0,0.5997807,0.8135965,0.2138158,0.8135965,0.0,1.0,1.0,0.0,1.0,0.0,0.7777778,0.7777778,0.0,0.7777778,0.0,0.7311213,0.7311213,0.0,0.7311213,0.0,1.0,1.0,0.0,1.0,0.0,1.0,1.0,0.0,1.0,0.0,0.9833333,0.9833333,0.0,0.9833333,0.0,0.473734,-
2,insert_new_city,1|3|4,"substitute_pois,convert_travel_day_to_stay,rebalance_label_gap","Geneva, Switzerland","Lucerne, Switzerland",15,winter,10,balanced,0.25,0.25,0.25,0.25,73.5268424,86.7894005,13.2625582,88.9881738,-2.1987732,0.4274809,0.8292683,0.4017874,0.8688525,-0.0395842,0.9533333,0.9,-0.0533333,0.9133333,-0.0133333,0.8888889,0.8888889,0.0,1.0,-0.1111111,0.7388049,0.7388049,0.0,0.7097196,0.0290852,1.0,1.0,0.0,1.0,0.0,0.9699208,0.9699208,0.0,0.8631753,0.1067455,1.0,1.0,0.0,0.9833333,0.0166667,1.691406,-
2,insert_new_city,1|3|4,"substitute_pois,convert_travel_day_to_stay,rebalance_label_gap","Geneva, Switzerland","Lucerne, Switzerland",15,winter,10,nature_food,0.4,0.2,0.3,0.3,74.9606957,82.1773624,7.2166667,82.1773624,0.0,0.5,0.7261905,0.2261905,0.7261905,0.0,0.9733333,0.9266667,-0.0466667,0.9266667,0.0,0.7777778,0.7777778,0.0,0.7777778,0.0,0.7462686,0.7462686,0.0,0.7462686,0.0,1.0,1.0,0.0,1.0,0.0,1.0,1.0,0.0,1.0,0.0,1.0,1.0,0.0,1.0,0.0,0.790056,-
2,insert_new_city,1|3|4,"substitute_pois,convert_travel_day_to_stay,rebalance_label_gap","Geneva, Switzerland","Lucerne, Switzerland",15,winter,10,culture_food,0.1,0.4,0.3,0.2,68.8327286,87.9204008,19.0876722,87.9204008,0.0,0.3371212,0.9139118,0.5767906,0.9139118,0.0,0.96,0.8866667,-0.0733333,0.8866667,0.0,0.7777778,0.7777778,0.0,0.7777778,0.0,0.7311213,0.7311213,0.0,0.7311213,0.0,1.0,1.0,0.0,1.0,0.0,1.0,1.0,0.0,1.0,0.0,1.0,1.0,0.0,1.0,0.0,1.385666,-
2,insert_new_city,1|3|4,"substitute_pois,convert_travel_day_to_stay,rebalance_label_gap","Interlaken, Switzerland","St. Moritz, Switzerland",21,summer,6,balanced,0.25,0.25,0.25,0.25,73.9632504,87.5130134,13.549763,88.1892257,-0.6762123,0.5346535,0.9842105,0.4495571,0.9623656,0.0218449,0.968254,0.9047619,-0.0634921,0.9206349,-0.015873,0.7692308,0.6923077,-0.0769231,0.8461538,-0.1538462,0.6948162,0.7045065,0.0096903,0.6884548,0.0160517,0.8825388,0.8720574,-0.0104814,0.854539,0.0175185,1.0,1.0,0.0,0.8621916,0.1378084,0.9880952,0.9642857,-0.0238095,0.9642857,0.0,2.26569,-
2,insert_new_city,1|3|4,"substitute_pois,convert_travel_day_to_stay,rebalance_label_gap","Interlaken, Switzerland","St. Moritz, Switzerland",21,summer,6,nature_food,0.4,0.2,0.3,0.3,74.6737479,86.8114788,12.1377309,86.8114788,0.0,0.5412621,0.8894231,0.3481609,0.8894231,0.0,0.9603175,0.968254,0.0079365,0.968254,0.0,0.7692308,0.7692308,0.0,0.7692308,0.0,0.7336729,0.7336729,0.0,0.7336729,0.0,0.884078,0.884078,0.0,0.884078,0.0,1.0,0.9785148,-0.0214852,0.9785148,0.0,0.9880952,0.9761905,-0.0119048,0.9761905,0.0,1.912301,-
2,insert_new_city,1|3|4,"substitute_pois,convert_travel_day_to_stay,rebalance_label_gap","Interlaken, Switzerland","St. Moritz, Switzerland",21,summer,6,culture_food,0.1,0.4,0.3,0.2,75.5674206,86.7760402,11.2086196,86.7760402,0.0,0.6381803,0.9494337,0.3112534,0.9494337,0.0,0.9444444,0.968254,0.0238095,0.968254,0.0,0.7692308,0.7692308,0.0,0.7692308,0.0,0.7258043,0.726656,0.0008517,0.726656,0.0,0.6805867,0.6810225,0.0004357,0.6810225,0.0,0.9785148,0.9785148,0.0,0.9785148,0.0,0.9880952,0.9761905,-0.0119048,0.9761905,0.0,3.406645,-
2,insert_new_city,1|3|4,"substitute_pois,convert_travel_day_to_stay,rebalance_label_gap","Interlaken, Switzerland","St. Moritz, Switzerland",21,summer,10,balanced,0.25,0.25,0.25,0.25,82.2504411,90.6200064,8.3695652,90.6200064,0.0,0.75,0.9891304,0.2391304,0.9891304,0.0,0.9666667,0.9666667,0.0,0.9666667,0.0,0.7692308,0.7692308,0.0,0.7692308,0.0,0.7453816,0.7453816,0.0,0.7453816,0.0,0.884078,0.884078,0.0,0.884078,0.0,1.0,1.0,0.0,1.0,0.0,0.9880952,0.9880952,0.0,0.9880952,0.0,4.560785,-
2,insert_new_city,1|3|4,"substitute_pois,convert_travel_day_to_stay,rebalance_label_gap","Interlaken, Switzerland","St. Moritz, Switzerland",21,summer,10,nature_food,0.4,0.2,0.3,0.3,80.1920219,90.803724,10.6117021,90.803724,0.0,0.6848404,0.9880319,0.3031915,0.9880319,0.0,0.9904762,0.9904762,0.0,0.9904762,0.0,0.7692308,0.7692308,0.0,0.7692308,0.0,0.7201981,0.7201981,0.0,0.7201981,0.0,0.919098,0.919098,0.0,0.919098,0.0,0.9785148,0.9785148,0.0,0.9785148,0.0,0.9880952,0.9880952,0.0,0.9880952,0.0,8.153116,-
2,insert_new_city,1|3|4,"substitute_pois,convert_travel_day_to_stay,rebalance_label_gap","Interlaken, Switzerland","St. Moritz, Switzerland",21,summer,10,culture_food,0.1,0.4,0.3,0.2,70.4771907,82.3770669,11.8998761,82.3770669,0.0,0.631262,0.9654762,0.3342141,0.9654762,0.0,0.9190476,0.9285714,0.0095238,0.9285714,0.0,0.6923077,0.6923077,0.0,0.6923077,0.0,0.6809979,0.6809979,0.0,0.6809979,0.0,0.4176293,0.4176293,0.0,0.4176293,0.0,1.0,1.0,0.0,1.0,0.0,0.9642857,0.9761905,0.0119048,0.9761905,0.0,4.711704,-
2,insert_new_city,1|3|4,"substitute_pois,convert_travel_day_to_stay,rebalance_label_gap","Zurich, Switzerland","Zurich, Switzerland",21,summer,6,balanced,0.25,0.25,0.25,0.25,68.9047963,68.9047963,0.0,68.9047963,0.0,0.5471698,0.5471698,0.0,0.5471698,0.0,0.984127,0.984127,0.0,0.984127,0.0,0.6923077,0.6923077,0.0,0.6923077,0.0,0.6935984,0.6935984,0.0,0.6935984,0.0,0.426288,0.426288,0.0,0.426288,0.0,1.0,1.0,0.0,1.0,0.0,0.9880952,0.9880952,0.0,0.9880952,0.0,0.346972,-
2,insert_new_city,1|3|4,"substitute_pois,convert_travel_day_to_stay,rebalance_label_gap","Zurich, Switzerland","Zurich, Switzerland",21,summer,6,nature_food,0.4,0.2,0.3,0.3,66.3267749,66.3267749,0.0,66.3267749,0.0,0.4725,0.4725,0.0,0.4725,0.0,0.968254,0.968254,0.0,0.968254,0.0,0.7692308,0.7692308,0.0,0.7692308,0.0,0.7036061,0.7036061,0.0,0.7036061,0.0,0.3280338,0.3280338,0.0,0.3280338,0.0,0.9785148,0.9785148,0.0,0.9785148,0.0,1.0,1.0,0.0,1.0,0.0,0.343149,-
2,insert_new_city,1|3|4,"substitute_pois,convert_travel_day_to_stay,rebalance_label_gap","Zurich, Switzerland","Zurich, Switzerland",21,summer,6,culture_food,0.1,0.4,0.3,0.2,70.1684749,70.1684749,0.0,70.1684749,0.0,0.6597896,0.6597896,0.0,0.6597896,0.0,0.9603175,0.9603175,0.0,0.9603175,0.0,0.6153846,0.6153846,0.0,0.6153846,0.0,0.737008,0.737008,0.0,0.737008,0.0,0.2563758,0.2563758,0.0,0.2563758,0.0,1.0,1.0,0.0,1.0,0.0,0.9642857,0.9642857,0.0,0.9642857,0.0,0.349778,-
2,insert_new_city,1|3|4,"substitute_pois,convert_travel_day_to_stay,rebalance_label_gap","Zurich, Switzerland","Zurich, Switzerland",21,summer,10,balanced,0.25,0.25,0.25,0.25,80.3137913,80.3137913,0.0,80.3137913,0.0,0.6813187,0.6813187,0.0,0.6813187,0.0,0.9571429,0.9571429,0.0,0.9571429,0.0,0.6923077,0.6923077,0.0,0.6923077,0.0,0.7868542,0.7868542,0.0,0.7868542,0.0,0.998259,0.998259,0.0,0.998259,0.0,1.0,1.0,0.0,1.0,0.0,0.9880952,0.9880952,0.0,0.9880952,0.0,0.86868,-
2,insert_new_city,1|3|4,"substitute_pois,convert_travel_day_to_stay,rebalance_label_gap","Zurich, Switzerland","Zurich, Switzerland",21,summer,10,nature_food,0.4,0.2,0.3,0.3,72.0138338,72.0138338,0.0,72.0138338,0.0,0.6703297,0.6703297,0.0,0.6703297,0.0,0.9666667,0.9666667,0.0,0.9666667,0.0,0.6923077,0.6923077,0.0,0.6923077,0.0,0.7306542,0.7306542,0.0,0.7306542,0.0,0.293434,0.293434,0.0,0.293434,0.0,0.9785148,0.9785148,0.0,0.9785148,0.0,0.9761905,0.9761905,0.0,0.9761905,0.0,0.775514,-
2,insert_new_city,1|3|4,"substitute_pois,convert_travel_day_to_stay,rebalance_label_gap","Zurich, Switzerland","Zurich, Switzerland",21,summer,10,culture_food,0.1,0.4,0.3,0.2,67.7944765,67.7944765,0.0,67.7944765,0.0,0.547619,0.547619,0.0,0.547619,0.0,0.9428571,0.9428571,0.0,0.9428571,0.0,0.6923077,0.6923077,0.0,0.6923077,0.0,0.7868542,0.7868542,0.0,0.7868542,0.0,0.2357048,0.2357048,0.0,0.2357048,0.0,1.0,1.0,0.0,1.0,0.0,0.9880952,0.9880952,0.0,0.9880952,0.0,1.07497,-
2,insert_new_city,1|3|4,"substitute_pois,convert_travel_day_to_stay,rebalance_label_gap","Geneva, Switzerland","Lucerne, Switzerland",21,summer,6,balanced,0.25,0.25,0.25,0.25,76.7292864,86.9573499,10.2280634,86.9573499,0.0,0.5849057,0.8785047,0.293599,0.8785047,0.0,0.9761905,0.984127,0.0079365,0.984127,0.0,0.7692308,0.7692308,0.0,0.7692308,0.0,0.6828813,0.6828813,0.0,0.6828813,0.0,1.0,1.0,0.0,1.0,0.0,0.9785148,0.9570297,-0.0214852,0.9570297,0.0,0.9880952,0.9761905,-0.0119048,0.9761905,0.0,3.562647,-
2,insert_new_city,1|3|4,"substitute_pois,convert_travel_day_to_stay,rebalance_label_gap","Geneva, Switzerland","Lucerne, Switzerland",21,summer,6,nature_food,0.4,0.2,0.3,0.3,68.8643551,76.1768464,7.3124913,80.2091416,-4.0322951,0.3932039,0.5966981,0.2034942,0.9244792,-0.3277811,0.952381,0.9761905,0.0238095,0.9444444,0.031746,0.6923077,0.6923077,0.0,0.7692308,-0.0769231,0.7157321,0.7157321,0.0,0.6585668,0.0571653,0.9814956,0.9814956,0.0,0.2828545,0.698641,1.0,0.9785148,-0.0214852,0.9237532,0.0547616,0.9761905,0.9642857,-0.0119048,0.9642857,0.0,2.351751,-
2,insert_new_city,1|3|4,"substitute_pois,convert_travel_day_to_stay,rebalance_label_gap","Geneva, Switzerland","Lucerne, Switzerland",21,summer,6,culture_food,0.1,0.4,0.3,0.2,78.1789143,89.5678032,11.3888889,89.5678032,0.0,0.6170635,0.9424603,0.3253968,0.9424603,0.0,0.984127,0.984127,0.0,0.984127,0.0,0.7692308,0.7692308,0.0,0.7692308,0.0,0.7005199,0.7005199,0.0,0.7005199,0.0,1.0,1.0,0.0,1.0,0.0,0.9785148,0.9785148,0.0,0.9785148,0.0,0.9761905,0.9761905,0.0,0.9761905,0.0,4.346739,-
2,insert_new_city,1|3|4,"substitute_pois,convert_travel_day_to_stay,rebalance_label_gap","Geneva, Switzerland","Lucerne, Switzerland",21,summer,10,balanced,0.25,0.25,0.25,0.25,74.786472,88.3483219,13.5618499,87.1940507,1.1542712,0.5355191,0.9189189,0.3833998,0.8701657,0.0487532,0.9619048,0.9714286,0.0095238,0.9666667,0.0047619,0.7692308,0.7692308,0.0,0.8461538,-0.0769231,0.6828813,0.6828813,0.0,0.6832156,-0.0003343,1.0,1.0,0.0,0.9996728,0.0003272,0.9785148,0.9785148,0.0,0.8840055,0.0945093,0.9880952,0.9880952,0.0,0.9761905,0.0119048,6.301473,-
2,insert_new_city,1|3|4,"substitute_pois,convert_travel_day_to_stay,rebalance_label_gap","Geneva, Switzerland","Lucerne, Switzerland",21,summer,10,nature_food,0.4,0.2,0.3,0.3,76.4988297,88.6470527,12.1482231,88.6470527,0.0,0.5939227,0.9430556,0.3491329,0.9430556,0.0,0.952381,0.947619,-0.0047619,0.947619,0.0,0.7692308,0.7692308,0.0,0.7692308,0.0,0.6742556,0.6742556,0.0,0.6742556,0.0,1.0,1.0,0.0,1.0,0.0,0.9785148,0.9785148,0.0,0.9785148,0.0,0.9761905,0.9761905,0.0,0.9761905,0.0,7.616949,-
2,insert_new_city,1|3|4,"substitute_pois,convert_travel_day_to_stay,rebalance_label_gap","Geneva, Switzerland","Lucerne, Switzerland",21,summer,10,culture_food,0.1,0.4,0.3,0.2,71.8950987,85.9177051,14.0226064,87.4763796,-1.5586745,0.5648148,0.9637681,0.3989533,0.9796196,-0.0158514,0.9428571,0.9619048,0.0190476,0.9666667,-0.0047619,0.6923077,0.6923077,0.0,0.7692308,-0.0769231,0.7049855,0.7049855,0.0,0.6921866,0.0127989,0.7143373,0.7143373,0.0,0.7387764,-0.0244391,1.0,0.9785148,-0.0214852,0.9237532,0.0547616,0.9761905,0.952381,-0.0238095,0.952381,0.0,7.942852,-
2,insert_new_city,1|3|4,"substitute_pois,convert_travel_day_to_stay,rebalance_label_gap","Interlaken, Switzerland","St. Moritz, Switzerland",21,winter,6,balanced,0.25,0.25,0.25,0.25,73.3340951,82.5648644,9.2307692,85.8887117,-3.3238473,0.6373626,0.9010989,0.2637363,0.9662921,-0.0651932,0.8730159,0.8730159,0.0,0.8650794,0.0079365,0.6923077,0.6923077,0.0,0.7692308,-0.0769231,0.7082158,0.7082158,0.0,0.710472,-0.0022562,0.7101884,0.7101884,0.0,0.7349135,-0.0247251,1.0,1.0,0.0,0.9452384,0.0547616,0.9642857,0.9642857,0.0,0.9642857,0.0,1.118357,-
2,insert_new_city,1|3|4,"substitute_pois,convert_travel_day_to_stay,rebalance_label_gap","Interlaken, Switzerland","St. Moritz, Switzerland",21,winter,6,nature_food,0.4,0.2,0.3,0.3,74.778905,74.8365225,0.0576175,81.6998729,-6.8633504,0.6704545,0.6904762,0.0200216,0.8372093,-0.1467331,0.8333333,0.8015873,-0.031746,0.8333333,-0.031746,0.6153846,0.6153846,0.0,0.6923077,-0.0769231,0.7242309,0.7242309,0.0,0.7305111,-0.0062801,0.8956858,0.8956858,0.0,0.9067169,-0.0110311,1.0,0.9785148,-0.0214852,0.9452384,0.0332765,0.952381,0.9404762,-0.0119048,0.952381,-0.0119048,0.638402,-
2,insert_new_city,1|3|4,"substitute_pois,convert_travel_day_to_stay,rebalance_label_gap","Interlaken, Switzerland","St. Moritz, Switzerland",21,winter,6,culture_food,0.1,0.4,0.3,0.2,73.8005965,82.8620852,9.0614887,84.1983969,-1.3363117,0.6258091,0.8847087,0.2588997,0.829344,0.0553648,0.9761905,0.9761905,0.0,0.9285714,0.047619,0.6923077,0.6923077,0.0,0.9230769,-0.2307692,0.7105673,0.7105673,0.0,0.7122863,-0.001719,0.6437771,0.6437771,0.0,0.7260522,-0.0822752,0.9785148,0.9785148,0.0,0.9022681,0.0762468,0.9761905,0.9761905,0.0,0.9880952,-0.0119048,2.332473,-
2,insert_new_city,1|3|4,"substitute_pois,convert_travel_day_to_stay,rebalance_label_gap","Interlaken, Switzerland","St. Moritz, Switzerland",21,winter,10,balanced,0.25,0.25,0.25,0.25,69.130474,80.099888,10.969414,79.5660411,0.5338469,0.4886364,0.8068182,0.3181818,0.7976879,0.0091303,0.9333333,0.9333333,0.0,0.9190476,0.0142857,0.8461538,0.8461538,0.0,0.8461538,0.0,0.6914736,0.6914736,0.0,0.6914736,0.0,0.5071216,0.5071216,0.0,0.5071216,0.0,0.9785148,0.9570297,-0.0214852,0.9570297,0.0,1.0,0.9880952,-0.0119048,0.9880952,0.0,1.668048,-
2,insert_new_city,1|3|4,"substitute_pois,convert_travel_day_to_stay,rebalance_label_gap","Interlaken, Switzerland","St. Moritz, Switzerland",21,winter,10,nature_food,0.4,0.2,0.3,0.3,78.3815549,87.9118062,9.5302514,87.9118062,0.0,0.6524725,0.941092,0.2886194,0.941092,0.0,0.9666667,0.9285714,-0.0380952,0.9285714,0.0,0.7692308,0.7692308,0.0,0.7692308,0.0,0.7150199,0.7150199,0.0,0.7150199,0.0,0.884078,0.884078,0.0,0.884078,0.0,1.0,1.0,0.0,1.0,0.0,0.9880952,0.9880952,0.0,0.9880952,0.0,0.896359,-
2,insert_new_city,1|3|4,"substitute_pois,convert_travel_day_to_stay,rebalance_label_gap","Interlaken, Switzerland","St. Moritz, Switzerland",21,winter,10,culture_food,0.1,0.4,0.3,0.2,70.5369496,84.2505714,13.7136218,84.2505714,0.0,0.4976592,0.8776647,0.3800056,0.8776647,0.0,0.9333333,0.8952381,-0.0380952,0.8952381,0.0,0.7692308,0.6923077,-0.0769231,0.6923077,0.0,0.7331111,0.7451411,0.01203,0.7451411,0.0,0.6810225,0.8720574,0.191035,0.8720574,0.0,0.9785148,1.0,0.0214852,1.0,0.0,0.9761905,0.9642857,-0.0119048,0.9642857,0.0,2.421825,-
2,insert_new_city,1|3|4,"substitute_pois,convert_travel_day_to_stay,rebalance_label_gap","Zurich, Switzerland","Zurich, Switzerland",21,winter,6,balanced,0.25,0.25,0.25,0.25,76.6274564,76.6274564,0.0,76.6274564,0.0,0.7079208,0.7079208,0.0,0.7079208,0.0,0.952381,0.952381,0.0,0.952381,0.0,0.6923077,0.6923077,0.0,0.6923077,0.0,0.677601,0.677601,0.0,0.677601,0.0,0.7075408,0.7075408,0.0,0.7075408,0.0,1.0,1.0,0.0,1.0,0.0,0.9880952,0.9880952,0.0,0.9880952,0.0,0.209963,-
2,insert_new_city,1|3|4,"substitute_pois,convert_travel_day_to_stay,rebalance_label_gap","Zurich, Switzerland","Zurich, Switzerland",21,winter,6,nature_food,0.4,0.2,0.3,0.3,64.0843744,64.0843744,0.0,64.0843744,0.0,0.5331633,0.5331633,0.0,0.5331633,0.0,0.9603175,0.9603175,0.0,0.9603175,0.0,0.6923077,0.6923077,0.0,0.6923077,0.0,0.6632297,0.6632297,0.0,0.6632297,0.0,0.074536,0.074536,0.0,0.074536,0.0,1.0,1.0,0.0,1.0,0.0,0.9880952,0.9880952,0.0,0.9880952,0.0,0.218363,-
2,insert_new_city,1|3|4,"substitute_pois,convert_travel_day_to_stay,rebalance_label_gap","Zurich, Switzerland","Zurich, Switzerland",21,winter,6,culture_food,0.1,0.4,0.3,0.2,76.5031622,76.5031622,0.0,76.5031622,0.0,0.54375,0.54375,0.0,0.54375,0.0,0.9761905,0.9761905,0.0,0.9761905,0.0,0.7692308,0.7692308,0.0,0.7692308,0.0,0.7605358,0.7605358,0.0,0.7605358,0.0,0.9989982,0.9989982,0.0,0.9989982,0.0,0.9785148,0.9785148,0.0,0.9785148,0.0,1.0,1.0,0.0,1.0,0.0,0.262221,-
2,insert_new_city,1|3|4,"substitute_pois,convert_travel_day_to_stay,rebalance_label_gap","Zurich, Switzerland","Zurich, Switzerland",21,winter,10,balanced,0.25,0.25,0.25,0.25,69.9835491,69.9835491,0.0,69.9835491,0.0,0.5444444,0.5444444,0.0,0.5444444,0.0,0.9571429,0.9571429,0.0,0.9571429,0.0,0.7692308,0.7692308,0.0,0.7692308,0.0,0.7022242,0.7022242,0.0,0.7022242,0.0,0.4606451,0.4606451,0.0,0.4606451,0.0,0.9785148,0.9785148,0.0,0.9785148,0.0,1.0,1.0,0.0,1.0,0.0,0.435552,-
2,insert_new_city,1|3|4,"substitute_pois,convert_travel_day_to_stay,rebalance_label_gap","Zurich, Switzerland","Zurich, Switzerland",21,winter,10,nature_food,0.4,0.2,0.3,0.3,81.0445848,81.0445848,0.0,81.0445848,0.0,0.7156593,0.7156593,0.0,0.7156593,0.0,0.9666667,0.9666667,0.0,0.9666667,0.0,0.6923077,0.6923077,0.0,0.6923077,0.0,0.7454957,0.7454957,0.0,0.7454957,0.0,0.9988981,0.9988981,0.0,0.9988981,0.0,1.0,1.0,0.0,1.0,0.0,0.9880952,0.9880952,0.0,0.9880952,0.0,0.400173,-
2,insert_new_city,1|3|4,"substitute_pois,convert_travel_day_to_stay,rebalance_label_gap","Zurich, Switzerland","Zurich, Switzerland",21,winter,10,culture_food,0.1,0.4,0.3,0.2,68.330315,68.330315,0.0,68.330315,0.0,0.4491525,0.4491525,0.0,0.4491525,0.0,0.9380952,0.9380952,0.0,0.9380952,0.0,0.6923077,0.6923077,0.0,0.6923077,0.0,0.7848749,0.7848749,0.0,0.7848749,0.0,0.6440332,0.6440332,0.0,0.6440332,0.0,1.0,1.0,0.0,1.0,0.0,0.9880952,0.9880952,0.0,0.9880952,0.0,0.365488,-
2,insert_new_city,1|3|4,"substitute_pois,convert_travel_day_to_stay,rebalance_label_gap","Geneva, Switzerland","Lucerne, Switzerland",21,winter,6,balanced,0.25,0.25,0.25,0.25,73.7189897,81.5573539,7.8383642,86.0753064,-4.5179525,0.4951456,0.754902,0.2597563,0.86,-0.105098,0.9603175,0.9444444,-0.015873,0.9444444,0.0,0.7692308,0.6923077,-0.0769231,0.7692308,-0.0769231,0.7114762,0.7135701,0.0020939,0.7108689,0.0027011,1.0,1.0,0.0,1.0,0.0,0.9785148,1.0,0.0214852,0.9452384,0.0547616,0.9761905,0.9761905,0.0,0.9761905,0.0,1.208471,-
2,insert_new_city,1|3|4,"substitute_pois,convert_travel_day_to_stay,rebalance_label_gap","Geneva, Switzerland","Lucerne, Switzerland",21,winter,6,nature_food,0.4,0.2,0.3,0.3,68.8399083,70.6012475,1.7613392,74.2086664,-3.6074189,0.5384615,0.5955882,0.0571267,0.6675,-0.0719118,0.9920635,0.9761905,-0.015873,0.968254,0.0079365,0.7692308,0.7692308,0.0,0.8461538,-0.0769231,0.7005199,0.7005199,0.0,0.6992507,0.0012692,0.3126065,0.3126065,0.0,0.347462,-0.0348555,1.0,1.0,0.0,0.9452384,0.0547616,0.9880952,0.9880952,0.0,0.9880952,0.0,0.934512,-
2,insert_new_city,1|3|4,"substitute_pois,convert_travel_day_to_stay,rebalance_label_gap","Geneva, Switzerland","Lucerne, Switzerland",21,winter,6,culture_food,0.1,0.4,0.3,0.2,72.7782237,81.6148573,8.8366337,81.7670221,-0.1521648,0.7083333,0.9608086,0.2524752,0.9347643,0.0260443,0.9444444,0.9444444,0.0,0.9365079,0.0079365,0.6153846,0.6153846,0.0,0.6923077,-0.0769231,0.7647311,0.7647311,0.0,0.7560453,0.0086858,0.3415773,0.3415773,0.0,0.3848784,-0.0433011,1.0,1.0,0.0,0.9452384,0.0547616,0.9404762,0.9404762,0.0,0.9404762,0.0,0.721182,-
2,insert_new_city,1|3|4,"substitute_pois,convert_travel_day_to_stay,rebalance_label_gap","Geneva, Switzerland","Lucerne, Switzerland",21,winter,10,balanced,0.25,0.25,0.25,0.25,69.2168042,81.0383001,11.8214958,81.0383001,0.0,0.4555556,0.799435,0.3438795,0.799435,0.0,0.9428571,0.9285714,-0.0142857,0.9285714,0.0,0.7692308,0.7692308,0.0,0.7692308,0.0,0.6794159,0.6794159,0.0,0.6794159,0.0,0.7459326,0.7459326,0.0,0.7459326,0.0,1.0,1.0,0.0,1.0,0.0,0.9880952,0.9880952,0.0,0.9880952,0.0,2.063075,-
2,insert_new_city,1|3|4,"substitute_pois,convert_travel_day_to_stay,rebalance_label_gap","Geneva, Switzerland","Lucerne, Switzerland",21,winter,10,nature_food,0.4,0.2,0.3,0.3,75.3838318,83.9454391,8.5616074,83.9454391,0.0,0.5095628,0.7684659,0.2589031,0.7684659,0.0,0.9714286,0.9380952,-0.0333333,0.9380952,0.0,0.8461538,0.8461538,0.0,0.8461538,0.0,0.6928548,0.6928548,0.0,0.6928548,0.0,1.0,1.0,0.0,1.0,0.0,0.9785148,0.9785148,0.0,0.9785148,0.0,1.0,1.0,0.0,1.0,0.0,1.686498,-
2,insert_new_city,1|3|4,"substitute_pois,convert_travel_day_to_stay,rebalance_label_gap","Geneva, Switzerland","Lucerne, Switzerland",21,winter,10,culture_food,0.1,0.4,0.3,0.2,69.403406,83.0174266,13.6140206,83.0174266,0.0,0.4842896,0.8875473,0.4032577,0.8875473,0.0,0.9666667,0.9333333,-0.0333333,0.9333333,0.0,0.7692308,0.7692308,0.0,0.7692308,0.0,0.6684597,0.6684597,0.0,0.6684597,0.0,0.6447436,0.6447436,0.0,0.6447436,0.0,1.0,1.0,0.0,1.0,0.0,0.9880952,0.9880952,0.0,0.9880952,0.0,2.374215,-
3,convert_travel_day_to_stay,1|2|4,"substitute_pois,insert_new_city,rebalance_label_gap","Interlaken, Switzerland","St. Moritz, Switzerland",4,summer,6,balanced,0.25,0.25,0.25,0.25,59.8558425,82.6993707,22.8435281,82.6993707,0.0,0.3571429,1.0,0.6428571,1.0,0.0,0.9583333,0.9166667,-0.0416667,0.9166667,0.0,0.6666667,0.6666667,0.0,0.6666667,0.0,0.8653888,0.9226514,0.0572625,0.9226514,0.0,1e-06,0.0673586,0.0673576,0.0673586,0.0,1.0,0.8872029,-0.1127971,0.8872029,0.0,1.0,1.0,0.0,1.0,0.0,0.092614,-
3,convert_travel_day_to_stay,1|2|4,"substitute_pois,insert_new_city,rebalance_label_gap","Interlaken, Switzerland","St. Moritz, Switzerland",4,summer,6,nature_food,0.4,0.2,0.3,0.3,66.3622636,78.913823,12.5515594,78.913823,0.0,0.5,0.90625,0.40625,0.90625,0.0,0.9583333,0.9166667,-0.0416667,0.9166667,0.0,0.6666667,0.6666667,0.0,0.6666667,0.0,0.9095908,0.9293523,0.0197616,0.9293523,0.0,0.1407387,0.0068773,-0.1338614,0.0068773,0.0,0.8872029,0.8872029,0.0,0.8872029,0.0,1.0,1.0,0.0,1.0,0.0,0.1528,-
3,convert_travel_day_to_stay,1|2|4,"substitute_pois,insert_new_city,rebalance_label_gap","Interlaken, Switzerland","St. Moritz, Switzerland",4,summer,6,culture_food,0.1,0.4,0.3,0.2,69.0131435,73.821111,4.8079674,73.821111,0.0,0.6157407,0.702381,0.0866402,0.702381,0.0,0.9583333,0.9166667,-0.0416667,0.9166667,0.0,0.6666667,1.0,0.3333333,1.0,0.0,0.8124204,0.7949514,-0.017469,0.7949514,0.0,0.1464897,0.0001,-0.1463897,0.0001,0.0,0.8872029,0.7125015,-0.1747014,0.7125015,0.0,1.0,1.0,0.0,1.0,0.0,0.109733,-
3,convert_travel_day_to_stay,1|2|4,"substitute_pois,insert_new_city,rebalance_label_gap","Interlaken, Switzerland","St. Moritz, Switzerland",4,summer,10,balanced,0.25,0.25,0.25,0.25,74.4493707,83.1993707,8.75,83.1993707,0.0,0.75,1.0,0.25,1.0,0.0,0.95,0.95,0.0,0.95,0.0,0.6666667,0.6666667,0.0,0.6666667,0.0,0.9226514,0.9226514,0.0,0.9226514,0.0,0.0673586,0.0673586,0.0,0.0673586,0.0,0.8872029,0.8872029,0.0,0.8872029,0.0,1.0,1.0,0.0,1.0,0.0,0.317964,-
3,convert_travel_day_to_stay,1|2|4,"substitute_pois,insert_new_city,rebalance_label_gap","Interlaken, Switzerland","St. Moritz, Switzerland",4,summer,10,nature_food,0.4,0.2,0.3,0.3,73.3183003,79.9181207,6.5998204,79.9181207,0.0,0.7666667,0.90625,0.1395833,0.90625,0.0,0.925,0.95,0.025,0.95,0.0,0.6666667,0.6666667,0.0,0.6666667,0.0,0.8406638,0.9226514,0.0819876,0.9226514,0.0,1e-06,0.0673586,0.0673576,0.0673586,0.0,1.0,0.8872029,-0.1127971,0.8872029,0.0,1.0,1.0,0.0,1.0,0.0,0.446241,-
3,convert_travel_day_to_stay,1|2|4,"substitute_pois,insert_new_city,rebalance_label_gap","Interlaken, Switzerland","St. Moritz, Switzerland",4,summer,10,culture_food,0.1,0.4,0.3,0.2,66.8112745,80.1198641,13.3085896,80.1198641,0.0,0.6446078,0.841954,0.1973462,0.841954,0.0,0.95,0.975,0.025,0.975,0.0,0.3333333,1.0,0.6666667,1.0,0.0,1.0,0.8308994,-0.1691006,0.8308994,0.0,0.0,4.75e-05,4.75e-05,4.75e-05,0.0,1.0,0.7125015,-0.2874985,0.7125015,0.0,1.0,1.0,0.0,1.0,0.0,0.197022,-
3,convert_travel_day_to_stay,1|2|4,"substitute_pois,insert_new_city,rebalance_label_gap","Zurich, Switzerland","Zurich, Switzerland",4,summer,6,balanced,0.25,0.25,0.25,0.25,58.0389605,58.0389605,0.0,58.0389605,0.0,0.3181818,0.3181818,0.0,0.3181818,0.0,1.0,1.0,0.0,1.0,0.0,0.3333333,0.3333333,0.0,0.3333333,0.0,0.4601731,0.4601731,0.0,0.4601731,0.0,1.0,1.0,0.0,1.0,0.0,1.0,1.0,0.0,1.0,0.0,1.0,1.0,0.0,1.0,0.0,0.064413,-
3,convert_travel_day_to_stay,1|2|4,"substitute_pois,insert_new_city,rebalance_label_gap","Zurich, Switzerland","Zurich, Switzerland",4,summer,6,nature_food,0.4,0.2,0.3,0.3,62.4813828,62.4813828,0.0,62.4813828,0.0,0.4,0.4,0.0,0.4,0.0,1.0,1.0,0.0,1.0,0.0,0.3333333,0.3333333,0.0,0.3333333,0.0,0.5654255,0.5654255,0.0,0.5654255,0.0,1.0,1.0,0.0,1.0,0.0,1.0,1.0,0.0,1.0,0.0,1.0,1.0,0.0,1.0,0.0,0.041848,-
3,convert_travel_day_to_stay,1|2|4,"substitute_pois,insert_new_city,rebalance_label_gap","Zurich, Switzerland","Zurich, Switzerland",4,summer,6,culture_food,0.1,0.4,0.3,0.2,52.0217213,52.0217213,0.0,52.0217213,0.0,0.1190476,0.1190476,0.0,0.1190476,0.0,1.0,1.0,0.0,1.0,0.0,0.3333333,0.3333333,0.0,0.3333333,0.0,0.5236703,0.5236703,0.0,0.5236703,0.0,1.0,1.0,0.0,1.0,0.0,1.0,1.0,0.0,1.0,0.0,1.0,1.0,0.0,1.0,0.0,0.046999,-
3,convert_travel_day_to_stay,1|2|4,"substitute_pois,insert_new_city,rebalance_label_gap","Zurich, Switzerland","Zurich, Switzerland",4,summer,10,balanced,0.25,0.25,0.25,0.25,61.548244,61.548244,0.0,61.548244,0.0,0.3529412,0.3529412,0.0,0.3529412,0.0,0.95,0.95,0.0,0.95,0.0,0.3333333,0.3333333,0.0,0.3333333,0.0,0.6630202,0.6630202,0.0,0.6630202,0.0,1.0,1.0,0.0,1.0,0.0,1.0,1.0,0.0,1.0,0.0,1.0,1.0,0.0,1.0,0.0,0.211921,-
3,convert_travel_day_to_stay,1|2|4,"substitute_pois,insert_new_city,rebalance_label_gap","Zurich, Switzerland","Zurich, Switzerland",4,summer,10,nature_food,0.4,0.2,0.3,0.3,62.0924939,62.0924939,0.0,62.0924939,0.0,0.3888889,0.3888889,0.0,0.3888889,0.0,1.0,1.0,0.0,1.0,0.0,0.3333333,0.3333333,0.0,0.3333333,0.0,0.5654255,0.5654255,0.0,0.5654255,0.0,1.0,1.0,0.0,1.0,0.0,1.0,1.0,0.0,1.0,0.0,1.0,1.0,0.0,1.0,0.0,0.147104,-
3,convert_travel_day_to_stay,1|2|4,"substitute_pois,insert_new_city,rebalance_label_gap","Zurich, Switzerland","Zurich, Switzerland",4,summer,10,culture_food,0.1,0.4,0.3,0.2,64.6906732,64.6906732,0.0,64.6906732,0.0,0.4212963,0.4212963,0.0,0.4212963,0.0,1.0,1.0,0.0,1.0,0.0,0.3333333,0.3333333,0.0,0.3333333,0.0,0.6630202,0.6630202,0.0,0.6630202,0.0,1.0,1.0,0.0,1.0,0.0,1.0,1.0,0.0,1.0,0.0,1.0,1.0,0.0,1.0,0.0,0.168161,-
3,convert_travel_day_to_stay,1|2|4,"substitute_pois,insert_new_city,rebalance_label_gap","Geneva, Switzerland","Lucerne, Switzerland",4,summer,6,balanced,0.25,0.25,0.25,0.25,60.8887584,85.5852721,24.6965137,80.7543395,4.8309326,0.2941176,0.8888889,0.5947712,0.8421053,0.0467836,0.9166667,0.9583333,0.0416667,1.0,-0.0416667,0.6666667,1.0,0.3333333,0.6666667,0.3333333,0.6030026,0.5375625,-0.0654401,0.6030026,-0.0654401,0.7799601,0.8473216,0.0673615,0.7799601,0.0673615,1.0,0.7125015,-0.2874985,0.8872029,-0.1747014,1.0,1.0,0.0,1.0,0.0,0.201369,-
3,convert_travel_day_to_stay,1|2|4,"substitute_pois,insert_new_city,rebalance_label_gap","Geneva, Switzerland","Lucerne, Switzerland",4,summer,6,nature_food,0.4,0.2,0.3,0.3,68.6093467,84.6639672,16.0546206,84.6639672,0.0,0.5147059,0.8382353,0.3235294,0.8382353,0.0,0.9166667,0.9583333,0.0416667,0.9583333,0.0,0.6666667,1.0,0.3333333,1.0,0.0,0.6030026,0.5943339,-0.0086687,0.5943339,0.0,0.7799601,0.8473216,0.0673615,0.8473216,0.0,1.0,0.7125015,-0.2874985,0.7125015,0.0,1.0,1.0,0.0,1.0,0.0,0.15959,-
3,convert_travel_day_to_stay,1|2|4,"substitute_pois,insert_new_city,rebalance_label_gap","Geneva, Switzerland","Lucerne, Switzerland",4,summer,6,culture_food,0.1,0.4,0.3,0.2,69.3086832,80.8908708,11.5821877,80.8908708,0.0,0.5963542,0.7604167,0.1640625,0.7604167,0.0,1.0,1.0,0.0,1.0,0.0,1.0,0.6666667,-0.3333333,0.6666667,0.0,0.6444301,0.6560182,0.0115881,0.6560182,0.0,0.0207329,1.0,0.9792671,1.0,0.0,0.7125015,0.8872029,0.1747014,0.8872029,0.0,1.0,1.0,0.0,1.0,0.0,0.201726,-
3,convert_travel_day_to_stay,1|2|4,"substitute_pois,insert_new_city,rebalance_label_gap","Geneva, Switzerland","Lucerne, Switzerland",4,summer,10,balanced,0.25,0.25,0.25,0.25,64.8825196,84.2086651,19.3261455,84.2086651,0.0,0.3939394,0.9516129,0.5576735,0.9516129,0.0,0.95,0.975,0.025,0.975,0.0,0.6666667,1.0,0.3333333,1.0,0.0,0.6030026,0.6308547,0.027852,0.6308547,0.0,0.7799601,0.3251886,-0.4547715,0.3251886,0.0,1.0,0.7125015,-0.2874985,0.7125015,0.0,1.0,1.0,0.0,1.0,0.0,0.573657,-
3,convert_travel_day_to_stay,1|2|4,"substitute_pois,insert_new_city,rebalance_label_gap","Geneva, Switzerland","Lucerne, Switzerland",4,summer,10,nature_food,0.4,0.2,0.3,0.3,79.9961559,79.9961559,0.0,79.9961559,0.0,0.8257576,0.8257576,0.0,0.8257576,0.0,0.95,0.95,0.0,0.95,0.0,0.6666667,0.6666667,0.0,0.6666667,0.0,0.6030026,0.6030026,0.0,0.6030026,0.0,0.7799601,0.7799601,0.0,0.7799601,0.0,1.0,1.0,0.0,1.0,0.0,1.0,1.0,0.0,1.0,0.0,0.380032,-
3,convert_travel_day_to_stay,1|2|4,"substitute_pois,insert_new_city,rebalance_label_gap","Geneva, Switzerland","Lucerne, Switzerland",4,summer,10,culture_food,0.1,0.4,0.3,0.2,70.4954378,89.7969084,19.3014706,89.7969084,0.0,0.3590686,0.9105392,0.5514706,0.9105392,0.0,1.0,1.0,0.0,1.0,0.0,1.0,1.0,0.0,1.0,0.0,0.6243686,0.6243686,0.0,0.6243686,0.0,1.0,1.0,0.0,1.0,0.0,0.7125015,0.7125015,0.0,0.7125015,0.0,1.0,1.0,0.0,1.0,0.0,0.660601,-
3,convert_travel_day_to_stay,1|2|4,"substitute_pois,insert_new_city,rebalance_label_gap","Interlaken, Switzerland","St. Moritz, Switzerland",4,winter,6,balanced,0.25,0.25,0.25,0.25,73.5681459,73.5681459,0.0,73.9493707,-0.3812247,0.7058824,0.7058824,0.0,0.75,-0.0441176,0.9583333,0.9583333,0.0,0.9166667,0.0416667,0.6666667,0.6666667,0.0,0.6666667,0.0,0.9095908,0.9095908,0.0,0.9226514,-0.0130606,0.1407387,0.1407387,0.0,0.0673586,0.0733802,0.8872029,0.8872029,0.0,0.8872029,0.0,1.0,1.0,0.0,1.0,0.0,0.036696,-
3,convert_travel_day_to_stay,1|2|4,"substitute_pois,insert_new_city,rebalance_label_gap","Interlaken, Switzerland","St. Moritz, Switzerland",4,winter,6,nature_food,0.4,0.2,0.3,0.3,78.3062231,78.3062231,0.0,78.3062231,0.0,0.90625,0.90625,0.0,0.90625,0.0,0.9583333,0.9583333,0.0,0.9583333,0.0,0.6666667,0.6666667,0.0,0.6666667,0.0,0.8517632,0.8517632,0.0,0.8517632,0.0,1e-06,1e-06,0.0,1e-06,0.0,0.8872029,0.8872029,0.0,0.8872029,0.0,1.0,1.0,0.0,1.0,0.0,0.029862,-
3,convert_travel_day_to_stay,1|2|4,"substitute_pois,insert_new_city,rebalance_label_gap","Interlaken, Switzerland","St. Moritz, Switzerland",4,winter,6,culture_food,0.1,0.4,0.3,0.2,80.0,80.0,0.0,80.0,0.0,1.0,1.0,0.0,1.0,0.0,1.0,1.0,0.0,1.0,0.0,0.3333333,0.3333333,0.0,0.3333333,0.0,1.0,1.0,0.0,1.0,0.0,0.0,0.0,0.0,0.0,0.0,1.0,1.0,0.0,1.0,0.0,1.0,1.0,0.0,1.0,0.0,0.048934,-
3,convert_travel_day_to_stay,1|2|4,"substitute_pois,insert_new_city,rebalance_label_gap","Interlaken, Switzerland","St. Moritz, Switzerland",4,winter,10,balanced,0.25,0.25,0.25,0.25,74.4493707,74.4493707,0.0,74.4493707,0.0,0.75,0.75,0.0,0.75,0.0,0.95,0.95,0.0,0.95,0.0,0.6666667,0.6666667,0.0,0.6666667,0.0,0.9226514,0.9226514,0.0,0.9226514,0.0,0.0673586,0.0673586,0.0,0.0673586,0.0,0.8872029,0.8872029,0.0,0.8872029,0.0,1.0,1.0,0.0,1.0,0.0,0.157472,-
3,convert_travel_day_to_stay,1|2|4,"substitute_pois,insert_new_city,rebalance_label_gap","Interlaken, Switzerland","St. Moritz, Switzerland",4,winter,10,nature_food,0.4,0.2,0.3,0.3,68.8194444,73.6805556,4.8611111,73.6805556,0.0,0.6805556,0.8194444,0.1388889,0.8194444,0.0,1.0,1.0,0.0,1.0,0.0,0.3333333,0.3333333,0.0,0.3333333,0.0,1.0,1.0,0.0,1.0,0.0,0.0,0.0,0.0,0.0,0.0,1.0,1.0,0.0,1.0,0.0,1.0,1.0,0.0,1.0,0.0,0.056638,-
3,convert_travel_day_to_stay,1|2|4,"substitute_pois,insert_new_city,rebalance_label_gap","Interlaken, Switzerland","St. Moritz, Switzerland",4,winter,10,culture_food,0.1,0.4,0.3,0.2,67.9250711,74.7610086,6.8359375,74.7610086,0.0,0.5911458,0.7864583,0.1953125,0.7864583,0.0,0.975,0.975,0.0,0.975,0.0,0.6666667,0.6666667,0.0,0.6666667,0.0,0.8406638,0.8406638,0.0,0.8406638,0.0,1e-06,1e-06,0.0,1e-06,0.0,1.0,1.0,0.0,1.0,0.0,1.0,1.0,0.0,1.0,0.0,0.108884,-
3,convert_travel_day_to_stay,1|2|4,"substitute_pois,insert_new_city,rebalance_label_gap","Zurich, Switzerland","Zurich, Switzerland",4,winter,6,balanced,0.25,0.25,0.25,0.25,57.9442635,57.9442635,0.0,57.9442635,0.0,0.3333333,0.3333333,0.0,0.3333333,0.0,0.9583333,0.9583333,0.0,0.9583333,0.0,0.3333333,0.3333333,0.0,0.3333333,0.0,0.4601731,0.4601731,0.0,0.4601731,0.0,1.0,1.0,0.0,1.0,0.0,1.0,1.0,0.0,1.0,0.0,1.0,1.0,0.0,1.0,0.0,0.030201,-
3,convert_travel_day_to_stay,1|2|4,"substitute_pois,insert_new_city,rebalance_label_gap","Zurich, Switzerland","Zurich, Switzerland",4,winter,6,nature_food,0.4,0.2,0.3,0.3,64.8203029,64.8203029,0.0,64.8203029,0.0,0.425,0.425,0.0,0.425,0.0,1.0,1.0,0.0,1.0,0.0,0.3333333,0.3333333,0.0,0.3333333,0.0,0.6630202,0.6630202,0.0,0.6630202,0.0,1.0,1.0,0.0,1.0,0.0,1.0,1.0,0.0,1.0,0.0,1.0,1.0,0.0,1.0,0.0,0.022608,-
3,convert_travel_day_to_stay,1|2|4,"substitute_pois,insert_new_city,rebalance_label_gap","Zurich, Switzerland","Zurich, Switzerland",4,winter,6,culture_food,0.1,0.4,0.3,0.2,68.9036362,68.9036362,0.0,68.9036362,0.0,0.5416667,0.5416667,0.0,0.5416667,0.0,1.0,1.0,0.0,1.0,0.0,0.3333333,0.3333333,0.0,0.3333333,0.0,0.6630202,0.6630202,0.0,0.6630202,0.0,1.0,1.0,0.0,1.0,0.0,1.0,1.0,0.0,1.0,0.0,1.0,1.0,0.0,1.0,0.0,0.024862,-
3,convert_travel_day_to_stay,1|2|4,"substitute_pois,insert_new_city,rebalance_label_gap","Zurich, Switzerland","Zurich, Switzerland",4,winter,10,balanced,0.25,0.25,0.25,0.25,77.3310389,77.3310389,0.0,77.3310389,0.0,0.7647059,0.7647059,0.0,0.7647059,0.0,0.975,0.975,0.0,0.975,0.0,0.6666667,0.6666667,0.0,0.6666667,0.0,0.4919217,0.4919217,0.0,0.4919217,0.0,1.0,1.0,0.0,1.0,0.0,0.7125015,0.7125015,0.0,0.7125015,0.0,1.0,1.0,0.0,1.0,0.0,0.052065,-
3,convert_travel_day_to_stay,1|2|4,"substitute_pois,insert_new_city,rebalance_label_gap","Zurich, Switzerland","Zurich, Switzerland",4,winter,10,nature_food,0.4,0.2,0.3,0.3,68.8980495,68.8980495,0.0,68.8980495,0.0,0.5833333,0.5833333,0.0,0.5833333,0.0,1.0,1.0,0.0,1.0,0.0,0.3333333,0.3333333,0.0,0.3333333,0.0,0.5654255,0.5654255,0.0,0.5654255,0.0,1.0,1.0,0.0,1.0,0.0,1.0,1.0,0.0,1.0,0.0,1.0,1.0,0.0,1.0,0.0,0.049843,-
3,convert_travel_day_to_stay,1|2|4,"substitute_pois,insert_new_city,rebalance_label_gap","Zurich, Switzerland","Zurich, Switzerland",4,winter,10,culture_food,0.1,0.4,0.3,0.2,57.2590284,57.2590284,0.0,57.2590284,0.0,0.2303922,0.2303922,0.0,0.2303922,0.0,0.95,0.95,0.0,0.95,0.0,0.3333333,0.3333333,0.0,0.3333333,0.0,0.6630202,0.6630202,0.0,0.6630202,0.0,1.0,1.0,0.0,1.0,0.0,1.0,1.0,0.0,1.0,0.0,1.0,1.0,0.0,1.0,0.0,0.046699,-
3,convert_travel_day_to_stay,1|2|4,"substitute_pois,insert_new_city,rebalance_label_gap","Geneva, Switzerland","Lucerne, Switzerland",4,winter,6,balanced,0.25,0.25,0.25,0.25,61.0551671,61.0551671,0.0,61.0551671,0.0,0.2631579,0.2631579,0.0,0.2631579,0.0,1.0,1.0,0.0,1.0,0.0,0.6666667,0.6666667,0.0,0.6666667,0.0,0.6030026,0.6030026,0.0,0.6030026,0.0,0.7799601,0.7799601,0.0,0.7799601,0.0,1.0,1.0,0.0,1.0,0.0,1.0,1.0,0.0,1.0,0.0,0.048265,-
3,convert_travel_day_to_stay,1|2|4,"substitute_pois,insert_new_city,rebalance_label_gap","Geneva, Switzerland","Lucerne, Switzerland",4,winter,6,nature_food,0.4,0.2,0.3,0.3,60.5946408,62.2623986,1.6677578,62.2623986,0.0,0.25,0.2638889,0.0138889,0.2638889,0.0,1.0,0.9166667,-0.0833333,0.9166667,0.0,0.6666667,0.6666667,0.0,0.6666667,0.0,0.6030026,0.6560182,0.0530156,0.6560182,0.0,0.7799601,1.0,0.2200399,1.0,0.0,1.0,0.8872029,-0.1127971,0.8872029,0.0,1.0,1.0,0.0,1.0,0.0,0.051707,-
3,convert_travel_day_to_stay,1|2|4,"substitute_pois,insert_new_city,rebalance_label_gap","Geneva, Switzerland","Lucerne, Switzerland",4,winter,6,culture_food,0.1,0.4,0.3,0.2,65.5069215,70.8797285,5.372807,70.8797285,0.0,0.3903509,0.5438596,0.1535088,0.5438596,0.0,1.0,1.0,0.0,1.0,0.0,0.6666667,0.6666667,0.0,0.6666667,0.0,0.6030026,0.6030026,0.0,0.6030026,0.0,0.7799601,0.7799601,0.0,0.7799601,0.0,1.0,1.0,0.0,1.0,0.0,1.0,1.0,0.0,1.0,0.0,0.067528,-
3,convert_travel_day_to_stay,1|2|4,"substitute_pois,insert_new_city,rebalance_label_gap","Geneva, Switzerland","Lucerne, Switzerland",4,winter,10,balanced,0.25,0.25,0.25,0.25,63.4652729,65.5347174,2.0694444,65.5347174,0.0,0.2571429,0.3055556,0.0484127,0.3055556,0.0,0.975,1.0,0.025,1.0,0.0,0.6666667,0.6666667,0.0,0.6666667,0.0,0.6560182,0.6560182,0.0,0.6560182,0.0,1.0,1.0,0.0,1.0,0.0,1.0,1.0,0.0,1.0,0.0,1.0,1.0,0.0,1.0,0.0,0.151091,-
3,convert_travel_day_to_stay,1|2|4,"substitute_pois,insert_new_city,rebalance_label_gap","Geneva, Switzerland","Lucerne, Switzerland",4,winter,10,nature_food,0.4,0.2,0.3,0.3,66.2152729,66.2638841,0.0486111,66.2638841,0.0,0.3357143,0.3263889,-0.0093254,0.3263889,0.0,0.975,1.0,0.025,1.0,0.0,0.6666667,0.6666667,0.0,0.6666667,0.0,0.6560182,0.6560182,0.0,0.6560182,0.0,1.0,1.0,0.0,1.0,0.0,1.0,1.0,0.0,1.0,0.0,1.0,1.0,0.0,1.0,0.0,0.108536,-
3,convert_travel_day_to_stay,1|2|4,"substitute_pois,insert_new_city,rebalance_label_gap","Geneva, Switzerland","Lucerne, Switzerland",4,winter,10,culture_food,0.1,0.4,0.3,0.2,58.3323859,69.3446408,11.0122549,69.3446408,0.0,0.1960784,0.5,0.3039216,0.5,0.0,0.975,1.0,0.025,1.0,0.0,0.6666667,0.6666667,0.0,0.6666667,0.0,0.6030026,0.6030026,0.0,0.6030026,0.0,0.7799601,0.7799601,0.0,0.7799601,0.0,1.0,1.0,0.0,1.0,0.0,1.0,1.0,0.0,1.0,0.0,0.123594,-
3,convert_travel_day_to_stay,1|2|4,"substitute_pois,insert_new_city,rebalance_label_gap","Interlaken, Switzerland","St. Moritz, Switzerland",9,summer,6,balanced,0.25,0.25,0.25,0.25,72.4641301,79.1307968,6.6666667,79.1307968,0.0,0.6666667,0.8571429,0.1904762,0.8571429,0.0,0.962963,0.962963,0.0,0.962963,0.0,0.6666667,0.6666667,0.0,0.6666667,0.0,0.8223313,0.8223313,0.0,0.8223313,0.0,0.2351383,0.2351383,0.0,0.2351383,0.0,1.0,1.0,0.0,1.0,0.0,1.0,1.0,0.0,1.0,0.0,0.245417,-
3,convert_travel_day_to_stay,1|2|4,"substitute_pois,insert_new_city,rebalance_label_gap","Interlaken, Switzerland","St. Moritz, Switzerland",9,summer,6,nature_food,0.4,0.2,0.3,0.3,67.5458522,81.6107725,14.0649203,81.6107725,0.0,0.54375,0.90625,0.3625,0.90625,0.0,0.962963,0.9814815,0.0185185,0.9814815,0.0,0.8333333,1.0,0.1666667,1.0,0.0,0.7854005,0.7306231,-0.0547774,0.7306231,0.0,0.0039811,0.01,0.0060189,0.01,0.0,0.949868,0.8220908,-0.1277771,0.8220908,0.0,1.0,1.0,0.0,1.0,0.0,0.454646,-
3,convert_travel_day_to_stay,1|2|4,"substitute_pois,insert_new_city,rebalance_label_gap","Interlaken, Switzerland","St. Moritz, Switzerland",9,summer,6,culture_food,0.1,0.4,0.3,0.2,74.3727656,82.2401752,7.8674096,82.2401752,0.0,0.7325581,0.9652778,0.2327196,0.9652778,0.0,0.962963,0.9444444,-0.0185185,0.9444444,0.0,0.6666667,0.6666667,0.0,0.6666667,0.0,0.8223313,0.8223313,0.0,0.8223313,0.0,0.1953817,0.1953817,0.0,0.1953817,0.0,1.0,1.0,0.0,1.0,0.0,1.0,1.0,0.0,1.0,0.0,0.39816,-
3,convert_travel_day_to_stay,1|2|4,"substitute_pois,insert_new_city,rebalance_label_gap","Interlaken, Switzerland","St. Moritz, Switzerland",9,summer,10,balanced,0.25,0.25,0.25,0.25,76.314858,89.2798868,12.9650288,89.2798868,0.0,0.6666667,0.9615385,0.2948718,0.9615385,0.0,0.9555556,0.9888889,0.0333333,0.9888889,0.0,0.6666667,0.8333333,0.1666667,0.8333333,0.0,0.7024482,0.6982241,-0.0042241,0.6982241,0.0,0.8111468,0.8458231,0.0346764,0.8458231,0.0,1.0,0.8722229,-0.1277771,0.8722229,0.0,1.0,1.0,0.0,1.0,0.0,1.193478,-
3,convert_travel_day_to_stay,1|2|4,"substitute_pois,insert_new_city,rebalance_label_gap","Interlaken, Switzerland","St. Moritz, Switzerland",9,summer,10,nature_food,0.4,0.2,0.3,0.3,76.5310676,89.0992478,12.5681801,89.0992478,0.0,0.6688312,0.961039,0.2922078,0.961039,0.0,0.9666667,0.9777778,0.0111111,0.9777778,0.0,0.6666667,0.8333333,0.1666667,0.8333333,0.0,0.763887,0.7518149,-0.0120721,0.7518149,0.0,0.7163671,0.7657879,0.0494208,0.7657879,0.0,1.0,0.8722229,-0.1277771,0.8722229,0.0,1.0,1.0,0.0,1.0,0.0,2.000078,-
3,convert_travel_day_to_stay,1|2|4,"substitute_pois,insert_new_city,rebalance_label_gap","Interlaken, Switzerland","St. Moritz, Switzerland",9,summer,10,culture_food,0.1,0.4,0.3,0.2,70.4625366,78.645407,8.1828704,78.645407,0.0,0.7112269,0.9450231,0.2337963,0.9450231,0.0,0.9333333,0.9333333,0.0,0.9333333,0.0,0.6666667,0.6666667,0.0,0.6666667,0.0,0.805869,0.805869,0.0,0.805869,0.0,0.001,0.001,0.0,0.001,0.0,0.949868,0.949868,0.0,0.949868,0.0,0.9444444,0.9444444,0.0,0.9444444,0.0,0.856191,-
3,convert_travel_day_to_stay,1|2|4,"substitute_pois,insert_new_city,rebalance_label_gap","Zurich, Switzerland","Zurich, Switzerland",9,summer,6,balanced,0.25,0.25,0.25,0.25,67.1115644,67.1115644,0.0,67.1115644,0.0,0.4255319,0.4255319,0.0,0.4255319,0.0,1.0,1.0,0.0,1.0,0.0,0.6666667,0.6666667,0.0,0.6666667,0.0,0.4979072,0.4979072,0.0,0.4979072,0.0,1.0,1.0,0.0,1.0,0.0,0.949868,0.949868,0.0,0.949868,0.0,1.0,1.0,0.0,1.0,0.0,0.197466,-
3,convert_travel_day_to_stay,1|2|4,"substitute_pois,insert_new_city,rebalance_label_gap","Zurich, Switzerland","Zurich, Switzerland",9,summer,6,nature_food,0.4,0.2,0.3,0.3,66.9253942,66.9253942,0.0,66.9253942,0.0,0.4202128,0.4202128,0.0,0.4202128,0.0,1.0,1.0,0.0,1.0,0.0,0.6666667,0.6666667,0.0,0.6666667,0.0,0.4979072,0.4979072,0.0,0.4979072,0.0,1.0,1.0,0.0,1.0,0.0,0.949868,0.949868,0.0,0.949868,0.0,1.0,1.0,0.0,1.0,0.0,0.19882,-
3,convert_travel_day_to_stay,1|2|4,"substitute_pois,insert_new_city,rebalance_label_gap","Zurich, Switzerland","Zurich, Switzerland",9,summer,6,culture_food,0.1,0.4,0.3,0.2,61.5176463,61.5176463,0.0,61.5176463,0.0,0.25,0.25,0.0,0.25,0.0,0.9814815,0.9814815,0.0,0.9814815,0.0,0.6666667,0.6666667,0.0,0.6666667,0.0,0.5530723,0.5530723,0.0,0.5530723,0.0,1.0,1.0,0.0,1.0,0.0,0.949868,0.949868,0.0,0.949868,0.0,1.0,1.0,0.0,1.0,0.0,0.213132,-
3,convert_travel_day_to_stay,1|2|4,"substitute_pois,insert_new_city,rebalance_label_gap","Zurich, Switzerland","Zurich, Switzerland",9,summer,10,balanced,0.25,0.25,0.25,0.25,70.5815673,70.5815673,0.0,70.5815673,0.0,0.6756757,0.6756757,0.0,0.6756757,0.0,0.9555556,0.9555556,0.0,0.9555556,0.0,0.6666667,0.6666667,0.0,0.6666667,0.0,0.8522857,0.8522857,0.0,0.8522857,0.0,0.0065959,0.0065959,0.0,0.0065959,0.0,0.949868,0.949868,0.0,0.949868,0.0,1.0,1.0,0.0,1.0,0.0,0.585598,-
3,convert_travel_day_to_stay,1|2|4,"substitute_pois,insert_new_city,rebalance_label_gap","Zurich, Switzerland","Zurich, Switzerland",9,summer,10,nature_food,0.4,0.2,0.3,0.3,71.9909695,71.9909695,0.0,71.9909695,0.0,0.5432099,0.5432099,0.0,0.5432099,0.0,1.0,1.0,0.0,1.0,0.0,0.6666667,0.6666667,0.0,0.6666667,0.0,0.5486189,0.5486189,0.0,0.5486189,0.0,1.0,1.0,0.0,1.0,0.0,0.949868,0.949868,0.0,0.949868,0.0,1.0,1.0,0.0,1.0,0.0,0.527816,-
3,convert_travel_day_to_stay,1|2|4,"substitute_pois,insert_new_city,rebalance_label_gap","Zurich, Switzerland","Zurich, Switzerland",9,summer,10,culture_food,0.1,0.4,0.3,0.2,71.6419856,71.6419856,0.0,71.6419856,0.0,0.6070602,0.6070602,0.0,0.6070602,0.0,0.9333333,0.9333333,0.0,0.9333333,0.0,0.6666667,0.6666667,0.0,0.6666667,0.0,0.7766951,0.7766951,0.0,0.7766951,0.0,0.4995113,0.4995113,0.0,0.4995113,0.0,0.949868,0.949868,0.0,0.949868,0.0,1.0,1.0,0.0,1.0,0.0,0.522159,-
3,convert_travel_day_to_stay,1|2|4,"substitute_pois,insert_new_city,rebalance_label_gap","Geneva, Switzerland","Lucerne, Switzerland",9,summer,6,balanced,0.25,0.25,0.25,0.25,78.0551203,92.6747954,14.6196751,92.6747954,0.0,0.5952381,0.952381,0.3571429,0.952381,0.0,0.962963,1.0,0.037037,1.0,0.0,0.8333333,1.0,0.1666667,1.0,0.0,0.7018668,0.6820672,-0.0197997,0.6820672,0.0,1.0,1.0,0.0,1.0,0.0,0.949868,0.8220908,-0.1277771,0.8220908,0.0,1.0,1.0,0.0,1.0,0.0,0.550758,-
3,convert_travel_day_to_stay,1|2|4,"substitute_pois,insert_new_city,rebalance_label_gap","Geneva, Switzerland","Lucerne, Switzerland",9,summer,6,nature_food,0.4,0.2,0.3,0.3,69.0725151,76.9475151,7.875,85.3574773,-8.4099622,0.38125,0.60625,0.225,0.8536585,-0.2474085,0.9259259,0.9259259,0.0,0.9444444,-0.0185185,0.8333333,0.8333333,0.0,0.8333333,0.0,0.6393691,0.6393691,0.0,0.6393691,0.0,1.0,1.0,0.0,1.0,0.0,0.949868,0.949868,0.0,0.8722229,0.0776451,1.0,1.0,0.0,0.9722222,0.0277778,0.550592,-
3,convert_travel_day_to_stay,1|2|4,"substitute_pois,insert_new_city,rebalance_label_gap","Geneva, Switzerland","Lucerne, Switzerland",9,summer,6,culture_food,0.1,0.4,0.3,0.2,74.3419067,88.3696845,14.0277778,88.3696845,0.0,0.5248016,0.9255952,0.4007937,0.9255952,0.0,0.962963,0.962963,0.0,0.962963,0.0,0.8333333,0.8333333,0.0,0.8333333,0.0,0.6186711,0.6186711,0.0,0.6186711,0.0,1.0,1.0,0.0,1.0,0.0,0.949868,0.949868,0.0,0.949868,0.0,1.0,1.0,0.0,1.0,0.0,0.67667,-
3,convert_travel_day_to_stay,1|2|4,"substitute_pois,insert_new_city,rebalance_label_gap","Geneva, Switzerland","Lucerne, Switzerland",9,summer,10,balanced,0.25,0.25,0.25,0.25,81.0580443,90.2685706,9.2105263,90.2685706,0.0,0.6842105,0.9473684,0.2631579,0.9473684,0.0,0.9555556,0.9555556,0.0,0.9555556,0.0,0.8333333,0.8333333,0.0,0.8333333,0.0,0.7018668,0.7018668,0.0,0.7018668,0.0,1.0,1.0,0.0,1.0,0.0,0.949868,0.949868,0.0,0.949868,0.0,1.0,1.0,0.0,1.0,0.0,1.180928,-
3,convert_travel_day_to_stay,1|2|4,"substitute_pois,insert_new_city,rebalance_label_gap","Geneva, Switzerland","Lucerne, Switzerland",9,summer,10,nature_food,0.4,0.2,0.3,0.3,78.8284435,86.5776387,7.7491953,85.3905807,1.187058,0.75,0.9262821,0.1762821,0.8987342,0.0275479,0.9555556,0.9555556,0.0,0.9666667,-0.0111111,0.6666667,0.6666667,0.0,0.6666667,0.0,0.6275717,0.6549622,0.0273906,0.6549622,0.0,0.8831535,1.0,0.1168465,1.0,0.0,1.0,1.0,0.0,0.949868,0.050132,1.0,1.0,0.0,0.9722222,0.0277778,1.150751,-
3,convert_travel_day_to_stay,1|2|4,"substitute_pois,insert_new_city,rebalance_label_gap","Geneva, Switzerland","Lucerne, Switzerland",9,summer,10,culture_food,0.1,0.4,0.3,0.2,76.4622781,87.5116146,11.0493365,87.5116146,0.0,0.6507675,0.9205044,0.2697368,0.9205044,0.0,0.9666667,0.9555556,-0.0111111,0.9555556,0.0,0.8333333,0.8333333,0.0,0.8333333,0.0,0.5932694,0.6066342,0.0133649,0.6066342,0.0,0.8037034,1.0,0.1962966,1.0,0.0,0.949868,0.8722229,-0.0776451,0.8722229,0.0,1.0,1.0,0.0,1.0,0.0,1.95332,-
3,convert_travel_day_to_stay,1|2|4,"substitute_pois,insert_new_city,rebalance_label_gap","Interlaken, Switzerland","St. Moritz, Switzerland",9,winter,6,balanced,0.25,0.25,0.25,0.25,80.9072514,90.3772304,9.4699791,90.3772304,0.0,0.8488372,1.0,0.1511628,1.0,0.0,0.9814815,0.9444444,-0.037037,0.9444444,0.0,0.6666667,0.8333333,0.1666667,0.8333333,0.0,0.8223313,0.7260812,-0.0962501,0.7260812,0.0,0.4140758,0.8458231,0.4317473,0.8458231,0.0,1.0,0.8722229,-0.1277771,0.8722229,0.0,1.0,1.0,0.0,1.0,0.0,0.262917,-
3,convert_travel_day_to_stay,1|2|4,"substitute_pois,insert_new_city,rebalance_label_gap","Interlaken, Switzerland","St. Moritz, Switzerland",9,winter,6,nature_food,0.4,0.2,0.3,0.3,86.709063,86.709063,0.0,86.709063,0.0,0.9090909,0.9090909,0.0,0.9090909,0.0,0.962963,0.962963,0.0,0.962963,0.0,0.6666667,0.6666667,0.0,0.6666667,0.0,0.8223313,0.8223313,0.0,0.8223313,0.0,0.8111468,0.8111468,0.0,0.8111468,0.0,1.0,1.0,0.0,1.0,0.0,1.0,1.0,0.0,1.0,0.0,0.218269,-
3,convert_travel_day_to_stay,1|2|4,"substitute_pois,insert_new_city,rebalance_label_gap","Interlaken, Switzerland","St. Moritz, Switzerland",9,winter,6,culture_food,0.1,0.4,0.3,0.2,71.0561532,80.0822394,9.0260862,80.0822394,0.0,0.6546053,0.9034553,0.24885,0.9034553,0.0,0.9444444,0.9259259,-0.0185185,0.9259259,0.0,0.8333333,0.6666667,-0.1666667,0.6666667,0.0,0.7792768,0.8306328,0.051356,0.8306328,0.0,0.0039811,0.2363583,0.2323773,0.2363583,0.0,0.949868,0.949868,0.0,0.949868,0.0,1.0,1.0,0.0,1.0,0.0,0.309154,-
3,convert_travel_day_to_stay,1|2|4,"substitute_pois,insert_new_city,rebalance_label_gap","Interlaken, Switzerland","St. Moritz, Switzerland",9,winter,10,balanced,0.25,0.25,0.25,0.25,69.3660139,79.2936298,9.9276159,79.2936298,0.0,0.6575342,0.9507042,0.29317,0.9507042,0.0,0.9333333,0.9111111,-0.0222222,0.9111111,0.0,0.8333333,0.8333333,0.0,0.8333333,0.0,0.6708776,0.6708776,0.0,0.6708776,0.0,0.0039811,0.0039811,0.0,0.0039811,0.0,0.949868,0.949868,0.0,0.949868,0.0,1.0,1.0,0.0,1.0,0.0,0.337533,-
3,convert_travel_day_to_stay,1|2|4,"substitute_pois,insert_new_city,rebalance_label_gap","Interlaken, Switzerland","St. Moritz, Switzerland",9,winter,10,nature_food,0.4,0.2,0.3,0.3,73.6641132,81.3384127,7.6742996,81.3384127,0.0,0.7195946,0.8873239,0.1677293,0.8873239,0.0,0.9666667,0.9555556,-0.0111111,0.9555556,0.0,0.8333333,1.0,0.1666667,1.0,0.0,0.7792768,0.7846258,0.005349,0.7846258,0.0,0.0039811,0.0068901,0.002909,0.0068901,0.0,0.949868,0.8220908,-0.1277771,0.8220908,0.0,1.0,1.0,0.0,1.0,0.0,0.311597,-
3,convert_travel_day_to_stay,1|2|4,"substitute_pois,insert_new_city,rebalance_label_gap","Interlaken, Switzerland","St. Moritz, Switzerland",9,winter,10,culture_food,0.1,0.4,0.3,0.2,69.5556901,82.194579,12.6388889,82.194579,0.0,0.6186343,0.9797454,0.3611111,0.9797454,0.0,0.9222222,0.9222222,0.0,0.9222222,0.0,0.8333333,0.8333333,0.0,0.8333333,0.0,0.7854005,0.7854005,0.0,0.7854005,0.0,0.0039811,0.0039811,0.0,0.0039811,0.0,0.949868,0.949868,0.0,0.949868,0.0,1.0,1.0,0.0,1.0,0.0,0.327659,-
3,convert_travel_day_to_stay,1|2|4,"substitute_pois,insert_new_city,rebalance_label_gap","Zurich, Switzerland","Zurich, Switzerland",9,winter,6,balanced,0.25,0.25,0.25,0.25,67.419786,67.419786,0.0,67.419786,0.0,0.4318182,0.4318182,0.0,0.4318182,0.0,0.9814815,0.9814815,0.0,0.9814815,0.0,0.6666667,0.6666667,0.0,0.6666667,0.0,0.5223058,0.5223058,0.0,0.5223058,0.0,1.0,1.0,0.0,1.0,0.0,0.949868,0.949868,0.0,0.949868,0.0,1.0,1.0,0.0,1.0,0.0,0.130132,-
3,convert_travel_day_to_stay,1|2|4,"substitute_pois,insert_new_city,rebalance_label_gap","Zurich, Switzerland","Zurich, Switzerland",9,winter,6,nature_food,0.4,0.2,0.3,0.3,70.4656935,70.4656935,0.0,70.4656935,0.0,0.4940476,0.4940476,0.0,0.4940476,0.0,0.962963,0.962963,0.0,0.962963,0.0,0.6666667,0.6666667,0.0,0.6666667,0.0,0.6011084,0.6011084,0.0,0.6011084,0.0,0.9963616,0.9963616,0.0,0.9963616,0.0,0.949868,0.949868,0.0,0.949868,0.0,1.0,1.0,0.0,1.0,0.0,0.097375,-
3,convert_travel_day_to_stay,1|2|4,"substitute_pois,insert_new_city,rebalance_label_gap","Zurich, Switzerland","Zurich, Switzerland",9,winter,6,culture_food,0.1,0.4,0.3,0.2,66.1083154,66.1083154,0.0,66.1083154,0.0,0.4854651,0.4854651,0.0,0.4854651,0.0,1.0,1.0,0.0,1.0,0.0,0.6666667,0.6666667,0.0,0.6666667,0.0,0.8366988,0.8366988,0.0,0.8366988,0.0,0.1817215,0.1817215,0.0,0.1817215,0.0,0.949868,0.949868,0.0,0.949868,0.0,1.0,1.0,0.0,1.0,0.0,0.106473,-
3,convert_travel_day_to_stay,1|2|4,"substitute_pois,insert_new_city,rebalance_label_gap","Zurich, Switzerland","Zurich, Switzerland",9,winter,10,balanced,0.25,0.25,0.25,0.25,64.847577,64.847577,0.0,64.847577,0.0,0.3703704,0.3703704,0.0,0.3703704,0.0,0.9777778,0.9777778,0.0,0.9777778,0.0,0.6666667,0.6666667,0.0,0.6666667,0.0,0.4979072,0.4979072,0.0,0.4979072,0.0,1.0,1.0,0.0,1.0,0.0,0.949868,0.949868,0.0,0.949868,0.0,1.0,1.0,0.0,1.0,0.0,0.234562,-
3,convert_travel_day_to_stay,1|2|4,"substitute_pois,insert_new_city,rebalance_label_gap","Zurich, Switzerland","Zurich, Switzerland",9,winter,10,nature_food,0.4,0.2,0.3,0.3,73.6160477,73.6160477,0.0,73.6160477,0.0,0.6720779,0.6720779,0.0,0.6720779,0.0,0.9777778,0.9777778,0.0,0.9777778,0.0,0.6666667,0.6666667,0.0,0.6666667,0.0,0.6277271,0.6277271,0.0,0.6277271,0.0,0.6261408,0.6261408,0.0,0.6261408,0.0,0.949868,0.949868,0.0,0.949868,0.0,1.0,1.0,0.0,1.0,0.0,0.251143,-
3,convert_travel_day_to_stay,1|2|4,"substitute_pois,insert_new_city,rebalance_label_gap","Zurich, Switzerland","Zurich, Switzerland",9,winter,10,culture_food,0.1,0.4,0.3,0.2,58.7509309,58.7509309,0.0,58.7509309,0.0,0.4222222,0.4222222,0.0,0.4222222,0.0,0.9444444,0.9444444,0.0,0.9444444,0.0,0.5,0.5,0.0,0.5,0.0,0.8284365,0.8284365,0.0,0.8284365,0.0,0.0018827,0.0018827,0.0,0.0018827,0.0,1.0,1.0,0.0,1.0,0.0,0.9722222,0.9722222,0.0,0.9722222,0.0,0.214697,-
3,convert_travel_day_to_stay,1|2|4,"substitute_pois,insert_new_city,rebalance_label_gap","Geneva, Switzerland","Lucerne, Switzerland",9,winter,6,balanced,0.25,0.25,0.25,0.25,76.0600525,86.3039549,10.2439024,86.3039549,0.0,0.5731707,0.8658537,0.2926829,0.8658537,0.0,0.9259259,0.9259259,0.0,0.9259259,0.0,0.8333333,0.8333333,0.0,0.8333333,0.0,0.6573899,0.6573899,0.0,0.6573899,0.0,1.0,1.0,0.0,1.0,0.0,0.949868,0.949868,0.0,0.949868,0.0,1.0,1.0,0.0,1.0,0.0,0.246836,-
3,convert_travel_day_to_stay,1|2|4,"substitute_pois,insert_new_city,rebalance_label_gap","Geneva, Switzerland","Lucerne, Switzerland",9,winter,6,nature_food,0.4,0.2,0.3,0.3,77.8625698,93.1139722,15.2514025,93.1139722,0.0,0.5738636,0.9583333,0.3844697,0.9583333,0.0,1.0,0.9814815,-0.0185185,0.9814815,0.0,0.8333333,1.0,0.1666667,1.0,0.0,0.7018668,0.7159753,0.0141084,0.7159753,0.0,1.0,1.0,0.0,1.0,0.0,0.949868,0.8220908,-0.1277771,0.8220908,0.0,1.0,1.0,0.0,1.0,0.0,0.600704,-
3,convert_travel_day_to_stay,1|2|4,"substitute_pois,insert_new_city,rebalance_label_gap","Geneva, Switzerland","Lucerne, Switzerland",9,winter,6,culture_food,0.1,0.4,0.3,0.2,78.2070728,88.6963405,10.4892677,88.6963405,0.0,0.5852273,0.9166667,0.3314394,0.9166667,0.0,1.0,0.9259259,-0.0740741,0.9259259,0.0,0.8333333,0.8333333,0.0,0.8333333,0.0,0.6983186,0.6983186,0.0,0.6983186,0.0,1.0,1.0,0.0,1.0,0.0,0.949868,0.949868,0.0,0.949868,0.0,1.0,1.0,0.0,1.0,0.0,0.292568,-
3,convert_travel_day_to_stay,1|2|4,"substitute_pois,insert_new_city,rebalance_label_gap","Geneva, Switzerland","Lucerne, Switzerland",9,winter,10,balanced,0.25,0.25,0.25,0.25,72.9771531,82.8437704,9.8666172,82.8437704,0.0,0.4736842,0.7222222,0.248538,0.7222222,0.0,0.9222222,0.9111111,-0.0111111,0.9111111,0.0,0.8333333,1.0,0.1666667,1.0,0.0,0.6877022,0.6525915,-0.0351107,0.6525915,0.0,1.0,1.0,0.0,1.0,0.0,0.949868,0.8220908,-0.1277771,0.8220908,0.0,1.0,1.0,0.0,1.0,0.0,0.744345,-
3,convert_travel_day_to_stay,1|2|4,"substitute_pois,insert_new_city,rebalance_label_gap","Geneva, Switzerland","Lucerne, Switzerland",9,winter,10,nature_food,0.4,0.2,0.3,0.3,76.9488583,79.6959648,2.7471065,79.6959648,0.0,0.528125,0.6018519,0.0737269,0.6018519,0.0,0.9888889,1.0,0.0111111,1.0,0.0,0.8333333,0.8333333,0.0,0.8333333,0.0,0.7587873,0.7587873,0.0,0.7587873,0.0,1.0,1.0,0.0,1.0,0.0,0.949868,0.949868,0.0,0.949868,0.0,1.0,1.0,0.0,1.0,0.0,0.497031,-
3,convert_travel_day_to_stay,1|2|4,"substitute_pois,insert_new_city,rebalance_label_gap","Geneva, Switzerland","Lucerne, Switzerland",9,winter,10,culture_food,0.1,0.4,0.3,0.2,70.4212819,88.6191299,18.197848,88.6191299,0.0,0.3755411,0.9335749,0.5580338,0.9335749,0.0,0.9666667,0.8777778,-0.0888889,0.8777778,0.0,0.8333333,0.8333333,0.0,0.8333333,0.0,0.7018668,0.7018668,0.0,0.7018668,0.0,1.0,1.0,0.0,1.0,0.0,0.949868,0.949868,0.0,0.949868,0.0,1.0,1.0,0.0,1.0,0.0,0.705628,-
3,convert_travel_day_to_stay,1|2|4,"substitute_pois,insert_new_city,rebalance_label_gap","Interlaken, Switzerland","St. Moritz, Switzerland",15,summer,6,balanced,0.25,0.25,0.25,0.25,72.0402664,85.4649239,13.4246575,85.4649239,0.0,0.5479452,0.9315068,0.3835616,0.9315068,0.0,0.9444444,0.9444444,0.0,0.9444444,0.0,0.6666667,0.6666667,0.0,0.6666667,0.0,0.6932206,0.6932206,0.0,0.6932206,0.0,0.8697604,0.8697604,0.0,0.8697604,0.0,0.9699208,0.9699208,0.0,0.9699208,0.0,0.95,0.95,0.0,0.95,0.0,2.679344,-
3,convert_travel_day_to_stay,1|2|4,"substitute_pois,insert_new_city,rebalance_label_gap","Interlaken, Switzerland","St. Moritz, Switzerland",15,summer,6,nature_food,0.4,0.2,0.3,0.3,69.7858112,83.7858112,14.0,83.7858112,0.0,0.5107143,0.9107143,0.4,0.9107143,0.0,0.9444444,0.9444444,0.0,0.9444444,0.0,0.8888889,0.8888889,0.0,0.8888889,0.0,0.7090306,0.7090306,0.0,0.7090306,0.0,0.3925748,0.3925748,0.0,0.3925748,0.0,0.9699208,0.9699208,0.0,0.9699208,0.0,1.0,1.0,0.0,1.0,0.0,1.688171,-
3,convert_travel_day_to_stay,1|2|4,"substitute_pois,insert_new_city,rebalance_label_gap","Interlaken, Switzerland","St. Moritz, Switzerland",15,summer,6,culture_food,0.1,0.4,0.3,0.2,73.0198742,87.624735,14.6048608,85.7420626,1.8826724,0.6135266,0.9553571,0.3418306,0.9836957,-0.0283385,0.9333333,0.9555556,0.0222222,0.9333333,0.0222222,0.7777778,0.8888889,0.1111111,0.7777778,0.1111111,0.7192239,0.7144869,-0.004737,0.7192239,-0.004737,0.5091419,0.6186596,0.1095178,0.5091419,0.1095178,1.0,0.9233337,-0.0766663,0.9699208,-0.0465871,1.0,1.0,0.0,0.9833333,0.0166667,2.876986,-
3,convert_travel_day_to_stay,1|2|4,"substitute_pois,insert_new_city,rebalance_label_gap","Interlaken, Switzerland","St. Moritz, Switzerland",15,summer,10,balanced,0.25,0.25,0.25,0.25,79.4446008,83.687025,4.2424242,88.9900553,-5.3030303,0.6818182,0.8030303,0.1212121,0.9545455,-0.1515152,0.98,0.98,0.0,0.98,0.0,0.7777778,0.7777778,0.0,0.7777778,0.0,0.7050204,0.7050204,0.0,0.7050204,0.0,0.8872721,0.8872721,0.0,0.8872721,0.0,0.9699208,0.9699208,0.0,0.9699208,0.0,0.9833333,0.9833333,0.0,0.9833333,0.0,3.518161,-
3,convert_travel_day_to_stay,1|2|4,"substitute_pois,insert_new_city,rebalance_label_gap","Interlaken, Switzerland","St. Moritz, Switzerland",15,summer,10,nature_food,0.4,0.2,0.3,0.3,80.5456057,87.2060534,6.6604478,87.2060534,0.0,0.7070896,0.8973881,0.1902985,0.8973881,0.0,0.9866667,0.9866667,0.0,0.9866667,0.0,0.7777778,0.7777778,0.0,0.7777778,0.0,0.7127875,0.7127875,0.0,0.7127875,0.0,0.8872721,0.8872721,0.0,0.8872721,0.0,0.9699208,0.9699208,0.0,0.9699208,0.0,0.9833333,0.9833333,0.0,0.9833333,0.0,3.228948,-
3,convert_travel_day_to_stay,1|2|4,"substitute_pois,insert_new_city,rebalance_label_gap","Interlaken, Switzerland","St. Moritz, Switzerland",15,summer,10,culture_food,0.1,0.4,0.3,0.2,66.013786,81.1611306,15.1473446,81.1611306,0.0,0.6144126,0.9907025,0.3762899,0.9907025,0.0,0.9133333,0.9266667,0.0133333,0.9266667,0.0,0.6666667,0.7777778,0.1111111,0.7777778,0.0,0.7306231,0.7377844,0.0071613,0.7377844,0.0,0.01,0.0170174,0.0070174,0.0170174,0.0,1.0,0.9699208,-0.0300792,0.9699208,0.0,0.95,0.9666667,0.0166667,0.9666667,0.0,2.078049,-
3,convert_travel_day_to_stay,1|2|4,"substitute_pois,insert_new_city,rebalance_label_gap","Zurich, Switzerland","Zurich, Switzerland",15,summer,6,balanced,0.25,0.25,0.25,0.25,68.6213736,68.6213736,0.0,68.6213736,0.0,0.538961,0.538961,0.0,0.538961,0.0,1.0,1.0,0.0,1.0,0.0,0.6666667,0.6666667,0.0,0.6666667,0.0,0.5827105,0.5827105,0.0,0.5827105,0.0,0.6100413,0.6100413,0.0,0.6100413,0.0,1.0,1.0,0.0,1.0,0.0,0.9833333,0.9833333,0.0,0.9833333,0.0,0.514031,-
3,convert_travel_day_to_stay,1|2|4,"substitute_pois,insert_new_city,rebalance_label_gap","Zurich, Switzerland","Zurich, Switzerland",15,summer,6,nature_food,0.4,0.2,0.3,0.3,64.9255601,64.9255601,0.0,64.9255601,0.0,0.5347222,0.5347222,0.0,0.5347222,0.0,0.9777778,0.9777778,0.0,0.9777778,0.0,0.7777778,0.7777778,0.0,0.7777778,0.0,0.6395626,0.6395626,0.0,0.6395626,0.0,0.0433906,0.0433906,0.0,0.0433906,0.0,0.9699208,0.9699208,0.0,0.9699208,0.0,1.0,1.0,0.0,1.0,0.0,0.346964,-
3,convert_travel_day_to_stay,1|2|4,"substitute_pois,insert_new_city,rebalance_label_gap","Zurich, Switzerland","Zurich, Switzerland",15,summer,6,culture_food,0.1,0.4,0.3,0.2,69.4381007,69.4381007,0.0,69.4381007,0.0,0.7111872,0.7111872,0.0,0.7111872,0.0,0.9666667,0.9666667,0.0,0.9666667,0.0,0.6666667,0.6666667,0.0,0.6666667,0.0,0.6724298,0.6724298,0.0,0.6724298,0.0,0.0277165,0.0277165,0.0,0.0277165,0.0,0.9699208,0.9699208,0.0,0.9699208,0.0,0.9666667,0.9666667,0.0,0.9666667,0.0,0.347527,-
3,convert_travel_day_to_stay,1|2|4,"substitute_pois,insert_new_city,rebalance_label_gap","Zurich, Switzerland","Zurich, Switzerland",15,summer,10,balanced,0.25,0.25,0.25,0.25,71.9744689,71.9744689,0.0,71.9744689,0.0,0.6031746,0.6031746,0.0,0.6031746,0.0,0.96,0.96,0.0,0.96,0.0,0.7777778,0.7777778,0.0,0.7777778,0.0,0.8526094,0.8526094,0.0,0.8526094,0.0,0.2157946,0.2157946,0.0,0.2157946,0.0,0.9699208,0.9699208,0.0,0.9699208,0.0,1.0,1.0,0.0,1.0,0.0,0.864456,-
3,convert_travel_day_to_stay,1|2|4,"substitute_pois,insert_new_city,rebalance_label_gap","Zurich, Switzerland","Zurich, Switzerland",15,summer,10,nature_food,0.4,0.2,0.3,0.3,70.2453596,70.2453596,0.0,70.2453596,0.0,0.7288462,0.7288462,0.0,0.7288462,0.0,0.9666667,0.9666667,0.0,0.9666667,0.0,0.6666667,0.6666667,0.0,0.6666667,0.0,0.6694609,0.6694609,0.0,0.6694609,0.0,0.0277165,0.0277165,0.0,0.0277165,0.0,1.0,1.0,0.0,1.0,0.0,0.9833333,0.9833333,0.0,0.9833333,0.0,0.776884,-
3,convert_travel_day_to_stay,1|2|4,"substitute_pois,insert_new_city,rebalance_label_gap","Zurich, Switzerland","Zurich, Switzerland",15,summer,10,culture_food,0.1,0.4,0.3,0.2,76.9791925,76.9791925,0.0,76.9791925,0.0,0.5588038,0.5588038,0.0,0.5588038,0.0,0.9466667,0.9466667,0.0,0.9466667,0.0,0.7777778,0.7777778,0.0,0.7777778,0.0,0.8119804,0.8119804,0.0,0.8119804,0.0,0.9525085,0.9525085,0.0,0.9525085,0.0,0.9699208,0.9699208,0.0,0.9699208,0.0,1.0,1.0,0.0,1.0,0.0,0.899027,-
3,convert_travel_day_to_stay,1|2|4,"substitute_pois,insert_new_city,rebalance_label_gap","Geneva, Switzerland","Lucerne, Switzerland",15,summer,6,balanced,0.25,0.25,0.25,0.25,73.9177713,86.5310462,12.6132749,86.5310462,0.0,0.4810127,0.8461538,0.3651412,0.8461538,0.0,0.9888889,0.9777778,-0.0111111,0.9777778,0.0,0.7777778,0.7777778,0.0,0.7777778,0.0,0.7210705,0.7210705,0.0,0.7210705,0.0,1.0,1.0,0.0,1.0,0.0,0.9699208,0.9699208,0.0,0.9699208,0.0,0.9833333,0.9833333,0.0,0.9833333,0.0,3.533441,-
3,convert_travel_day_to_stay,1|2|4,"substitute_pois,insert_new_city,rebalance_label_gap","Geneva, Switzerland","Lucerne, Switzerland",15,summer,6,nature_food,0.4,0.2,0.3,0.3,72.5491234,82.3285352,9.7794118,90.6534161,-8.3248809,0.4264706,0.7058824,0.2794118,0.9456522,-0.2397698,0.9333333,0.9333333,0.0,0.9444444,-0.0111111,0.8888889,0.8888889,0.0,0.8888889,0.0,0.7098432,0.7098432,0.0,0.7098432,0.0,0.9792067,0.9792067,0.0,0.9792067,0.0,0.9699208,0.9699208,0.0,0.9398416,0.0300792,1.0,1.0,0.0,0.9833333,0.0166667,1.092449,-
3,convert_travel_day_to_stay,1|2|4,"substitute_pois,insert_new_city,rebalance_label_gap","Geneva, Switzerland","Lucerne, Switzerland",15,summer,6,culture_food,0.1,0.4,0.3,0.2,76.4684519,92.1815685,15.7131166,92.1815685,0.0,0.5256849,0.9841549,0.45847,0.9841549,0.0,0.9777778,0.9555556,-0.0222222,0.9555556,0.0,0.8888889,0.8888889,0.0,0.8888889,0.0,0.696907,0.696907,0.0,0.696907,0.0,1.0,1.0,0.0,1.0,0.0,0.9398416,0.9398416,0.0,0.9398416,0.0,0.9833333,0.9833333,0.0,0.9833333,0.0,2.577768,-
3,convert_travel_day_to_stay,1|2|4,"substitute_pois,insert_new_city,rebalance_label_gap","Geneva, Switzerland","Lucerne, Switzerland",15,summer,10,balanced,0.25,0.25,0.25,0.25,77.683535,91.7674159,14.0838809,90.9944992,0.7729167,0.641791,0.96875,0.326959,0.952381,0.016369,0.9666667,0.9533333,-0.0133333,0.94,0.0133333,0.6666667,0.8888889,0.2222222,0.8888889,0.0,0.7258343,0.7074109,-0.0184234,0.7074109,0.0,1.0,1.0,0.0,1.0,0.0,1.0,0.9233337,-0.0766663,0.9233337,0.0,0.9666667,1.0,0.0333333,1.0,0.0,5.04193,-
3,convert_travel_day_to_stay,1|2|4,"substitute_pois,insert_new_city,rebalance_label_gap","Geneva, Switzerland","Lucerne, Switzerland",15,summer,10,nature_food,0.4,0.2,0.3,0.3,80.2042398,91.5733191,11.3690793,89.3805118,2.1928072,0.6809701,0.9709302,0.2899601,0.9488636,0.0220666,0.9666667,0.9533333,-0.0133333,0.9533333,0.0,0.7777778,0.8888889,0.1111111,0.7777778,0.1111111,0.6802412,0.6893839,0.0091427,0.6802412,0.0091427,1.0,1.0,0.0,1.0,0.0,1.0,0.9233337,-0.0766663,1.0,-0.0766663,1.0,1.0,0.0,1.0,0.0,3.995819,-
3,convert_travel_day_to_stay,1|2|4,"substitute_pois,insert_new_city,rebalance_label_gap","Geneva, Switzerland","Lucerne, Switzerland",15,summer,10,culture_food,0.1,0.4,0.3,0.2,77.4311399,89.6022439,12.171104,92.3921964,-2.7899525,0.5936693,0.9182692,0.3246,0.9898219,-0.0715527,0.9533333,0.96,0.0066667,0.9733333,-0.0133333,0.7777778,0.8888889,0.1111111,0.8888889,0.0,0.7141368,0.6757049,-0.0384318,0.6969942,-0.0212893,0.9973998,0.9977245,0.0003247,0.9977245,0.0,1.0,0.9233337,-0.0766663,0.8932545,0.0300792,1.0,1.0,0.0,0.9833333,0.0166667,4.740042,-
3,convert_travel_day_to_stay,1|2|4,"substitute_pois,insert_new_city,rebalance_label_gap","Interlaken, Switzerland","St. Moritz, Switzerland",15,winter,6,balanced,0.25,0.25,0.25,0.25,79.7993472,89.7399182,9.9405711,90.7399182,-1.0,0.7462687,0.9428571,0.1965885,0.9714286,-0.0285714,0.9222222,0.9666667,0.0444444,0.9666667,0.0,0.7777778,0.8888889,0.1111111,0.8888889,0.0,0.7192239,0.7144869,-0.004737,0.7144869,0.0,0.7391585,0.8572613,0.1181028,0.8572613,0.0,1.0,0.9233337,-0.0766663,0.9233337,0.0,1.0,1.0,0.0,1.0,0.0,0.876534,-
3,convert_travel_day_to_stay,1|2|4,"substitute_pois,insert_new_city,rebalance_label_gap","Interlaken, Switzerland","St. Moritz, Switzerland",15,winter,6,nature_food,0.4,0.2,0.3,0.3,71.7682226,73.5460004,1.7777778,73.5460004,0.0,0.6944444,0.75,0.0555556,0.75,0.0,0.9888889,0.9777778,-0.0111111,0.9777778,0.0,0.7777778,0.7777778,0.0,0.7777778,0.0,0.7335551,0.7335551,0.0,0.7335551,0.0,0.019307,0.019307,0.0,0.019307,0.0,0.9699208,0.9699208,0.0,0.9699208,0.0,0.9833333,0.9833333,0.0,0.9833333,0.0,0.230701,-
3,convert_travel_day_to_stay,1|2|4,"substitute_pois,insert_new_city,rebalance_label_gap","Interlaken, Switzerland","St. Moritz, Switzerland",15,winter,6,culture_food,0.1,0.4,0.3,0.2,73.01394,82.6082382,9.5942982,82.6082382,0.0,0.6025219,0.8766447,0.2741228,0.8766447,0.0,0.9888889,0.9888889,0.0,0.9888889,0.0,0.6666667,0.6666667,0.0,0.6666667,0.0,0.7460483,0.7460483,0.0,0.7460483,0.0,0.5984948,0.5984948,0.0,0.5984948,0.0,1.0,1.0,0.0,1.0,0.0,0.9833333,0.9833333,0.0,0.9833333,0.0,0.704719,-
3,convert_travel_day_to_stay,1|2|4,"substitute_pois,insert_new_city,rebalance_label_gap","Interlaken, Switzerland","St. Moritz, Switzerland",15,winter,10,balanced,0.25,0.25,0.25,0.25,78.2312523,91.1176701,12.8864178,91.1176701,0.0,0.6616541,0.9848485,0.3231943,0.9848485,0.0,0.9733333,0.98,0.0066667,0.98,0.0,0.7777778,0.8888889,0.1111111,0.8888889,0.0,0.6947087,0.6958109,0.0011022,0.6958109,0.0,0.838606,0.8560807,0.0174747,0.8560807,0.0,1.0,0.9233337,-0.0766663,0.9233337,0.0,1.0,1.0,0.0,1.0,0.0,1.14523,-
3,convert_travel_day_to_stay,1|2|4,"substitute_pois,insert_new_city,rebalance_label_gap","Interlaken, Switzerland","St. Moritz, Switzerland",15,winter,10,nature_food,0.4,0.2,0.3,0.3,79.3156672,86.1752885,6.8596213,86.1752885,0.0,0.6889313,0.8731343,0.184203,0.8731343,0.0,0.9733333,0.98,0.0066667,0.98,0.0,0.7777778,0.7777778,0.0,0.7777778,0.0,0.7510844,0.701773,-0.0493114,0.701773,0.0,0.7820535,0.8872721,0.1052186,0.8872721,0.0,0.9699208,0.9699208,0.0,0.9699208,0.0,1.0,1.0,0.0,1.0,0.0,1.043201,-
3,convert_travel_day_to_stay,1|2|4,"substitute_pois,insert_new_city,rebalance_label_gap","Interlaken, Switzerland","St. Moritz, Switzerland",15,winter,10,culture_food,0.1,0.4,0.3,0.2,72.322333,82.1330471,9.8107141,82.3558794,-0.2228323,0.5722446,0.858265,0.2860204,0.8789174,-0.0206524,0.9133333,0.9,-0.0133333,0.8666667,0.0333333,0.7777778,0.7777778,0.0,0.7777778,0.0,0.7202551,0.7202551,0.0,0.7202551,0.0,0.6440341,0.6440341,0.0,0.6440341,0.0,0.9699208,0.9699208,0.0,0.9699208,0.0,0.9666667,0.9666667,0.0,0.9666667,0.0,0.707113,-
3,convert_travel_day_to_stay,1|2|4,"substitute_pois,insert_new_city,rebalance_label_gap","Zurich, Switzerland","Zurich, Switzerland",15,winter,6,balanced,0.25,0.25,0.25,0.25,80.1989844,80.1989844,0.0,80.1989844,0.0,0.7714286,0.7714286,0.0,0.7714286,0.0,0.9444444,0.9444444,0.0,0.9444444,0.0,0.7777778,0.7777778,0.0,0.7777778,0.0,0.6701956,0.6701956,0.0,0.6701956,0.0,0.7463113,0.7463113,0.0,0.7463113,0.0,0.9699208,0.9699208,0.0,0.9699208,0.0,1.0,1.0,0.0,1.0,0.0,0.263384,-
3,convert_travel_day_to_stay,1|2|4,"substitute_pois,insert_new_city,rebalance_label_gap","Zurich, Switzerland","Zurich, Switzerland",15,winter,6,nature_food,0.4,0.2,0.3,0.3,73.0217489,73.0217489,0.0,73.0217489,0.0,0.5684932,0.5684932,0.0,0.5684932,0.0,0.9666667,0.9666667,0.0,0.9666667,0.0,0.6666667,0.6666667,0.0,0.6666667,0.0,0.5822549,0.5822549,0.0,0.5822549,0.0,0.9973998,0.9973998,0.0,0.9973998,0.0,1.0,1.0,0.0,1.0,0.0,0.9833333,0.9833333,0.0,0.9833333,0.0,0.249679,-
3,convert_travel_day_to_stay,1|2|4,"substitute_pois,insert_new_city,rebalance_label_gap","Zurich, Switzerland","Zurich, Switzerland",15,winter,6,culture_food,0.1,0.4,0.3,0.2,71.8979666,71.8979666,0.0,71.8979666,0.0,0.4746377,0.4746377,0.0,0.4746377,0.0,0.9666667,0.9666667,0.0,0.9666667,0.0,0.7777778,0.7777778,0.0,0.7777778,0.0,0.8526094,0.8526094,0.0,0.8526094,0.0,0.6480236,0.6480236,0.0,0.6480236,0.0,0.9699208,0.9699208,0.0,0.9699208,0.0,1.0,1.0,0.0,1.0,0.0,0.212381,-
3,convert_travel_day_to_stay,1|2|4,"substitute_pois,insert_new_city,rebalance_label_gap","Zurich, Switzerland","Zurich, Switzerland",15,winter,10,balanced,0.25,0.25,0.25,0.25,70.0448918,70.0448918,0.0,70.0448918,0.0,0.4806202,0.4806202,0.0,0.4806202,0.0,0.96,0.96,0.0,0.96,0.0,0.7777778,0.7777778,0.0,0.7777778,0.0,0.6562535,0.6562535,0.0,0.6562535,0.0,0.7463113,0.7463113,0.0,0.7463113,0.0,0.9699208,0.9699208,0.0,0.9699208,0.0,1.0,1.0,0.0,1.0,0.0,0.48448,-
3,convert_travel_day_to_stay,1|2|4,"substitute_pois,insert_new_city,rebalance_label_gap","Zurich, Switzerland","Zurich, Switzerland",15,winter,10,nature_food,0.4,0.2,0.3,0.3,73.4747766,73.4747766,0.0,73.4747766,0.0,0.5708661,0.5708661,0.0,0.5708661,0.0,0.9666667,0.9666667,0.0,0.9666667,0.0,0.7777778,0.7777778,0.0,0.7777778,0.0,0.733197,0.733197,0.0,0.733197,0.0,0.6480236,0.6480236,0.0,0.6480236,0.0,0.9699208,0.9699208,0.0,0.9699208,0.0,1.0,1.0,0.0,1.0,0.0,0.426645,-
3,convert_travel_day_to_stay,1|2|4,"substitute_pois,insert_new_city,rebalance_label_gap","Zurich, Switzerland","Zurich, Switzerland",15,winter,10,culture_food,0.1,0.4,0.3,0.2,65.7640609,65.7640609,0.0,65.7640609,0.0,0.5086088,0.5086088,0.0,0.5086088,0.0,0.9133333,0.9133333,0.0,0.9133333,0.0,0.6666667,0.6666667,0.0,0.6666667,0.0,0.8407387,0.8407387,0.0,0.8407387,0.0,0.1735005,0.1735005,0.0,0.1735005,0.0,1.0,1.0,0.0,1.0,0.0,0.9833333,0.9833333,0.0,0.9833333,0.0,0.418325,-
3,convert_travel_day_to_stay,1|2|4,"substitute_pois,insert_new_city,rebalance_label_gap","Geneva, Switzerland","Lucerne, Switzerland",15,winter,6,balanced,0.25,0.25,0.25,0.25,76.4467923,88.6514711,12.2046788,88.7278326,-0.0763615,0.6764706,0.8857143,0.2092437,0.8857143,0.0,0.9111111,0.9444444,0.0333333,0.9444444,0.0,0.7777778,0.8888889,0.1111111,0.8888889,0.0,0.7202235,0.7023202,-0.0179034,0.7074109,-0.0050908,0.6633635,1.0,0.3366365,1.0,0.0,1.0,0.9233337,-0.0766663,0.9233337,0.0,1.0,1.0,0.0,1.0,0.0,0.766331,-
3,convert_travel_day_to_stay,1|2|4,"substitute_pois,insert_new_city,rebalance_label_gap","Geneva, Switzerland","Lucerne, Switzerland",15,winter,6,nature_food,0.4,0.2,0.3,0.3,78.5888252,84.2599545,5.6711293,84.2599545,0.0,0.5633333,0.7042254,0.140892,0.7042254,0.0,1.0,0.9666667,-0.0333333,0.9666667,0.0,0.8888889,1.0,0.1111111,1.0,0.0,0.7126148,0.7097196,-0.0028951,0.7097196,0.0,1.0,1.0,0.0,1.0,0.0,0.9699208,0.8932545,-0.0766663,0.8932545,0.0,1.0,1.0,0.0,1.0,0.0,0.475738,-
3,convert_travel_day_to_stay,1|2|4,"substitute_pois,insert_new_city,rebalance_label_gap","Geneva, Switzerland","Lucerne, Switzerland",15,winter,6,culture_food,0.1,0.4,0.3,0.2,78.5424774,86.02603,7.4835526,86.02603,0.0,0.5997807,0.8135965,0.2138158,0.8135965,0.0,1.0,1.0,0.0,1.0,0.0,0.7777778,0.7777778,0.0,0.7777778,0.0,0.7311213,0.7311213,0.0,0.7311213,0.0,1.0,1.0,0.0,1.0,0.0,1.0,1.0,0.0,1.0,0.0,0.9833333,0.9833333,0.0,0.9833333,0.0,0.795456,-
3,convert_travel_day_to_stay,1|2|4,"substitute_pois,insert_new_city,rebalance_label_gap","Geneva, Switzerland","Lucerne, Switzerland",15,winter,10,balanced,0.25,0.25,0.25,0.25,73.5268424,87.1954005,13.6685581,88.9881738,-1.7927733,0.4274809,0.8166667,0.3891858,0.8688525,-0.0521858,0.9533333,0.9,-0.0533333,0.9133333,-0.0133333,0.8888889,1.0,0.1111111,1.0,0.0,0.7388049,0.7097196,-0.0290852,0.7097196,0.0,1.0,1.0,0.0,1.0,0.0,0.9699208,0.8932545,-0.0766663,0.8631753,0.0300792,1.0,1.0,0.0,0.9833333,0.0166667,3.46302,-
3,convert_travel_day_to_stay,1|2|4,"substitute_pois,insert_new_city,rebalance_label_gap","Geneva, Switzerland","Lucerne, Switzerland",15,winter,10,nature_food,0.4,0.2,0.3,0.3,74.9606957,82.1773624,7.2166667,82.1773624,0.0,0.5,0.7261905,0.2261905,0.7261905,0.0,0.9733333,0.9266667,-0.0466667,0.9266667,0.0,0.7777778,0.7777778,0.0,0.7777778,0.0,0.7462686,0.7462686,0.0,0.7462686,0.0,1.0,1.0,0.0,1.0,0.0,1.0,1.0,0.0,1.0,0.0,1.0,1.0,0.0,1.0,0.0,1.217146,-
3,convert_travel_day_to_stay,1|2|4,"substitute_pois,insert_new_city,rebalance_label_gap","Geneva, Switzerland","Lucerne, Switzerland",15,winter,10,culture_food,0.1,0.4,0.3,0.2,68.8327286,87.9204008,19.0876722,87.9204008,0.0,0.3371212,0.9139118,0.5767906,0.9139118,0.0,0.96,0.8866667,-0.0733333,0.8866667,0.0,0.7777778,0.7777778,0.0,0.7777778,0.0,0.7311213,0.7311213,0.0,0.7311213,0.0,1.0,1.0,0.0,1.0,0.0,1.0,1.0,0.0,1.0,0.0,1.0,1.0,0.0,1.0,0.0,2.596265,-
3,convert_travel_day_to_stay,1|2|4,"substitute_pois,insert_new_city,rebalance_label_gap","Interlaken, Switzerland","St. Moritz, Switzerland",21,summer,6,balanced,0.25,0.25,0.25,0.25,73.9632504,87.1756812,13.2124307,88.1892257,-1.0135446,0.5346535,0.9623656,0.4277121,0.9623656,0.0,0.968254,0.9126984,-0.0555556,0.9206349,-0.0079365,0.7692308,0.7692308,0.0,0.8461538,-0.0769231,0.6948162,0.6869477,-0.0078686,0.6884548,-0.0015072,0.8825388,0.8412112,-0.0413276,0.854539,-0.0133277,1.0,0.9452384,-0.0547616,0.8621916,0.0830468,0.9880952,0.9642857,-0.0238095,0.9642857,0.0,2.776886,-
3,convert_travel_day_to_stay,1|2|4,"substitute_pois,insert_new_city,rebalance_label_gap","Interlaken, Switzerland","St. Moritz, Switzerland",21,summer,6,nature_food,0.4,0.2,0.3,0.3,74.6737479,84.188311,9.5145631,86.8114788,-2.6231678,0.5412621,0.8131068,0.2718447,0.8894231,-0.0763163,0.9603175,0.9603175,0.0,0.968254,-0.0079365,0.7692308,0.7692308,0.0,0.7692308,0.0,0.7336729,0.7336729,0.0,0.7336729,0.0,0.884078,0.884078,0.0,0.884078,0.0,1.0,1.0,0.0,0.9785148,0.0214852,0.9880952,0.9880952,0.0,0.9761905,0.0119048,2.425714,-
3,convert_travel_day_to_stay,1|2|4,"substitute_pois,insert_new_city,rebalance_label_gap","Interlaken, Switzerland","St. Moritz, Switzerland",21,summer,6,culture_food,0.1,0.4,0.3,0.2,75.5674206,88.1987533,12.6313327,86.7760402,1.4227131,0.6381803,0.9611928,0.3230125,0.9494337,0.0117592,0.9444444,0.9761905,0.031746,0.968254,0.0079365,0.7692308,0.8461538,0.0769231,0.7692308,0.0769231,0.7258043,0.7001939,-0.0256105,0.726656,-0.0264621,0.6805867,0.7052264,0.0246397,0.6810225,0.024204,0.9785148,0.9452384,-0.0332765,0.9785148,-0.0332765,0.9880952,0.9880952,0.0,0.9761905,0.0119048,4.878502,-
3,convert_travel_day_to_stay,1|2|4,"substitute_pois,insert_new_city,rebalance_label_gap","Interlaken, Switzerland","St. Moritz, Switzerland",21,summer,10,balanced,0.25,0.25,0.25,0.25,82.2504411,90.6200064,8.3695652,90.6200064,0.0,0.75,0.9891304,0.2391304,0.9891304,0.0,0.9666667,0.9666667,0.0,0.9666667,0.0,0.7692308,0.7692308,0.0,0.7692308,0.0,0.7453816,0.7453816,0.0,0.7453816,0.0,0.884078,0.884078,0.0,0.884078,0.0,1.0,1.0,0.0,1.0,0.0,0.9880952,0.9880952,0.0,0.9880952,0.0,5.145842,-
3,convert_travel_day_to_stay,1|2|4,"substitute_pois,insert_new_city,rebalance_label_gap","Interlaken, Switzerland","St. Moritz, Switzerland",21,summer,10,nature_food,0.4,0.2,0.3,0.3,80.1920219,90.803724,10.6117021,90.803724,0.0,0.6848404,0.9880319,0.3031915,0.9880319,0.0,0.9904762,0.9904762,0.0,0.9904762,0.0,0.7692308,0.7692308,0.0,0.7692308,0.0,0.7201981,0.7201981,0.0,0.7201981,0.0,0.919098,0.919098,0.0,0.919098,0.0,0.9785148,0.9785148,0.0,0.9785148,0.0,0.9880952,0.9880952,0.0,0.9880952,0.0,7.792905,-
3,convert_travel_day_to_stay,1|2|4,"substitute_pois,insert_new_city,rebalance_label_gap","Interlaken, Switzerland","St. Moritz, Switzerland",21,summer,10,culture_food,0.1,0.4,0.3,0.2,70.4771907,82.3293102,11.8521195,82.3770669,-0.0477567,0.631262,0.969894,0.338632,0.9654762,0.0044178,0.9190476,0.9190476,0.0,0.9285714,-0.0095238,0.6923077,0.6923077,0.0,0.6923077,0.0,0.6809979,0.6809979,0.0,0.6809979,0.0,0.4176293,0.4176293,0.0,0.4176293,0.0,1.0,1.0,0.0,1.0,0.0,0.9642857,0.9642857,0.0,0.9761905,-0.0119048,6.006389,-
3,convert_travel_day_to_stay,1|2|4,"substitute_pois,insert_new_city,rebalance_label_gap","Zurich, Switzerland","Zurich, Switzerland",21,summer,6,balanced,0.25,0.25,0.25,0.25,68.9047963,68.9047963,0.0,68.9047963,0.0,0.5471698,0.5471698,0.0,0.5471698,0.0,0.984127,0.984127,0.0,0.984127,0.0,0.6923077,0.6923077,0.0,0.6923077,0.0,0.6935984,0.6935984,0.0,0.6935984,0.0,0.426288,0.426288,0.0,0.426288,0.0,1.0,1.0,0.0,1.0,0.0,0.9880952,0.9880952,0.0,0.9880952,0.0,0.543481,-
3,convert_travel_day_to_stay,1|2|4,"substitute_pois,insert_new_city,rebalance_label_gap","Zurich, Switzerland","Zurich, Switzerland",21,summer,6,nature_food,0.4,0.2,0.3,0.3,66.3267749,66.3267749,0.0,66.3267749,0.0,0.4725,0.4725,0.0,0.4725,0.0,0.968254,0.968254,0.0,0.968254,0.0,0.7692308,0.7692308,0.0,0.7692308,0.0,0.7036061,0.7036061,0.0,0.7036061,0.0,0.3280338,0.3280338,0.0,0.3280338,0.0,0.9785148,0.9785148,0.0,0.9785148,0.0,1.0,1.0,0.0,1.0,0.0,0.517328,-
3,convert_travel_day_to_stay,1|2|4,"substitute_pois,insert_new_city,rebalance_label_gap","Zurich, Switzerland","Zurich, Switzerland",21,summer,6,culture_food,0.1,0.4,0.3,0.2,70.1684749,70.1684749,0.0,70.1684749,0.0,0.6597896,0.6597896,0.0,0.6597896,0.0,0.9603175,0.9603175,0.0,0.9603175,0.0,0.6153846,0.6153846,0.0,0.6153846,0.0,0.737008,0.737008,0.0,0.737008,0.0,0.2563758,0.2563758,0.0,0.2563758,0.0,1.0,1.0,0.0,1.0,0.0,0.9642857,0.9642857,0.0,0.9642857,0.0,0.645186,-
3,convert_travel_day_to_stay,1|2|4,"substitute_pois,insert_new_city,rebalance_label_gap","Zurich, Switzerland","Zurich, Switzerland",21,summer,10,balanced,0.25,0.25,0.25,0.25,80.3137913,80.3137913,0.0,80.3137913,0.0,0.6813187,0.6813187,0.0,0.6813187,0.0,0.9571429,0.9571429,0.0,0.9571429,0.0,0.6923077,0.6923077,0.0,0.6923077,0.0,0.7868542,0.7868542,0.0,0.7868542,0.0,0.998259,0.998259,0.0,0.998259,0.0,1.0,1.0,0.0,1.0,0.0,0.9880952,0.9880952,0.0,0.9880952,0.0,1.30857,-
3,convert_travel_day_to_stay,1|2|4,"substitute_pois,insert_new_city,rebalance_label_gap","Zurich, Switzerland","Zurich, Switzerland",21,summer,10,nature_food,0.4,0.2,0.3,0.3,72.0138338,72.0138338,0.0,72.0138338,0.0,0.6703297,0.6703297,0.0,0.6703297,0.0,0.9666667,0.9666667,0.0,0.9666667,0.0,0.6923077,0.6923077,0.0,0.6923077,0.0,0.7306542,0.7306542,0.0,0.7306542,0.0,0.293434,0.293434,0.0,0.293434,0.0,0.9785148,0.9785148,0.0,0.9785148,0.0,0.9761905,0.9761905,0.0,0.9761905,0.0,1.082324,-
3,convert_travel_day_to_stay,1|2|4,"substitute_pois,insert_new_city,rebalance_label_gap","Zurich, Switzerland","Zurich, Switzerland",21,summer,10,culture_food,0.1,0.4,0.3,0.2,67.7944765,67.7944765,0.0,67.7944765,0.0,0.547619,0.547619,0.0,0.547619,0.0,0.9428571,0.9428571,0.0,0.9428571,0.0,0.6923077,0.6923077,0.0,0.6923077,0.0,0.7868542,0.7868542,0.0,0.7868542,0.0,0.2357048,0.2357048,0.0,0.2357048,0.0,1.0,1.0,0.0,1.0,0.0,0.9880952,0.9880952,0.0,0.9880952,0.0,1.210593,-
3,convert_travel_day_to_stay,1|2|4,"substitute_pois,insert_new_city,rebalance_label_gap","Geneva, Switzerland","Lucerne, Switzerland",21,summer,6,balanced,0.25,0.25,0.25,0.25,76.7292864,84.6538147,7.9245283,86.9573499,-2.3035351,0.5849057,0.8113208,0.2264151,0.8785047,-0.0671839,0.9761905,0.9761905,0.0,0.984127,-0.0079365,0.7692308,0.7692308,0.0,0.7692308,0.0,0.6828813,0.6828813,0.0,0.6828813,0.0,1.0,1.0,0.0,1.0,0.0,0.9785148,0.9785148,0.0,0.9570297,0.0214852,0.9880952,0.9880952,0.0,0.9761905,0.0119048,3.182622,-
3,convert_travel_day_to_stay,1|2|4,"substitute_pois,insert_new_city,rebalance_label_gap","Geneva, Switzerland","Lucerne, Switzerland",21,summer,6,nature_food,0.4,0.2,0.3,0.3,68.8643551,77.8240078,8.9596527,80.2091416,-2.3851337,0.3932039,0.8515625,0.4583586,0.9244792,-0.0729167,0.952381,0.9444444,-0.0079365,0.9444444,0.0,0.6923077,0.7692308,0.0769231,0.7692308,0.0,0.7157321,0.6585668,-0.0571653,0.6585668,0.0,0.9814956,0.2828545,-0.698641,0.2828545,0.0,1.0,0.9452384,-0.0547616,0.9237532,0.0214852,0.9761905,0.9761905,0.0,0.9642857,0.0119048,1.967793,-
3,convert_travel_day_to_stay,1|2|4,"substitute_pois,insert_new_city,rebalance_label_gap","Geneva, Switzerland","Lucerne, Switzerland",21,summer,6,culture_food,0.1,0.4,0.3,0.2,78.1789143,89.5678032,11.3888889,89.5678032,0.0,0.6170635,0.9424603,0.3253968,0.9424603,0.0,0.984127,0.984127,0.0,0.984127,0.0,0.7692308,0.7692308,0.0,0.7692308,0.0,0.7005199,0.7005199,0.0,0.7005199,0.0,1.0,1.0,0.0,1.0,0.0,0.9785148,0.9785148,0.0,0.9785148,0.0,0.9761905,0.9761905,0.0,0.9761905,0.0,4.54918,-
3,convert_travel_day_to_stay,1|2|4,"substitute_pois,insert_new_city,rebalance_label_gap","Geneva, Switzerland","Lucerne, Switzerland",21,summer,10,balanced,0.25,0.25,0.25,0.25,74.786472,86.6842047,11.8977327,87.1940507,-0.509846,0.5355191,0.8508287,0.3153096,0.8701657,-0.019337,0.9619048,0.9666667,0.0047619,0.9666667,0.0,0.7692308,0.8461538,0.0769231,0.8461538,0.0,0.6828813,0.6832156,0.0003343,0.6832156,0.0,1.0,0.9996728,-0.0003272,0.9996728,0.0,0.9785148,0.9054907,-0.0730241,0.8840055,0.0214852,0.9880952,0.9880952,0.0,0.9761905,0.0119048,6.072898,-
3,convert_travel_day_to_stay,1|2|4,"substitute_pois,insert_new_city,rebalance_label_gap","Geneva, Switzerland","Lucerne, Switzerland",21,summer,10,nature_food,0.4,0.2,0.3,0.3,76.4988297,88.6470527,12.1482231,88.6470527,0.0,0.5939227,0.9430556,0.3491329,0.9430556,0.0,0.952381,0.947619,-0.0047619,0.947619,0.0,0.7692308,0.7692308,0.0,0.7692308,0.0,0.6742556,0.6742556,0.0,0.6742556,0.0,1.0,1.0,0.0,1.0,0.0,0.9785148,0.9785148,0.0,0.9785148,0.0,0.9761905,0.9761905,0.0,0.9761905,0.0,7.748757,-
3,convert_travel_day_to_stay,1|2|4,"substitute_pois,insert_new_city,rebalance_label_gap","Geneva, Switzerland","Lucerne, Switzerland",21,summer,10,culture_food,0.1,0.4,0.3,0.2,71.8950987,83.4032976,11.5081989,87.4763796,-4.073082,0.5648148,0.8722376,0.3074228,0.9796196,-0.107382,0.9428571,0.947619,0.0047619,0.9666667,-0.0190476,0.6923077,0.7692308,0.0769231,0.7692308,0.0,0.7049855,0.6751552,-0.0298303,0.6921866,-0.0170314,0.7143373,0.7387764,0.0244391,0.7387764,0.0,1.0,0.9452384,-0.0547616,0.9237532,0.0214852,0.9761905,0.9761905,0.0,0.952381,0.0238095,7.798742,-
3,convert_travel_day_to_stay,1|2|4,"substitute_pois,insert_new_city,rebalance_label_gap","Interlaken, Switzerland","St. Moritz, Switzerland",21,winter,6,balanced,0.25,0.25,0.25,0.25,73.3340951,85.8887117,12.5546165,85.8887117,0.0,0.6373626,0.9662921,0.3289295,0.9662921,0.0,0.8730159,0.8650794,-0.0079365,0.8650794,0.0,0.6923077,0.7692308,0.0769231,0.7692308,0.0,0.7082158,0.710472,0.0022562,0.710472,0.0,0.7101884,0.7349135,0.0247251,0.7349135,0.0,1.0,0.9452384,-0.0547616,0.9452384,0.0,0.9642857,0.9642857,0.0,0.9642857,0.0,1.359109,-
3,convert_travel_day_to_stay,1|2|4,"substitute_pois,insert_new_city,rebalance_label_gap","Interlaken, Switzerland","St. Moritz, Switzerland",21,winter,6,nature_food,0.4,0.2,0.3,0.3,74.778905,81.6998729,6.9209679,81.6998729,0.0,0.6704545,0.8372093,0.1667548,0.8372093,0.0,0.8333333,0.8333333,0.0,0.8333333,0.0,0.6153846,0.6923077,0.0769231,0.6923077,0.0,0.7242309,0.7305111,0.0062801,0.7305111,0.0,0.8956858,0.9067169,0.0110311,0.9067169,0.0,1.0,0.9452384,-0.0547616,0.9452384,0.0,0.952381,0.952381,0.0,0.952381,0.0,0.836036,-
3,convert_travel_day_to_stay,1|2|4,"substitute_pois,insert_new_city,rebalance_label_gap","Interlaken, Switzerland","St. Moritz, Switzerland",21,winter,6,culture_food,0.1,0.4,0.3,0.2,73.8005965,84.0803301,10.2797336,84.1983969,-0.1180668,0.6258091,0.8109966,0.1851875,0.829344,-0.0183474,0.9761905,0.952381,-0.0238095,0.9285714,0.0238095,0.6923077,0.9230769,0.2307692,0.9230769,0.0,0.7105673,0.7122863,0.001719,0.7122863,0.0,0.6437771,0.7260522,0.0822752,0.7260522,0.0,0.9785148,0.9237532,-0.0547616,0.9022681,0.0214852,0.9761905,1.0,0.0238095,0.9880952,0.0119048,2.256014,-
3,convert_travel_day_to_stay,1|2|4,"substitute_pois,insert_new_city,rebalance_label_gap","Interlaken, Switzerland","St. Moritz, Switzerland",21,winter,10,balanced,0.25,0.25,0.25,0.25,69.130474,78.8393671,9.7088931,79.5660411,-0.726674,0.4886364,0.7701149,0.2814786,0.7976879,-0.0275729,0.9333333,0.9238095,-0.0095238,0.9190476,0.0047619,0.8461538,0.8461538,0.0,0.8461538,0.0,0.6914736,0.6914736,0.0,0.6914736,0.0,0.5071216,0.5071216,0.0,0.5071216,0.0,0.9785148,0.9785148,0.0,0.9570297,0.0214852,1.0,1.0,0.0,0.9880952,0.0119048,1.296897,-
3,convert_travel_day_to_stay,1|2|4,"substitute_pois,insert_new_city,rebalance_label_gap","Interlaken, Switzerland","St. Moritz, Switzerland",21,winter,10,nature_food,0.4,0.2,0.3,0.3,78.3815549,87.9118062,9.5302514,87.9118062,0.0,0.6524725,0.941092,0.2886194,0.941092,0.0,0.9666667,0.9285714,-0.0380952,0.9285714,0.0,0.7692308,0.7692308,0.0,0.7692308,0.0,0.7150199,0.7150199,0.0,0.7150199,0.0,0.884078,0.884078,0.0,0.884078,0.0,1.0,1.0,0.0,1.0,0.0,0.9880952,0.9880952,0.0,0.9880952,0.0,0.948686,-
3,convert_travel_day_to_stay,1|2|4,"substitute_pois,insert_new_city,rebalance_label_gap","Interlaken, Switzerland","St. Moritz, Switzerland",21,winter,10,culture_food,0.1,0.4,0.3,0.2,70.5369496,85.987385,15.4504353,84.2505714,1.7368135,0.4976592,0.9431818,0.4455226,0.8776647,0.0655171,0.9333333,0.9238095,-0.0095238,0.8952381,0.0285714,0.7692308,0.7692308,0.0,0.6923077,0.0769231,0.7331111,0.7331111,0.0,0.7451411,-0.01203,0.6810225,0.6810225,0.0,0.8720574,-0.191035,0.9785148,0.9785148,0.0,1.0,-0.0214852,0.9761905,0.9761905,0.0,0.9642857,0.0119048,3.658486,-
3,convert_travel_day_to_stay,1|2|4,"substitute_pois,insert_new_city,rebalance_label_gap","Zurich, Switzerland","Zurich, Switzerland",21,winter,6,balanced,0.25,0.25,0.25,0.25,76.6274564,76.6274564,0.0,76.6274564,0.0,0.7079208,0.7079208,0.0,0.7079208,0.0,0.952381,0.952381,0.0,0.952381,0.0,0.6923077,0.6923077,0.0,0.6923077,0.0,0.677601,0.677601,0.0,0.677601,0.0,0.7075408,0.7075408,0.0,0.7075408,0.0,1.0,1.0,0.0,1.0,0.0,0.9880952,0.9880952,0.0,0.9880952,0.0,0.394963,-
3,convert_travel_day_to_stay,1|2|4,"substitute_pois,insert_new_city,rebalance_label_gap","Zurich, Switzerland","Zurich, Switzerland",21,winter,6,nature_food,0.4,0.2,0.3,0.3,64.0843744,64.0843744,0.0,64.0843744,0.0,0.5331633,0.5331633,0.0,0.5331633,0.0,0.9603175,0.9603175,0.0,0.9603175,0.0,0.6923077,0.6923077,0.0,0.6923077,0.0,0.6632297,0.6632297,0.0,0.6632297,0.0,0.074536,0.074536,0.0,0.074536,0.0,1.0,1.0,0.0,1.0,0.0,0.9880952,0.9880952,0.0,0.9880952,0.0,0.39273,-
3,convert_travel_day_to_stay,1|2|4,"substitute_pois,insert_new_city,rebalance_label_gap","Zurich, Switzerland","Zurich, Switzerland",21,winter,6,culture_food,0.1,0.4,0.3,0.2,76.5031622,76.5031622,0.0,76.5031622,0.0,0.54375,0.54375,0.0,0.54375,0.0,0.9761905,0.9761905,0.0,0.9761905,0.0,0.7692308,0.7692308,0.0,0.7692308,0.0,0.7605358,0.7605358,0.0,0.7605358,0.0,0.9989982,0.9989982,0.0,0.9989982,0.0,0.9785148,0.9785148,0.0,0.9785148,0.0,1.0,1.0,0.0,1.0,0.0,0.392418,-
3,convert_travel_day_to_stay,1|2|4,"substitute_pois,insert_new_city,rebalance_label_gap","Zurich, Switzerland","Zurich, Switzerland",21,winter,10,balanced,0.25,0.25,0.25,0.25,69.9835491,69.9835491,0.0,69.9835491,0.0,0.5444444,0.5444444,0.0,0.5444444,0.0,0.9571429,0.9571429,0.0,0.9571429,0.0,0.7692308,0.7692308,0.0,0.7692308,0.0,0.7022242,0.7022242,0.0,0.7022242,0.0,0.4606451,0.4606451,0.0,0.4606451,0.0,0.9785148,0.9785148,0.0,0.9785148,0.0,1.0,1.0,0.0,1.0,0.0,0.53353,-
3,convert_travel_day_to_stay,1|2|4,"substitute_pois,insert_new_city,rebalance_label_gap","Zurich, Switzerland","Zurich, Switzerland",21,winter,10,nature_food,0.4,0.2,0.3,0.3,81.0445848,81.0445848,0.0,81.0445848,0.0,0.7156593,0.7156593,0.0,0.7156593,0.0,0.9666667,0.9666667,0.0,0.9666667,0.0,0.6923077,0.6923077,0.0,0.6923077,0.0,0.7454957,0.7454957,0.0,0.7454957,0.0,0.9988981,0.9988981,0.0,0.9988981,0.0,1.0,1.0,0.0,1.0,0.0,0.9880952,0.9880952,0.0,0.9880952,0.0,0.59162,-
3,convert_travel_day_to_stay,1|2|4,"substitute_pois,insert_new_city,rebalance_label_gap","Zurich, Switzerland","Zurich, Switzerland",21,winter,10,culture_food,0.1,0.4,0.3,0.2,68.330315,68.330315,0.0,68.330315,0.0,0.4491525,0.4491525,0.0,0.4491525,0.0,0.9380952,0.9380952,0.0,0.9380952,0.0,0.6923077,0.6923077,0.0,0.6923077,0.0,0.7848749,0.7848749,0.0,0.7848749,0.0,0.6440332,0.6440332,0.0,0.6440332,0.0,1.0,1.0,0.0,1.0,0.0,0.9880952,0.9880952,0.0,0.9880952,0.0,0.660775,-
3,convert_travel_day_to_stay,1|2|4,"substitute_pois,insert_new_city,rebalance_label_gap","Geneva, Switzerland","Lucerne, Switzerland",21,winter,6,balanced,0.25,0.25,0.25,0.25,73.7189897,86.0753064,12.3563167,86.0753064,0.0,0.4951456,0.86,0.3648544,0.86,0.0,0.9603175,0.9444444,-0.015873,0.9444444,0.0,0.7692308,0.7692308,0.0,0.7692308,0.0,0.7114762,0.7108689,-0.0006072,0.7108689,0.0,1.0,1.0,0.0,1.0,0.0,0.9785148,0.9452384,-0.0332765,0.9452384,0.0,0.9761905,0.9761905,0.0,0.9761905,0.0,1.807079,-
3,convert_travel_day_to_stay,1|2|4,"substitute_pois,insert_new_city,rebalance_label_gap","Geneva, Switzerland","Lucerne, Switzerland",21,winter,6,nature_food,0.4,0.2,0.3,0.3,68.8399083,74.2086664,5.368758,74.2086664,0.0,0.5384615,0.6675,0.1290385,0.6675,0.0,0.9920635,0.968254,-0.0238095,0.968254,0.0,0.7692308,0.8461538,0.0769231,0.8461538,0.0,0.7005199,0.6992507,-0.0012692,0.6992507,0.0,0.3126065,0.347462,0.0348555,0.347462,0.0,1.0,0.9452384,-0.0547616,0.9452384,0.0,0.9880952,0.9880952,0.0,0.9880952,0.0,0.911179,-
3,convert_travel_day_to_stay,1|2|4,"substitute_pois,insert_new_city,rebalance_label_gap","Geneva, Switzerland","Lucerne, Switzerland",21,winter,6,culture_food,0.1,0.4,0.3,0.2,72.7782237,81.7670221,8.9887985,81.7670221,0.0,0.7083333,0.9347643,0.226431,0.9347643,0.0,0.9444444,0.9365079,-0.0079365,0.9365079,0.0,0.6153846,0.6923077,0.0769231,0.6923077,0.0,0.7647311,0.7560453,-0.0086858,0.7560453,0.0,0.3415773,0.3848784,0.0433011,0.3848784,0.0,1.0,0.9452384,-0.0547616,0.9452384,0.0,0.9404762,0.9404762,0.0,0.9404762,0.0,1.151507,-
3,convert_travel_day_to_stay,1|2|4,"substitute_pois,insert_new_city,rebalance_label_gap","Geneva, Switzerland","Lucerne, Switzerland",21,winter,10,balanced,0.25,0.25,0.25,0.25,69.2168042,82.5828402,13.366036,81.0383001,1.5445402,0.4555556,0.8554913,0.3999358,0.799435,0.0560563,0.9428571,0.9285714,-0.0142857,0.9285714,0.0,0.7692308,0.8461538,0.0769231,0.7692308,0.0769231,0.6794159,0.6837676,0.0043517,0.6794159,0.0043517,0.7459326,0.6096582,-0.1362744,0.7459326,-0.1362744,1.0,0.9452384,-0.0547616,1.0,-0.0547616,0.9880952,0.9880952,0.0,0.9880952,0.0,2.939933,-
3,convert_travel_day_to_stay,1|2|4,"substitute_pois,insert_new_city,rebalance_label_gap","Geneva, Switzerland","Lucerne, Switzerland",21,winter,10,nature_food,0.4,0.2,0.3,0.3,75.3838318,83.9454391,8.5616074,83.9454391,0.0,0.5095628,0.7684659,0.2589031,0.7684659,0.0,0.9714286,0.9380952,-0.0333333,0.9380952,0.0,0.8461538,0.8461538,0.0,0.8461538,0.0,0.6928548,0.6928548,0.0,0.6928548,0.0,1.0,1.0,0.0,1.0,0.0,0.9785148,0.9785148,0.0,0.9785148,0.0,1.0,1.0,0.0,1.0,0.0,1.877805,-
3,convert_travel_day_to_stay,1|2|4,"substitute_pois,insert_new_city,rebalance_label_gap","Geneva, Switzerland","Lucerne, Switzerland",21,winter,10,culture_food,0.1,0.4,0.3,0.2,69.403406,83.0174266,13.6140206,83.0174266,0.0,0.4842896,0.8875473,0.4032577,0.8875473,0.0,0.9666667,0.9333333,-0.0333333,0.9333333,0.0,0.7692308,0.7692308,0.0,0.7692308,0.0,0.6684597,0.6684597,0.0,0.6684597,0.0,0.6447436,0.6447436,0.0,0.6447436,0.0,1.0,1.0,0.0,1.0,0.0,0.9880952,0.9880952,0.0,0.9880952,0.0,2.445774,-
4,rebalance_label_gap,1|2|3,"substitute_pois,insert_new_city,convert_travel_day_to_stay","Interlaken, Switzerland","St. Moritz, Switzerland",4,summer,6,balanced,0.25,0.25,0.25,0.25,59.8558425,82.6993707,22.8435281,82.6993707,0.0,0.3571429,1.0,0.6428571,1.0,0.0,0.9583333,0.9166667,-0.0416667,0.9166667,0.0,0.6666667,0.6666667,0.0,0.6666667,0.0,0.8653888,0.9226514,0.0572625,0.9226514,0.0,1e-06,0.0673586,0.0673576,0.0673586,0.0,1.0,0.8872029,-0.1127971,0.8872029,0.0,1.0,1.0,0.0,1.0,0.0,0.069578,-
4,rebalance_label_gap,1|2|3,"substitute_pois,insert_new_city,convert_travel_day_to_stay","Interlaken, Switzerland","St. Moritz, Switzerland",4,summer,6,nature_food,0.4,0.2,0.3,0.3,66.3622636,77.9976272,11.6353636,78.913823,-0.9161958,0.5,0.7884615,0.2884615,0.90625,-0.1177885,0.9583333,0.9583333,0.0,0.9166667,0.0416667,0.6666667,1.0,0.3333333,0.6666667,0.3333333,0.9095908,0.8308994,-0.0786914,0.9293523,-0.0984529,0.1407387,4.75e-05,-0.1406913,0.0068773,-0.0068299,0.8872029,0.7125015,-0.1747014,0.8872029,-0.1747014,1.0,1.0,0.0,1.0,0.0,0.066291,-
4,rebalance_label_gap,1|2|3,"substitute_pois,insert_new_city,convert_travel_day_to_stay","Interlaken, Switzerland","St. Moritz, Switzerland",4,summer,6,culture_food,0.1,0.4,0.3,0.2,69.0131435,73.821111,4.8079674,73.821111,0.0,0.6157407,0.702381,0.0866402,0.702381,0.0,0.9583333,0.9166667,-0.0416667,0.9166667,0.0,0.6666667,1.0,0.3333333,1.0,0.0,0.8124204,0.7949514,-0.017469,0.7949514,0.0,0.1464897,0.0001,-0.1463897,0.0001,0.0,0.8872029,0.7125015,-0.1747014,0.7125015,0.0,1.0,1.0,0.0,1.0,0.0,0.080557,-
4,rebalance_label_gap,1|2|3,"substitute_pois,insert_new_city,convert_travel_day_to_stay","Interlaken, Switzerland","St. Moritz, Switzerland",4,summer,10,balanced,0.25,0.25,0.25,0.25,74.4493707,83.1993707,8.75,83.1993707,0.0,0.75,1.0,0.25,1.0,0.0,0.95,0.95,0.0,0.95,0.0,0.6666667,0.6666667,0.0,0.6666667,0.0,0.9226514,0.9226514,0.0,0.9226514,0.0,0.0673586,0.0673586,0.0,0.0673586,0.0,0.8872029,0.8872029,0.0,0.8872029,0.0,1.0,1.0,0.0,1.0,0.0,0.193439,-
4,rebalance_label_gap,1|2|3,"substitute_pois,insert_new_city,convert_travel_day_to_stay","Interlaken, Switzerland","St. Moritz, Switzerland",4,summer,10,nature_food,0.4,0.2,0.3,0.3,73.3183003,81.7290595,8.4107592,79.9181207,1.8109389,0.7666667,0.887931,0.1212644,0.90625,-0.018319,0.925,0.975,0.05,0.95,0.025,0.6666667,1.0,0.3333333,0.6666667,0.3333333,0.8406638,0.8308994,-0.0097644,0.9226514,-0.0917519,1e-06,4.75e-05,4.65e-05,0.0673586,-0.0673111,1.0,0.7125015,-0.2874985,0.8872029,-0.1747014,1.0,1.0,0.0,1.0,0.0,0.296467,-
4,rebalance_label_gap,1|2|3,"substitute_pois,insert_new_city,convert_travel_day_to_stay","Interlaken, Switzerland","St. Moritz, Switzerland",4,summer,10,culture_food,0.1,0.4,0.3,0.2,66.8112745,80.1198641,13.3085896,80.1198641,0.0,0.6446078,0.841954,0.1973462,0.841954,0.0,0.95,0.975,0.025,0.975,0.0,0.3333333,1.0,0.6666667,1.0,0.0,1.0,0.8308994,-0.1691006,0.8308994,0.0,0.0,4.75e-05,4.75e-05,4.75e-05,0.0,1.0,0.7125015,-0.2874985,0.7125015,0.0,1.0,1.0,0.0,1.0,0.0,0.158705,-
4,rebalance_label_gap,1|2|3,"substitute_pois,insert_new_city,convert_travel_day_to_stay","Zurich, Switzerland","Zurich, Switzerland",4,summer,6,balanced,0.25,0.25,0.25,0.25,58.0389605,58.0389605,0.0,58.0389605,0.0,0.3181818,0.3181818,0.0,0.3181818,0.0,1.0,1.0,0.0,1.0,0.0,0.3333333,0.3333333,0.0,0.3333333,0.0,0.4601731,0.4601731,0.0,0.4601731,0.0,1.0,1.0,0.0,1.0,0.0,1.0,1.0,0.0,1.0,0.0,1.0,1.0,0.0,1.0,0.0,0.0396,-
4,rebalance_label_gap,1|2|3,"substitute_pois,insert_new_city,convert_travel_day_to_stay","Zurich, Switzerland","Zurich, Switzerland",4,summer,6,nature_food,0.4,0.2,0.3,0.3,62.4813828,62.4813828,0.0,62.4813828,0.0,0.4,0.4,0.0,0.4,0.0,1.0,1.0,0.0,1.0,0.0,0.3333333,0.3333333,0.0,0.3333333,0.0,0.5654255,0.5654255,0.0,0.5654255,0.0,1.0,1.0,0.0,1.0,0.0,1.0,1.0,0.0,1.0,0.0,1.0,1.0,0.0,1.0,0.0,0.034526,-
4,rebalance_label_gap,1|2|3,"substitute_pois,insert_new_city,convert_travel_day_to_stay","Zurich, Switzerland","Zurich, Switzerland",4,summer,6,culture_food,0.1,0.4,0.3,0.2,52.0217213,52.0217213,0.0,52.0217213,0.0,0.1190476,0.1190476,0.0,0.1190476,0.0,1.0,1.0,0.0,1.0,0.0,0.3333333,0.3333333,0.0,0.3333333,0.0,0.5236703,0.5236703,0.0,0.5236703,0.0,1.0,1.0,0.0,1.0,0.0,1.0,1.0,0.0,1.0,0.0,1.0,1.0,0.0,1.0,0.0,0.042095,-
4,rebalance_label_gap,1|2|3,"substitute_pois,insert_new_city,convert_travel_day_to_stay","Zurich, Switzerland","Zurich, Switzerland",4,summer,10,balanced,0.25,0.25,0.25,0.25,61.548244,61.548244,0.0,61.548244,0.0,0.3529412,0.3529412,0.0,0.3529412,0.0,0.95,0.95,0.0,0.95,0.0,0.3333333,0.3333333,0.0,0.3333333,0.0,0.6630202,0.6630202,0.0,0.6630202,0.0,1.0,1.0,0.0,1.0,0.0,1.0,1.0,0.0,1.0,0.0,1.0,1.0,0.0,1.0,0.0,0.133021,-
4,rebalance_label_gap,1|2|3,"substitute_pois,insert_new_city,convert_travel_day_to_stay","Zurich, Switzerland","Zurich, Switzerland",4,summer,10,nature_food,0.4,0.2,0.3,0.3,62.0924939,62.0924939,0.0,62.0924939,0.0,0.3888889,0.3888889,0.0,0.3888889,0.0,1.0,1.0,0.0,1.0,0.0,0.3333333,0.3333333,0.0,0.3333333,0.0,0.5654255,0.5654255,0.0,0.5654255,0.0,1.0,1.0,0.0,1.0,0.0,1.0,1.0,0.0,1.0,0.0,1.0,1.0,0.0,1.0,0.0,0.12912,-
4,rebalance_label_gap,1|2|3,"substitute_pois,insert_new_city,convert_travel_day_to_stay","Zurich, Switzerland","Zurich, Switzerland",4,summer,10,culture_food,0.1,0.4,0.3,0.2,64.6906732,64.6906732,0.0,64.6906732,0.0,0.4212963,0.4212963,0.0,0.4212963,0.0,1.0,1.0,0.0,1.0,0.0,0.3333333,0.3333333,0.0,0.3333333,0.0,0.6630202,0.6630202,0.0,0.6630202,0.0,1.0,1.0,0.0,1.0,0.0,1.0,1.0,0.0,1.0,0.0,1.0,1.0,0.0,1.0,0.0,0.14671,-
4,rebalance_label_gap,1|2|3,"substitute_pois,insert_new_city,convert_travel_day_to_stay","Geneva, Switzerland","Lucerne, Switzerland",4,summer,6,balanced,0.25,0.25,0.25,0.25,60.8887584,80.7543395,19.8655811,80.7543395,0.0,0.2941176,0.8421053,0.5479876,0.8421053,0.0,0.9166667,1.0,0.0833333,1.0,0.0,0.6666667,0.6666667,0.0,0.6666667,0.0,0.6030026,0.6030026,0.0,0.6030026,0.0,0.7799601,0.7799601,0.0,0.7799601,0.0,1.0,0.8872029,-0.1127971,0.8872029,0.0,1.0,1.0,0.0,1.0,0.0,0.08502,-
4,rebalance_label_gap,1|2|3,"substitute_pois,insert_new_city,convert_travel_day_to_stay","Geneva, Switzerland","Lucerne, Switzerland",4,summer,6,nature_food,0.4,0.2,0.3,0.3,68.6093467,75.3992614,6.7899147,84.6639672,-9.2647059,0.5147059,0.5735294,0.0588235,0.8382353,-0.2647059,0.9166667,0.9583333,0.0416667,0.9583333,0.0,0.6666667,1.0,0.3333333,1.0,0.0,0.6030026,0.5943339,-0.0086687,0.5943339,0.0,0.7799601,0.8473216,0.0673615,0.8473216,0.0,1.0,0.7125015,-0.2874985,0.7125015,0.0,1.0,1.0,0.0,1.0,0.0,0.086954,-
4,rebalance_label_gap,1|2|3,"substitute_pois,insert_new_city,convert_travel_day_to_stay","Geneva, Switzerland","Lucerne, Switzerland",4,summer,6,culture_food,0.1,0.4,0.3,0.2,69.3086832,75.6888915,6.3802083,80.8908708,-5.2019793,0.5963542,0.7786458,0.1822917,0.7604167,0.0182292,1.0,1.0,0.0,1.0,0.0,1.0,1.0,0.0,0.6666667,0.3333333,0.6444301,0.6444301,0.0,0.6560182,-0.0115881,0.0207329,0.0207329,0.0,1.0,-0.9792671,0.7125015,0.7125015,0.0,0.8872029,-0.1747014,1.0,1.0,0.0,1.0,0.0,0.09264,-
4,rebalance_label_gap,1|2|3,"substitute_pois,insert_new_city,convert_travel_day_to_stay","Geneva, Switzerland","Lucerne, Switzerland",4,summer,10,balanced,0.25,0.25,0.25,0.25,64.8825196,80.2570522,15.3745326,84.2086651,-3.9516129,0.3939394,0.8387097,0.4447703,0.9516129,-0.1129032,0.95,0.975,0.025,0.975,0.0,0.6666667,1.0,0.3333333,1.0,0.0,0.6030026,0.6308547,0.027852,0.6308547,0.0,0.7799601,0.3251886,-0.4547715,0.3251886,0.0,1.0,0.7125015,-0.2874985,0.7125015,0.0,1.0,1.0,0.0,1.0,0.0,0.313587,-
4,rebalance_label_gap,1|2|3,"substitute_pois,insert_new_city,convert_travel_day_to_stay","Geneva, Switzerland","Lucerne, Switzerland",4,summer,10,nature_food,0.4,0.2,0.3,0.3,79.9961559,79.9961559,0.0,79.9961559,0.0,0.8257576,0.8257576,0.0,0.8257576,0.0,0.95,0.95,0.0,0.95,0.0,0.6666667,0.6666667,0.0,0.6666667,0.0,0.6030026,0.6030026,0.0,0.6030026,0.0,0.7799601,0.7799601,0.0,0.7799601,0.0,1.0,1.0,0.0,1.0,0.0,1.0,1.0,0.0,1.0,0.0,0.125265,-
4,rebalance_label_gap,1|2|3,"substitute_pois,insert_new_city,convert_travel_day_to_stay","Geneva, Switzerland","Lucerne, Switzerland",4,summer,10,culture_food,0.1,0.4,0.3,0.2,70.4954378,79.9317123,9.4362745,89.7969084,-9.8651961,0.3590686,0.6286765,0.2696078,0.9105392,-0.2818627,1.0,1.0,0.0,1.0,0.0,1.0,1.0,0.0,1.0,0.0,0.6243686,0.6243686,0.0,0.6243686,0.0,1.0,1.0,0.0,1.0,0.0,0.7125015,0.7125015,0.0,0.7125015,0.0,1.0,1.0,0.0,1.0,0.0,0.356067,-
4,rebalance_label_gap,1|2|3,"substitute_pois,insert_new_city,convert_travel_day_to_stay","Interlaken, Switzerland","St. Moritz, Switzerland",4,winter,6,balanced,0.25,0.25,0.25,0.25,73.5681459,73.9493707,0.3812247,73.9493707,0.0,0.7058824,0.75,0.0441176,0.75,0.0,0.9583333,0.9166667,-0.0416667,0.9166667,0.0,0.6666667,0.6666667,0.0,0.6666667,0.0,0.9095908,0.9226514,0.0130606,0.9226514,0.0,0.1407387,0.0673586,-0.0733802,0.0673586,0.0,0.8872029,0.8872029,0.0,0.8872029,0.0,1.0,1.0,0.0,1.0,0.0,0.040445,-
4,rebalance_label_gap,1|2|3,"substitute_pois,insert_new_city,convert_travel_day_to_stay","Interlaken, Switzerland","St. Moritz, Switzerland",4,winter,6,nature_food,0.4,0.2,0.3,0.3,78.3062231,78.3062231,0.0,78.3062231,0.0,0.90625,0.90625,0.0,0.90625,0.0,0.9583333,0.9583333,0.0,0.9583333,0.0,0.6666667,0.6666667,0.0,0.6666667,0.0,0.8517632,0.8517632,0.0,0.8517632,0.0,1e-06,1e-06,0.0,1e-06,0.0,0.8872029,0.8872029,0.0,0.8872029,0.0,1.0,1.0,0.0,1.0,0.0,0.021519,-
4,rebalance_label_gap,1|2|3,"substitute_pois,insert_new_city,convert_travel_day_to_stay","Interlaken, Switzerland","St. Moritz, Switzerland",4,winter,6,culture_food,0.1,0.4,0.3,0.2,80.0,80.0,0.0,80.0,0.0,1.0,1.0,0.0,1.0,0.0,1.0,1.0,0.0,1.0,0.0,0.3333333,0.3333333,0.0,0.3333333,0.0,1.0,1.0,0.0,1.0,0.0,0.0,0.0,0.0,0.0,0.0,1.0,1.0,0.0,1.0,0.0,1.0,1.0,0.0,1.0,0.0,0.039912,-
4,rebalance_label_gap,1|2|3,"substitute_pois,insert_new_city,convert_travel_day_to_stay","Interlaken, Switzerland","St. Moritz, Switzerland",4,winter,10,balanced,0.25,0.25,0.25,0.25,74.4493707,74.4493707,0.0,74.4493707,0.0,0.75,0.75,0.0,0.75,0.0,0.95,0.95,0.0,0.95,0.0,0.6666667,0.6666667,0.0,0.6666667,0.0,0.9226514,0.9226514,0.0,0.9226514,0.0,0.0673586,0.0673586,0.0,0.0673586,0.0,0.8872029,0.8872029,0.0,0.8872029,0.0,1.0,1.0,0.0,1.0,0.0,0.099036,-
4,rebalance_label_gap,1|2|3,"substitute_pois,insert_new_city,convert_travel_day_to_stay","Interlaken, Switzerland","St. Moritz, Switzerland",4,winter,10,nature_food,0.4,0.2,0.3,0.3,68.8194444,69.7916667,0.9722222,73.6805556,-3.8888889,0.6805556,0.7083333,0.0277778,0.8194444,-0.1111111,1.0,1.0,0.0,1.0,0.0,0.3333333,0.3333333,0.0,0.3333333,0.0,1.0,1.0,0.0,1.0,0.0,0.0,0.0,0.0,0.0,0.0,1.0,1.0,0.0,1.0,0.0,1.0,1.0,0.0,1.0,0.0,0.044175,-
4,rebalance_label_gap,1|2|3,"substitute_pois,insert_new_city,convert_travel_day_to_stay","Interlaken, Switzerland","St. Moritz, Switzerland",4,winter,10,culture_food,0.1,0.4,0.3,0.2,67.9250711,74.7610086,6.8359375,74.7610086,0.0,0.5911458,0.7864583,0.1953125,0.7864583,0.0,0.975,0.975,0.0,0.975,0.0,0.6666667,0.6666667,0.0,0.6666667,0.0,0.8406638,0.8406638,0.0,0.8406638,0.0,1e-06,1e-06,0.0,1e-06,0.0,1.0,1.0,0.0,1.0,0.0,1.0,1.0,0.0,1.0,0.0,0.102441,-
4,rebalance_label_gap,1|2|3,"substitute_pois,insert_new_city,convert_travel_day_to_stay","Zurich, Switzerland","Zurich, Switzerland",4,winter,6,balanced,0.25,0.25,0.25,0.25,57.9442635,57.9442635,0.0,57.9442635,0.0,0.3333333,0.3333333,0.0,0.3333333,0.0,0.9583333,0.9583333,0.0,0.9583333,0.0,0.3333333,0.3333333,0.0,0.3333333,0.0,0.4601731,0.4601731,0.0,0.4601731,0.0,1.0,1.0,0.0,1.0,0.0,1.0,1.0,0.0,1.0,0.0,1.0,1.0,0.0,1.0,0.0,0.027651,-
4,rebalance_label_gap,1|2|3,"substitute_pois,insert_new_city,convert_travel_day_to_stay","Zurich, Switzerland","Zurich, Switzerland",4,winter,6,nature_food,0.4,0.2,0.3,0.3,64.8203029,64.8203029,0.0,64.8203029,0.0,0.425,0.425,0.0,0.425,0.0,1.0,1.0,0.0,1.0,0.0,0.3333333,0.3333333,0.0,0.3333333,0.0,0.6630202,0.6630202,0.0,0.6630202,0.0,1.0,1.0,0.0,1.0,0.0,1.0,1.0,0.0,1.0,0.0,1.0,1.0,0.0,1.0,0.0,0.020783,-
4,rebalance_label_gap,1|2|3,"substitute_pois,insert_new_city,convert_travel_day_to_stay","Zurich, Switzerland","Zurich, Switzerland",4,winter,6,culture_food,0.1,0.4,0.3,0.2,68.9036362,68.9036362,0.0,68.9036362,0.0,0.5416667,0.5416667,0.0,0.5416667,0.0,1.0,1.0,0.0,1.0,0.0,0.3333333,0.3333333,0.0,0.3333333,0.0,0.6630202,0.6630202,0.0,0.6630202,0.0,1.0,1.0,0.0,1.0,0.0,1.0,1.0,0.0,1.0,0.0,1.0,1.0,0.0,1.0,0.0,0.022692,-
4,rebalance_label_gap,1|2|3,"substitute_pois,insert_new_city,convert_travel_day_to_stay","Zurich, Switzerland","Zurich, Switzerland",4,winter,10,balanced,0.25,0.25,0.25,0.25,77.3310389,77.3310389,0.0,77.3310389,0.0,0.7647059,0.7647059,0.0,0.7647059,0.0,0.975,0.975,0.0,0.975,0.0,0.6666667,0.6666667,0.0,0.6666667,0.0,0.4919217,0.4919217,0.0,0.4919217,0.0,1.0,1.0,0.0,1.0,0.0,0.7125015,0.7125015,0.0,0.7125015,0.0,1.0,1.0,0.0,1.0,0.0,0.050586,-
4,rebalance_label_gap,1|2|3,"substitute_pois,insert_new_city,convert_travel_day_to_stay","Zurich, Switzerland","Zurich, Switzerland",4,winter,10,nature_food,0.4,0.2,0.3,0.3,68.8980495,68.8980495,0.0,68.8980495,0.0,0.5833333,0.5833333,0.0,0.5833333,0.0,1.0,1.0,0.0,1.0,0.0,0.3333333,0.3333333,0.0,0.3333333,0.0,0.5654255,0.5654255,0.0,0.5654255,0.0,1.0,1.0,0.0,1.0,0.0,1.0,1.0,0.0,1.0,0.0,1.0,1.0,0.0,1.0,0.0,0.048994,-
4,rebalance_label_gap,1|2|3,"substitute_pois,insert_new_city,convert_travel_day_to_stay","Zurich, Switzerland","Zurich, Switzerland",4,winter,10,culture_food,0.1,0.4,0.3,0.2,57.2590284,57.2590284,0.0,57.2590284,0.0,0.2303922,0.2303922,0.0,0.2303922,0.0,0.95,0.95,0.0,0.95,0.0,0.3333333,0.3333333,0.0,0.3333333,0.0,0.6630202,0.6630202,0.0,0.6630202,0.0,1.0,1.0,0.0,1.0,0.0,1.0,1.0,0.0,1.0,0.0,1.0,1.0,0.0,1.0,0.0,0.046665,-
4,rebalance_label_gap,1|2|3,"substitute_pois,insert_new_city,convert_travel_day_to_stay","Geneva, Switzerland","Lucerne, Switzerland",4,winter,6,balanced,0.25,0.25,0.25,0.25,61.0551671,61.0551671,0.0,61.0551671,0.0,0.2631579,0.2631579,0.0,0.2631579,0.0,1.0,1.0,0.0,1.0,0.0,0.6666667,0.6666667,0.0,0.6666667,0.0,0.6030026,0.6030026,0.0,0.6030026,0.0,0.7799601,0.7799601,0.0,0.7799601,0.0,1.0,1.0,0.0,1.0,0.0,1.0,1.0,0.0,1.0,0.0,0.046569,-
4,rebalance_label_gap,1|2|3,"substitute_pois,insert_new_city,convert_travel_day_to_stay","Geneva, Switzerland","Lucerne, Switzerland",4,winter,6,nature_food,0.4,0.2,0.3,0.3,60.5946408,62.2623986,1.6677578,62.2623986,0.0,0.25,0.2638889,0.0138889,0.2638889,0.0,1.0,0.9166667,-0.0833333,0.9166667,0.0,0.6666667,0.6666667,0.0,0.6666667,0.0,0.6030026,0.6560182,0.0530156,0.6560182,0.0,0.7799601,1.0,0.2200399,1.0,0.0,1.0,0.8872029,-0.1127971,0.8872029,0.0,1.0,1.0,0.0,1.0,0.0,0.042114,-
4,rebalance_label_gap,1|2|3,"substitute_pois,insert_new_city,convert_travel_day_to_stay","Geneva, Switzerland","Lucerne, Switzerland",4,winter,6,culture_food,0.1,0.4,0.3,0.2,65.5069215,65.5069215,0.0,70.8797285,-5.372807,0.3903509,0.3903509,0.0,0.5438596,-0.1535088,1.0,1.0,0.0,1.0,0.0,0.6666667,0.6666667,0.0,0.6666667,0.0,0.6030026,0.6030026,0.0,0.6030026,0.0,0.7799601,0.7799601,0.0,0.7799601,0.0,1.0,1.0,0.0,1.0,0.0,1.0,1.0,0.0,1.0,0.0,0.042609,-
4,rebalance_label_gap,1|2|3,"substitute_pois,insert_new_city,convert_travel_day_to_stay","Geneva, Switzerland","Lucerne, Switzerland",4,winter,10,balanced,0.25,0.25,0.25,0.25,63.4652729,65.5347174,2.0694444,65.5347174,0.0,0.2571429,0.3055556,0.0484127,0.3055556,0.0,0.975,1.0,0.025,1.0,0.0,0.6666667,0.6666667,0.0,0.6666667,0.0,0.6560182,0.6560182,0.0,0.6560182,0.0,1.0,1.0,0.0,1.0,0.0,1.0,1.0,0.0,1.0,0.0,1.0,1.0,0.0,1.0,0.0,0.109845,-
4,rebalance_label_gap,1|2|3,"substitute_pois,insert_new_city,convert_travel_day_to_stay","Geneva, Switzerland","Lucerne, Switzerland",4,winter,10,nature_food,0.4,0.2,0.3,0.3,66.2152729,66.2638841,0.0486111,66.2638841,0.0,0.3357143,0.3263889,-0.0093254,0.3263889,0.0,0.975,1.0,0.025,1.0,0.0,0.6666667,0.6666667,0.0,0.6666667,0.0,0.6560182,0.6560182,0.0,0.6560182,0.0,1.0,1.0,0.0,1.0,0.0,1.0,1.0,0.0,1.0,0.0,1.0,1.0,0.0,1.0,0.0,0.100382,-
4,rebalance_label_gap,1|2|3,"substitute_pois,insert_new_city,convert_travel_day_to_stay","Geneva, Switzerland","Lucerne, Switzerland",4,winter,10,culture_food,0.1,0.4,0.3,0.2,58.3323859,69.3446408,11.0122549,69.3446408,0.0,0.1960784,0.5,0.3039216,0.5,0.0,0.975,1.0,0.025,1.0,0.0,0.6666667,0.6666667,0.0,0.6666667,0.0,0.6030026,0.6030026,0.0,0.6030026,0.0,0.7799601,0.7799601,0.0,0.7799601,0.0,1.0,1.0,0.0,1.0,0.0,1.0,1.0,0.0,1.0,0.0,0.111182,-
4,rebalance_label_gap,1|2|3,"substitute_pois,insert_new_city,convert_travel_day_to_stay","Interlaken, Switzerland","St. Moritz, Switzerland",9,summer,6,balanced,0.25,0.25,0.25,0.25,72.4641301,88.2971567,15.8330266,79.1307968,9.1663599,0.6666667,1.0,0.3333333,0.8571429,0.1428571,0.962963,0.9074074,-0.0555556,0.962963,-0.0555556,0.6666667,0.8333333,0.1666667,0.6666667,0.1666667,0.8223313,0.6672662,-0.1550651,0.8223313,-0.1550651,0.2351383,0.7815939,0.5464555,0.2351383,0.5464555,1.0,0.8722229,-0.1277771,1.0,-0.1277771,1.0,1.0,0.0,1.0,0.0,0.326067,-
4,rebalance_label_gap,1|2|3,"substitute_pois,insert_new_city,convert_travel_day_to_stay","Interlaken, Switzerland","St. Moritz, Switzerland",9,summer,6,nature_food,0.4,0.2,0.3,0.3,67.5458522,81.6107725,14.0649203,81.6107725,0.0,0.54375,0.90625,0.3625,0.90625,0.0,0.962963,0.9814815,0.0185185,0.9814815,0.0,0.8333333,1.0,0.1666667,1.0,0.0,0.7854005,0.7306231,-0.0547774,0.7306231,0.0,0.0039811,0.01,0.0060189,0.01,0.0,0.949868,0.8220908,-0.1277771,0.8220908,0.0,1.0,1.0,0.0,1.0,0.0,0.343342,-
4,rebalance_label_gap,1|2|3,"substitute_pois,insert_new_city,convert_travel_day_to_stay","Interlaken, Switzerland","St. Moritz, Switzerland",9,summer,6,culture_food,0.1,0.4,0.3,0.2,74.3727656,80.0026106,5.629845,82.2401752,-2.2375646,0.7325581,0.8934109,0.1608527,0.9652778,-0.0718669,0.962963,0.962963,0.0,0.9444444,0.0185185,0.6666667,0.6666667,0.0,0.6666667,0.0,0.8223313,0.8223313,0.0,0.8223313,0.0,0.1953817,0.1953817,0.0,0.1953817,0.0,1.0,1.0,0.0,1.0,0.0,1.0,1.0,0.0,1.0,0.0,0.231113,-
4,rebalance_label_gap,1|2|3,"substitute_pois,insert_new_city,convert_travel_day_to_stay","Interlaken, Switzerland","St. Moritz, Switzerland",9,summer,10,balanced,0.25,0.25,0.25,0.25,76.314858,89.2798868,12.9650288,89.2798868,0.0,0.6666667,0.9615385,0.2948718,0.9615385,0.0,0.9555556,0.9888889,0.0333333,0.9888889,0.0,0.6666667,0.8333333,0.1666667,0.8333333,0.0,0.7024482,0.6982241,-0.0042241,0.6982241,0.0,0.8111468,0.8458231,0.0346764,0.8458231,0.0,1.0,0.8722229,-0.1277771,0.8722229,0.0,1.0,1.0,0.0,1.0,0.0,1.028257,-
4,rebalance_label_gap,1|2|3,"substitute_pois,insert_new_city,convert_travel_day_to_stay","Interlaken, Switzerland","St. Moritz, Switzerland",9,summer,10,nature_food,0.4,0.2,0.3,0.3,76.5310676,85.394704,8.8636364,89.0992478,-3.7045438,0.6688312,0.9220779,0.2532468,0.961039,-0.038961,0.9666667,0.9666667,0.0,0.9777778,-0.0111111,0.6666667,0.6666667,0.0,0.8333333,-0.1666667,0.763887,0.763887,0.0,0.7518149,0.0120721,0.7163671,0.7163671,0.0,0.7657879,-0.0494208,1.0,1.0,0.0,0.8722229,0.1277771,1.0,1.0,0.0,1.0,0.0,1.018919,-
4,rebalance_label_gap,1|2|3,"substitute_pois,insert_new_city,convert_travel_day_to_stay","Interlaken, Switzerland","St. Moritz, Switzerland",9,summer,10,culture_food,0.1,0.4,0.3,0.2,70.4625366,80.9230855,10.4605489,78.645407,2.2776785,0.7112269,0.9450231,0.2337963,0.9450231,0.0,0.9333333,0.9444444,0.0111111,0.9333333,0.0111111,0.6666667,0.8333333,0.1666667,0.6666667,0.1666667,0.805869,0.7854005,-0.0204685,0.805869,-0.0204685,0.001,0.0039811,0.0029811,0.001,0.0029811,0.949868,0.8997359,-0.050132,0.949868,-0.050132,0.9444444,0.9722222,0.0277778,0.9444444,0.0277778,0.914741,-
4,rebalance_label_gap,1|2|3,"substitute_pois,insert_new_city,convert_travel_day_to_stay","Zurich, Switzerland","Zurich, Switzerland",9,summer,6,balanced,0.25,0.25,0.25,0.25,67.1115644,67.1115644,0.0,67.1115644,0.0,0.4255319,0.4255319,0.0,0.4255319,0.0,1.0,1.0,0.0,1.0,0.0,0.6666667,0.6666667,0.0,0.6666667,0.0,0.4979072,0.4979072,0.0,0.4979072,0.0,1.0,1.0,0.0,1.0,0.0,0.949868,0.949868,0.0,0.949868,0.0,1.0,1.0,0.0,1.0,0.0,0.182164,-
4,rebalance_label_gap,1|2|3,"substitute_pois,insert_new_city,convert_travel_day_to_stay","Zurich, Switzerland","Zurich, Switzerland",9,summer,6,nature_food,0.4,0.2,0.3,0.3,66.9253942,66.9253942,0.0,66.9253942,0.0,0.4202128,0.4202128,0.0,0.4202128,0.0,1.0,1.0,0.0,1.0,0.0,0.6666667,0.6666667,0.0,0.6666667,0.0,0.4979072,0.4979072,0.0,0.4979072,0.0,1.0,1.0,0.0,1.0,0.0,0.949868,0.949868,0.0,0.949868,0.0,1.0,1.0,0.0,1.0,0.0,0.189981,-
4,rebalance_label_gap,1|2|3,"substitute_pois,insert_new_city,convert_travel_day_to_stay","Zurich, Switzerland","Zurich, Switzerland",9,summer,6,culture_food,0.1,0.4,0.3,0.2,61.5176463,61.5176463,0.0,61.5176463,0.0,0.25,0.25,0.0,0.25,0.0,0.9814815,0.9814815,0.0,0.9814815,0.0,0.6666667,0.6666667,0.0,0.6666667,0.0,0.5530723,0.5530723,0.0,0.5530723,0.0,1.0,1.0,0.0,1.0,0.0,0.949868,0.949868,0.0,0.949868,0.0,1.0,1.0,0.0,1.0,0.0,0.173075,-
4,rebalance_label_gap,1|2|3,"substitute_pois,insert_new_city,convert_travel_day_to_stay","Zurich, Switzerland","Zurich, Switzerland",9,summer,10,balanced,0.25,0.25,0.25,0.25,70.5815673,70.5815673,0.0,70.5815673,0.0,0.6756757,0.6756757,0.0,0.6756757,0.0,0.9555556,0.9555556,0.0,0.9555556,0.0,0.6666667,0.6666667,0.0,0.6666667,0.0,0.8522857,0.8522857,0.0,0.8522857,0.0,0.0065959,0.0065959,0.0,0.0065959,0.0,0.949868,0.949868,0.0,0.949868,0.0,1.0,1.0,0.0,1.0,0.0,0.45688,-
4,rebalance_label_gap,1|2|3,"substitute_pois,insert_new_city,convert_travel_day_to_stay","Zurich, Switzerland","Zurich, Switzerland",9,summer,10,nature_food,0.4,0.2,0.3,0.3,71.9909695,71.9909695,0.0,71.9909695,0.0,0.5432099,0.5432099,0.0,0.5432099,0.0,1.0,1.0,0.0,1.0,0.0,0.6666667,0.6666667,0.0,0.6666667,0.0,0.5486189,0.5486189,0.0,0.5486189,0.0,1.0,1.0,0.0,1.0,0.0,0.949868,0.949868,0.0,0.949868,0.0,1.0,1.0,0.0,1.0,0.0,0.410391,-
4,rebalance_label_gap,1|2|3,"substitute_pois,insert_new_city,convert_travel_day_to_stay","Zurich, Switzerland","Zurich, Switzerland",9,summer,10,culture_food,0.1,0.4,0.3,0.2,71.6419856,71.6419856,0.0,71.6419856,0.0,0.6070602,0.6070602,0.0,0.6070602,0.0,0.9333333,0.9333333,0.0,0.9333333,0.0,0.6666667,0.6666667,0.0,0.6666667,0.0,0.7766951,0.7766951,0.0,0.7766951,0.0,0.4995113,0.4995113,0.0,0.4995113,0.0,0.949868,0.949868,0.0,0.949868,0.0,1.0,1.0,0.0,1.0,0.0,0.398727,-
4,rebalance_label_gap,1|2|3,"substitute_pois,insert_new_city,convert_travel_day_to_stay","Geneva, Switzerland","Lucerne, Switzerland",9,summer,6,balanced,0.25,0.25,0.25,0.25,78.0551203,90.0741442,12.019024,92.6747954,-2.6006511,0.5952381,0.9102564,0.3150183,0.952381,-0.0421245,0.962963,0.9259259,-0.037037,1.0,-0.0740741,0.8333333,1.0,0.1666667,1.0,0.0,0.7018668,0.6810551,-0.0208117,0.6820672,-0.0010121,1.0,1.0,0.0,1.0,0.0,0.949868,0.8220908,-0.1277771,0.8220908,0.0,1.0,1.0,0.0,1.0,0.0,0.440664,-
4,rebalance_label_gap,1|2|3,"substitute_pois,insert_new_city,convert_travel_day_to_stay","Geneva, Switzerland","Lucerne, Switzerland",9,summer,6,nature_food,0.4,0.2,0.3,0.3,69.0725151,85.0866495,16.0141344,85.3574773,-0.2708278,0.38125,0.8372093,0.4559593,0.8536585,-0.0164492,0.9259259,0.9814815,0.0555556,0.9444444,0.037037,0.8333333,0.8333333,0.0,0.8333333,0.0,0.6393691,0.6393691,0.0,0.6393691,0.0,1.0,1.0,0.0,1.0,0.0,0.949868,0.8220908,-0.1277771,0.8722229,-0.050132,1.0,0.9722222,-0.0277778,0.9722222,0.0,0.456066,-
4,rebalance_label_gap,1|2|3,"substitute_pois,insert_new_city,convert_travel_day_to_stay","Geneva, Switzerland","Lucerne, Switzerland",9,summer,6,culture_food,0.1,0.4,0.3,0.2,74.3419067,76.7724622,2.4305556,88.3696845,-11.5972222,0.5248016,0.594246,0.0694444,0.9255952,-0.3313492,0.962963,0.962963,0.0,0.962963,0.0,0.8333333,0.8333333,0.0,0.8333333,0.0,0.6186711,0.6186711,0.0,0.6186711,0.0,1.0,1.0,0.0,1.0,0.0,0.949868,0.949868,0.0,0.949868,0.0,1.0,1.0,0.0,1.0,0.0,0.23838,-
4,rebalance_label_gap,1|2|3,"substitute_pois,insert_new_city,convert_travel_day_to_stay","Geneva, Switzerland","Lucerne, Switzerland",9,summer,10,balanced,0.25,0.25,0.25,0.25,81.0580443,91.2449708,10.1869266,90.2685706,0.9764003,0.6842105,0.9210526,0.2368421,0.9473684,-0.0263158,0.9555556,0.9777778,0.0222222,0.9555556,0.0222222,0.8333333,1.0,0.1666667,0.8333333,0.1666667,0.7018668,0.6820672,-0.0197997,0.7018668,-0.0197997,1.0,1.0,0.0,1.0,0.0,0.949868,0.8220908,-0.1277771,0.949868,-0.1277771,1.0,1.0,0.0,1.0,0.0,1.239506,-
4,rebalance_label_gap,1|2|3,"substitute_pois,insert_new_city,convert_travel_day_to_stay","Geneva, Switzerland","Lucerne, Switzerland",9,summer,10,nature_food,0.4,0.2,0.3,0.3,78.8284435,82.2893149,3.4608714,85.3905807,-3.1012658,0.75,0.8101266,0.0601266,0.8987342,-0.0886076,0.9555556,0.9666667,0.0111111,0.9666667,0.0,0.6666667,0.6666667,0.0,0.6666667,0.0,0.6275717,0.6549622,0.0273906,0.6549622,0.0,0.8831535,1.0,0.1168465,1.0,0.0,1.0,0.949868,-0.050132,0.949868,0.0,1.0,0.9722222,-0.0277778,0.9722222,0.0,0.601732,-
4,rebalance_label_gap,1|2|3,"substitute_pois,insert_new_city,convert_travel_day_to_stay","Geneva, Switzerland","Lucerne, Switzerland",9,summer,10,culture_food,0.1,0.4,0.3,0.2,76.4622781,83.0247781,6.5625,87.5116146,-4.4868365,0.6507675,0.8382675,0.1875,0.9205044,-0.0822368,0.9666667,0.9666667,0.0,0.9555556,0.0111111,0.8333333,0.8333333,0.0,0.8333333,0.0,0.5932694,0.5932694,0.0,0.6066342,-0.0133649,0.8037034,0.8037034,0.0,1.0,-0.1962966,0.949868,0.949868,0.0,0.8722229,0.0776451,1.0,1.0,0.0,1.0,0.0,0.8209,-
4,rebalance_label_gap,1|2|3,"substitute_pois,insert_new_city,convert_travel_day_to_stay","Interlaken, Switzerland","St. Moritz, Switzerland",9,winter,6,balanced,0.25,0.25,0.25,0.25,80.9072514,90.3772304,9.4699791,90.3772304,0.0,0.8488372,1.0,0.1511628,1.0,0.0,0.9814815,0.9444444,-0.037037,0.9444444,0.0,0.6666667,0.8333333,0.1666667,0.8333333,0.0,0.8223313,0.7260812,-0.0962501,0.7260812,0.0,0.4140758,0.8458231,0.4317473,0.8458231,0.0,1.0,0.8722229,-0.1277771,0.8722229,0.0,1.0,1.0,0.0,1.0,0.0,0.288188,-
4,rebalance_label_gap,1|2|3,"substitute_pois,insert_new_city,convert_travel_day_to_stay","Interlaken, Switzerland","St. Moritz, Switzerland",9,winter,6,nature_food,0.4,0.2,0.3,0.3,86.709063,86.709063,0.0,86.709063,0.0,0.9090909,0.9090909,0.0,0.9090909,0.0,0.962963,0.962963,0.0,0.962963,0.0,0.6666667,0.6666667,0.0,0.6666667,0.0,0.8223313,0.8223313,0.0,0.8223313,0.0,0.8111468,0.8111468,0.0,0.8111468,0.0,1.0,1.0,0.0,1.0,0.0,1.0,1.0,0.0,1.0,0.0,0.167375,-
4,rebalance_label_gap,1|2|3,"substitute_pois,insert_new_city,convert_travel_day_to_stay","Interlaken, Switzerland","St. Moritz, Switzerland",9,winter,6,culture_food,0.1,0.4,0.3,0.2,71.0561532,84.6127082,13.556555,80.0822394,4.5304688,0.6546053,0.9166667,0.2620614,0.9034553,0.0132114,0.9444444,0.9259259,-0.0185185,0.9259259,0.0,0.8333333,0.8333333,0.0,0.6666667,0.1666667,0.7792768,0.7894744,0.0101976,0.8306328,-0.0411584,0.0039811,0.5400978,0.5361168,0.2363583,0.3037395,0.949868,0.7794783,-0.1703897,0.949868,-0.1703897,1.0,1.0,0.0,1.0,0.0,0.333801,-
4,rebalance_label_gap,1|2|3,"substitute_pois,insert_new_city,convert_travel_day_to_stay","Interlaken, Switzerland","St. Moritz, Switzerland",9,winter,10,balanced,0.25,0.25,0.25,0.25,69.3660139,73.2016303,3.8356164,79.2936298,-6.0919995,0.6575342,0.7671233,0.109589,0.9507042,-0.1835809,0.9333333,0.9333333,0.0,0.9111111,0.0222222,0.8333333,0.8333333,0.0,0.8333333,0.0,0.6708776,0.6708776,0.0,0.6708776,0.0,0.0039811,0.0039811,0.0,0.0039811,0.0,0.949868,0.949868,0.0,0.949868,0.0,1.0,1.0,0.0,1.0,0.0,0.150724,-
4,rebalance_label_gap,1|2|3,"substitute_pois,insert_new_city,convert_travel_day_to_stay","Interlaken, Switzerland","St. Moritz, Switzerland",9,winter,10,nature_food,0.4,0.2,0.3,0.3,73.6641132,79.2516246,5.5875115,81.3384127,-2.0867881,0.7195946,0.8835616,0.163967,0.8873239,-0.0037623,0.9666667,0.9666667,0.0,0.9555556,0.0111111,0.8333333,0.8333333,0.0,1.0,-0.1666667,0.7792768,0.8052854,0.0260086,0.7846258,0.0206596,0.0039811,0.0025461,-0.001435,0.0068901,-0.004344,0.949868,0.8722229,-0.0776451,0.8220908,0.050132,1.0,0.9722222,-0.0277778,1.0,-0.0277778,0.237527,-
4,rebalance_label_gap,1|2|3,"substitute_pois,insert_new_city,convert_travel_day_to_stay","Interlaken, Switzerland","St. Moritz, Switzerland",9,winter,10,culture_food,0.1,0.4,0.3,0.2,69.5556901,78.2651809,8.7094907,82.194579,-3.9293981,0.6186343,0.8674769,0.2488426,0.9797454,-0.1122685,0.9222222,0.9222222,0.0,0.9222222,0.0,0.8333333,0.8333333,0.0,0.8333333,0.0,0.7854005,0.7854005,0.0,0.7854005,0.0,0.0039811,0.0039811,0.0,0.0039811,0.0,0.949868,0.949868,0.0,0.949868,0.0,1.0,1.0,0.0,1.0,0.0,0.175256,-
4,rebalance_label_gap,1|2|3,"substitute_pois,insert_new_city,convert_travel_day_to_stay","Zurich, Switzerland","Zurich, Switzerland",9,winter,6,balanced,0.25,0.25,0.25,0.25,67.419786,67.419786,0.0,67.419786,0.0,0.4318182,0.4318182,0.0,0.4318182,0.0,0.9814815,0.9814815,0.0,0.9814815,0.0,0.6666667,0.6666667,0.0,0.6666667,0.0,0.5223058,0.5223058,0.0,0.5223058,0.0,1.0,1.0,0.0,1.0,0.0,0.949868,0.949868,0.0,0.949868,0.0,1.0,1.0,0.0,1.0,0.0,0.1179,-
4,rebalance_label_gap,1|2|3,"substitute_pois,insert_new_city,convert_travel_day_to_stay","Zurich, Switzerland","Zurich, Switzerland",9,winter,6,nature_food,0.4,0.2,0.3,0.3,70.4656935,70.4656935,0.0,70.4656935,0.0,0.4940476,0.4940476,0.0,0.4940476,0.0,0.962963,0.962963,0.0,0.962963,0.0,0.6666667,0.6666667,0.0,0.6666667,0.0,0.6011084,0.6011084,0.0,0.6011084,0.0,0.9963616,0.9963616,0.0,0.9963616,0.0,0.949868,0.949868,0.0,0.949868,0.0,1.0,1.0,0.0,1.0,0.0,0.097718,-
4,rebalance_label_gap,1|2|3,"substitute_pois,insert_new_city,convert_travel_day_to_stay","Zurich, Switzerland","Zurich, Switzerland",9,winter,6,culture_food,0.1,0.4,0.3,0.2,66.1083154,66.1083154,0.0,66.1083154,0.0,0.4854651,0.4854651,0.0,0.4854651,0.0,1.0,1.0,0.0,1.0,0.0,0.6666667,0.6666667,0.0,0.6666667,0.0,0.8366988,0.8366988,0.0,0.8366988,0.0,0.1817215,0.1817215,0.0,0.1817215,0.0,0.949868,0.949868,0.0,0.949868,0.0,1.0,1.0,0.0,1.0,0.0,0.096211,-
4,rebalance_label_gap,1|2|3,"substitute_pois,insert_new_city,convert_travel_day_to_stay","Zurich, Switzerland","Zurich, Switzerland",9,winter,10,balanced,0.25,0.25,0.25,0.25,64.847577,64.847577,0.0,64.847577,0.0,0.3703704,0.3703704,0.0,0.3703704,0.0,0.9777778,0.9777778,0.0,0.9777778,0.0,0.6666667,0.6666667,0.0,0.6666667,0.0,0.4979072,0.4979072,0.0,0.4979072,0.0,1.0,1.0,0.0,1.0,0.0,0.949868,0.949868,0.0,0.949868,0.0,1.0,1.0,0.0,1.0,0.0,0.209796,-
4,rebalance_label_gap,1|2|3,"substitute_pois,insert_new_city,convert_travel_day_to_stay","Zurich, Switzerland","Zurich, Switzerland",9,winter,10,nature_food,0.4,0.2,0.3,0.3,73.6160477,73.6160477,0.0,73.6160477,0.0,0.6720779,0.6720779,0.0,0.6720779,0.0,0.9777778,0.9777778,0.0,0.9777778,0.0,0.6666667,0.6666667,0.0,0.6666667,0.0,0.6277271,0.6277271,0.0,0.6277271,0.0,0.6261408,0.6261408,0.0,0.6261408,0.0,0.949868,0.949868,0.0,0.949868,0.0,1.0,1.0,0.0,1.0,0.0,0.201587,-
4,rebalance_label_gap,1|2|3,"substitute_pois,insert_new_city,convert_travel_day_to_stay","Zurich, Switzerland","Zurich, Switzerland",9,winter,10,culture_food,0.1,0.4,0.3,0.2,58.7509309,58.7509309,0.0,58.7509309,0.0,0.4222222,0.4222222,0.0,0.4222222,0.0,0.9444444,0.9444444,0.0,0.9444444,0.0,0.5,0.5,0.0,0.5,0.0,0.8284365,0.8284365,0.0,0.8284365,0.0,0.0018827,0.0018827,0.0,0.0018827,0.0,1.0,1.0,0.0,1.0,0.0,0.9722222,0.9722222,0.0,0.9722222,0.0,0.164216,-
4,rebalance_label_gap,1|2|3,"substitute_pois,insert_new_city,convert_travel_day_to_stay","Geneva, Switzerland","Lucerne, Switzerland",9,winter,6,balanced,0.25,0.25,0.25,0.25,76.0600525,82.8893207,6.8292683,86.3039549,-3.4146341,0.5731707,0.7682927,0.195122,0.8658537,-0.097561,0.9259259,0.9259259,0.0,0.9259259,0.0,0.8333333,0.8333333,0.0,0.8333333,0.0,0.6573899,0.6573899,0.0,0.6573899,0.0,1.0,1.0,0.0,1.0,0.0,0.949868,0.949868,0.0,0.949868,0.0,1.0,1.0,0.0,1.0,0.0,0.166747,-
4,rebalance_label_gap,1|2|3,"substitute_pois,insert_new_city,convert_travel_day_to_stay","Geneva, Switzerland","Lucerne, Switzerland",9,winter,6,nature_food,0.4,0.2,0.3,0.3,77.8625698,88.9473056,11.0847358,93.1139722,-4.1666667,0.5738636,0.8392857,0.2654221,0.9583333,-0.1190476,1.0,0.9814815,-0.0185185,0.9814815,0.0,0.8333333,1.0,0.1666667,1.0,0.0,0.7018668,0.7159753,0.0141084,0.7159753,0.0,1.0,1.0,0.0,1.0,0.0,0.949868,0.8220908,-0.1277771,0.8220908,0.0,1.0,1.0,0.0,1.0,0.0,0.2616,-
4,rebalance_label_gap,1|2|3,"substitute_pois,insert_new_city,convert_travel_day_to_stay","Geneva, Switzerland","Lucerne, Switzerland",9,winter,6,culture_food,0.1,0.4,0.3,0.2,78.2070728,86.1442571,7.9371843,88.6963405,-2.5520833,0.5852273,0.84375,0.2585227,0.9166667,-0.0729167,1.0,0.9259259,-0.0740741,0.9259259,0.0,0.8333333,0.8333333,0.0,0.8333333,0.0,0.6983186,0.6983186,0.0,0.6983186,0.0,1.0,1.0,0.0,1.0,0.0,0.949868,0.949868,0.0,0.949868,0.0,1.0,1.0,0.0,1.0,0.0,0.183937,-
4,rebalance_label_gap,1|2|3,"substitute_pois,insert_new_city,convert_travel_day_to_stay","Geneva, Switzerland","Lucerne, Switzerland",9,winter,10,balanced,0.25,0.25,0.25,0.25,72.9771531,82.3326593,9.3555061,82.8437704,-0.5111111,0.4736842,0.6933333,0.2196491,0.7222222,-0.0288889,0.9222222,0.9444444,0.0222222,0.9111111,0.0333333,0.8333333,1.0,0.1666667,1.0,0.0,0.6877022,0.6525915,-0.0351107,0.6525915,0.0,1.0,1.0,0.0,1.0,0.0,0.949868,0.8220908,-0.1277771,0.8220908,0.0,1.0,1.0,0.0,1.0,0.0,0.614358,-
4,rebalance_label_gap,1|2|3,"substitute_pois,insert_new_city,convert_travel_day_to_stay","Geneva, Switzerland","Lucerne, Switzerland",9,winter,10,nature_food,0.4,0.2,0.3,0.3,76.9488583,79.6959648,2.7471065,79.6959648,0.0,0.528125,0.6018519,0.0737269,0.6018519,0.0,0.9888889,1.0,0.0111111,1.0,0.0,0.8333333,0.8333333,0.0,0.8333333,0.0,0.7587873,0.7587873,0.0,0.7587873,0.0,1.0,1.0,0.0,1.0,0.0,0.949868,0.949868,0.0,0.949868,0.0,1.0,1.0,0.0,1.0,0.0,0.338988,-
4,rebalance_label_gap,1|2|3,"substitute_pois,insert_new_city,convert_travel_day_to_stay","Geneva, Switzerland","Lucerne, Switzerland",9,winter,10,culture_food,0.1,0.4,0.3,0.2,70.4212819,88.1963566,17.7750747,88.6191299,-0.4227734,0.3755411,0.9119718,0.5364307,0.9335749,-0.021603,0.9666667,0.9,-0.0666667,0.8777778,0.0222222,0.8333333,0.8333333,0.0,0.8333333,0.0,0.7018668,0.7018668,0.0,0.7018668,0.0,1.0,1.0,0.0,1.0,0.0,0.949868,0.949868,0.0,0.949868,0.0,1.0,1.0,0.0,1.0,0.0,0.418274,-
4,rebalance_label_gap,1|2|3,"substitute_pois,insert_new_city,convert_travel_day_to_stay","Interlaken, Switzerland","St. Moritz, Switzerland",15,summer,6,balanced,0.25,0.25,0.25,0.25,72.0402664,81.6293075,9.5890411,85.4649239,-3.8356164,0.5479452,0.8219178,0.2739726,0.9315068,-0.109589,0.9444444,0.9444444,0.0,0.9444444,0.0,0.6666667,0.6666667,0.0,0.6666667,0.0,0.6932206,0.6932206,0.0,0.6932206,0.0,0.8697604,0.8697604,0.0,0.8697604,0.0,0.9699208,0.9699208,0.0,0.9699208,0.0,0.95,0.95,0.0,0.95,0.0,0.841483,-
4,rebalance_label_gap,1|2|3,"substitute_pois,insert_new_city,convert_travel_day_to_stay","Interlaken, Switzerland","St. Moritz, Switzerland",15,summer,6,nature_food,0.4,0.2,0.3,0.3,69.7858112,83.7858112,14.0,83.7858112,0.0,0.5107143,0.9107143,0.4,0.9107143,0.0,0.9444444,0.9444444,0.0,0.9444444,0.0,0.8888889,0.8888889,0.0,0.8888889,0.0,0.7090306,0.7090306,0.0,0.7090306,0.0,0.3925748,0.3925748,0.0,0.3925748,0.0,0.9699208,0.9699208,0.0,0.9699208,0.0,1.0,1.0,0.0,1.0,0.0,0.987368,-
4,rebalance_label_gap,1|2|3,"substitute_pois,insert_new_city,convert_travel_day_to_stay","Interlaken, Switzerland","St. Moritz, Switzerland",15,summer,6,culture_food,0.1,0.4,0.3,0.2,73.0198742,87.1242466,14.1043724,85.7420626,1.382184,0.6135266,0.9595411,0.3460145,0.9836957,-0.0241546,0.9333333,0.9555556,0.0222222,0.9333333,0.0222222,0.7777778,0.8888889,0.1111111,0.7777778,0.1111111,0.7192239,0.7144869,-0.004737,0.7192239,-0.004737,0.5091419,0.5539671,0.0448252,0.5091419,0.0448252,1.0,0.9233337,-0.0766663,0.9699208,-0.0465871,1.0,1.0,0.0,0.9833333,0.0166667,1.287031,-
4,rebalance_label_gap,1|2|3,"substitute_pois,insert_new_city,convert_travel_day_to_stay","Interlaken, Switzerland","St. Moritz, Switzerland",15,summer,10,balanced,0.25,0.25,0.25,0.25,79.4446008,85.2779341,5.8333333,88.9900553,-3.7121212,0.6818182,0.8484848,0.1666667,0.9545455,-0.1060606,0.98,0.98,0.0,0.98,0.0,0.7777778,0.7777778,0.0,0.7777778,0.0,0.7050204,0.7050204,0.0,0.7050204,0.0,0.8872721,0.8872721,0.0,0.8872721,0.0,0.9699208,0.9699208,0.0,0.9699208,0.0,0.9833333,0.9833333,0.0,0.9833333,0.0,2.355694,-
4,rebalance_label_gap,1|2|3,"substitute_pois,insert_new_city,convert_travel_day_to_stay","Interlaken, Switzerland","St. Moritz, Switzerland",15,summer,10,nature_food,0.4,0.2,0.3,0.3,80.5456057,84.2023221,3.6567164,87.2060534,-3.0037313,0.7070896,0.8115672,0.1044776,0.8973881,-0.0858209,0.9866667,0.9866667,0.0,0.9866667,0.0,0.7777778,0.7777778,0.0,0.7777778,0.0,0.7127875,0.7127875,0.0,0.7127875,0.0,0.8872721,0.8872721,0.0,0.8872721,0.0,0.9699208,0.9699208,0.0,0.9699208,0.0,0.9833333,0.9833333,0.0,0.9833333,0.0,1.487004,-
4,rebalance_label_gap,1|2|3,"substitute_pois,insert_new_city,convert_travel_day_to_stay","Interlaken, Switzerland","St. Moritz, Switzerland",15,summer,10,culture_food,0.1,0.4,0.3,0.2,66.013786,77.0340929,11.0203068,81.1611306,-4.1270378,0.6144126,0.8785014,0.2640888,0.9907025,-0.1122011,0.9133333,0.9133333,0.0,0.9266667,-0.0133333,0.6666667,0.7777778,0.1111111,0.7777778,0.0,0.7306231,0.7377844,0.0071613,0.7377844,0.0,0.01,0.0170174,0.0070174,0.0170174,0.0,1.0,0.9699208,-0.0300792,0.9699208,0.0,0.95,0.9666667,0.0166667,0.9666667,0.0,1.47903,-
4,rebalance_label_gap,1|2|3,"substitute_pois,insert_new_city,convert_travel_day_to_stay","Zurich, Switzerland","Zurich, Switzerland",15,summer,6,balanced,0.25,0.25,0.25,0.25,68.6213736,68.6213736,0.0,68.6213736,0.0,0.538961,0.538961,0.0,0.538961,0.0,1.0,1.0,0.0,1.0,0.0,0.6666667,0.6666667,0.0,0.6666667,0.0,0.5827105,0.5827105,0.0,0.5827105,0.0,0.6100413,0.6100413,0.0,0.6100413,0.0,1.0,1.0,0.0,1.0,0.0,0.9833333,0.9833333,0.0,0.9833333,0.0,0.58306,-
4,rebalance_label_gap,1|2|3,"substitute_pois,insert_new_city,convert_travel_day_to_stay","Zurich, Switzerland","Zurich, Switzerland",15,summer,6,nature_food,0.4,0.2,0.3,0.3,64.9255601,64.9255601,0.0,64.9255601,0.0,0.5347222,0.5347222,0.0,0.5347222,0.0,0.9777778,0.9777778,0.0,0.9777778,0.0,0.7777778,0.7777778,0.0,0.7777778,0.0,0.6395626,0.6395626,0.0,0.6395626,0.0,0.0433906,0.0433906,0.0,0.0433906,0.0,0.9699208,0.9699208,0.0,0.9699208,0.0,1.0,1.0,0.0,1.0,0.0,0.318666,-
4,rebalance_label_gap,1|2|3,"substitute_pois,insert_new_city,convert_travel_day_to_stay","Zurich, Switzerland","Zurich, Switzerland",15,summer,6,culture_food,0.1,0.4,0.3,0.2,69.4381007,69.4381007,0.0,69.4381007,0.0,0.7111872,0.7111872,0.0,0.7111872,0.0,0.9666667,0.9666667,0.0,0.9666667,0.0,0.6666667,0.6666667,0.0,0.6666667,0.0,0.6724298,0.6724298,0.0,0.6724298,0.0,0.0277165,0.0277165,0.0,0.0277165,0.0,0.9699208,0.9699208,0.0,0.9699208,0.0,0.9666667,0.9666667,0.0,0.9666667,0.0,0.320855,-
4,rebalance_label_gap,1|2|3,"substitute_pois,insert_new_city,convert_travel_day_to_stay","Zurich, Switzerland","Zurich, Switzerland",15,summer,10,balanced,0.25,0.25,0.25,0.25,71.9744689,71.9744689,0.0,71.9744689,0.0,0.6031746,0.6031746,0.0,0.6031746,0.0,0.96,0.96,0.0,0.96,0.0,0.7777778,0.7777778,0.0,0.7777778,0.0,0.8526094,0.8526094,0.0,0.8526094,0.0,0.2157946,0.2157946,0.0,0.2157946,0.0,0.9699208,0.9699208,0.0,0.9699208,0.0,1.0,1.0,0.0,1.0,0.0,0.83088,-
4,rebalance_label_gap,1|2|3,"substitute_pois,insert_new_city,convert_travel_day_to_stay","Zurich, Switzerland","Zurich, Switzerland",15,summer,10,nature_food,0.4,0.2,0.3,0.3,70.2453596,70.2453596,0.0,70.2453596,0.0,0.7288462,0.7288462,0.0,0.7288462,0.0,0.9666667,0.9666667,0.0,0.9666667,0.0,0.6666667,0.6666667,0.0,0.6666667,0.0,0.6694609,0.6694609,0.0,0.6694609,0.0,0.0277165,0.0277165,0.0,0.0277165,0.0,1.0,1.0,0.0,1.0,0.0,0.9833333,0.9833333,0.0,0.9833333,0.0,0.74569,-
4,rebalance_label_gap,1|2|3,"substitute_pois,insert_new_city,convert_travel_day_to_stay","Zurich, Switzerland","Zurich, Switzerland",15,summer,10,culture_food,0.1,0.4,0.3,0.2,76.9791925,76.9791925,0.0,76.9791925,0.0,0.5588038,0.5588038,0.0,0.5588038,0.0,0.9466667,0.9466667,0.0,0.9466667,0.0,0.7777778,0.7777778,0.0,0.7777778,0.0,0.8119804,0.8119804,0.0,0.8119804,0.0,0.9525085,0.9525085,0.0,0.9525085,0.0,0.9699208,0.9699208,0.0,0.9699208,0.0,1.0,1.0,0.0,1.0,0.0,0.728235,-
4,rebalance_label_gap,1|2|3,"substitute_pois,insert_new_city,convert_travel_day_to_stay","Geneva, Switzerland","Lucerne, Switzerland",15,summer,6,balanced,0.25,0.25,0.25,0.25,73.9177713,86.5310462,12.6132749,86.5310462,0.0,0.4810127,0.8461538,0.3651412,0.8461538,0.0,0.9888889,0.9777778,-0.0111111,0.9777778,0.0,0.7777778,0.7777778,0.0,0.7777778,0.0,0.7210705,0.7210705,0.0,0.7210705,0.0,1.0,1.0,0.0,1.0,0.0,0.9699208,0.9699208,0.0,0.9699208,0.0,0.9833333,0.9833333,0.0,0.9833333,0.0,3.134587,-
4,rebalance_label_gap,1|2|3,"substitute_pois,insert_new_city,convert_travel_day_to_stay","Geneva, Switzerland","Lucerne, Switzerland",15,summer,6,nature_food,0.4,0.2,0.3,0.3,72.5491234,88.425147,15.8760236,90.6534161,-2.2282692,0.4264706,0.8767606,0.45029,0.9456522,-0.0688916,0.9333333,0.9666667,0.0333333,0.9444444,0.0222222,0.8888889,0.8888889,0.0,0.8888889,0.0,0.7098432,0.7098432,0.0,0.7098432,0.0,0.9792067,0.9792067,0.0,0.9792067,0.0,0.9699208,0.9097623,-0.0601584,0.9398416,-0.0300792,1.0,0.9833333,-0.0166667,0.9833333,0.0,1.241193,-
4,rebalance_label_gap,1|2|3,"substitute_pois,insert_new_city,convert_travel_day_to_stay","Geneva, Switzerland","Lucerne, Switzerland",15,summer,6,culture_food,0.1,0.4,0.3,0.2,76.4684519,88.0903796,11.6219276,92.1815685,-4.091189,0.5256849,0.9027778,0.3770928,0.9841549,-0.0813772,0.9777778,0.9666667,-0.0111111,0.9555556,0.0111111,0.8888889,0.7777778,-0.1111111,0.8888889,-0.1111111,0.696907,0.7040147,0.0071077,0.696907,0.0071077,1.0,1.0,0.0,1.0,0.0,0.9398416,0.9699208,0.0300792,0.9398416,0.0300792,0.9833333,0.9833333,0.0,0.9833333,0.0,1.513142,-
4,rebalance_label_gap,1|2|3,"substitute_pois,insert_new_city,convert_travel_day_to_stay","Geneva, Switzerland","Lucerne, Switzerland",15,summer,10,balanced,0.25,0.25,0.25,0.25,77.683535,86.2986659,8.6151309,90.9944992,-4.6958333,0.641791,0.8125,0.170709,0.952381,-0.139881,0.9666667,0.9533333,-0.0133333,0.94,0.0133333,0.6666667,0.8888889,0.2222222,0.8888889,0.0,0.7258343,0.7074109,-0.0184234,0.7074109,0.0,1.0,1.0,0.0,1.0,0.0,1.0,0.9233337,-0.0766663,0.9233337,0.0,0.9666667,1.0,0.0333333,1.0,0.0,3.123797,-
4,rebalance_label_gap,1|2|3,"substitute_pois,insert_new_city,convert_travel_day_to_stay","Geneva, Switzerland","Lucerne, Switzerland",15,summer,10,nature_food,0.4,0.2,0.3,0.3,80.2042398,88.6529494,8.4487096,89.3805118,-0.7275624,0.6809701,0.9055118,0.2245417,0.9488636,-0.0433518,0.9666667,0.9333333,-0.0333333,0.9533333,-0.02,0.7777778,0.8888889,0.1111111,0.7777778,0.1111111,0.6802412,0.6673356,-0.0129056,0.6802412,-0.0129056,1.0,1.0,0.0,1.0,0.0,1.0,0.9233337,-0.0766663,1.0,-0.0766663,1.0,1.0,0.0,1.0,0.0,3.238337,-
4,rebalance_label_gap,1|2|3,"substitute_pois,insert_new_city,convert_travel_day_to_stay","Geneva, Switzerland","Lucerne, Switzerland",15,summer,10,culture_food,0.1,0.4,0.3,0.2,77.4311399,85.8241302,8.3929904,92.3921964,-6.5680662,0.5936693,0.8021628,0.2084936,0.9898219,-0.187659,0.9533333,0.9733333,0.02,0.9733333,0.0,0.7777778,0.8888889,0.1111111,0.8888889,0.0,0.7141368,0.6969942,-0.0171425,0.6969942,0.0,0.9973998,0.9977245,0.0003247,0.9977245,0.0,1.0,0.8932545,-0.1067455,0.8932545,0.0,1.0,0.9833333,-0.0166667,0.9833333,0.0,1.606267,-
4,rebalance_label_gap,1|2|3,"substitute_pois,insert_new_city,convert_travel_day_to_stay","Interlaken, Switzerland","St. Moritz, Switzerland",15,winter,6,balanced,0.25,0.25,0.25,0.25,79.7993472,90.7399182,10.9405711,90.7399182,0.0,0.7462687,0.9714286,0.2251599,0.9714286,0.0,0.9222222,0.9666667,0.0444444,0.9666667,0.0,0.7777778,0.8888889,0.1111111,0.8888889,0.0,0.7192239,0.7144869,-0.004737,0.7144869,0.0,0.7391585,0.8572613,0.1181028,0.8572613,0.0,1.0,0.9233337,-0.0766663,0.9233337,0.0,1.0,1.0,0.0,1.0,0.0,0.986587,-
4,rebalance_label_gap,1|2|3,"substitute_pois,insert_new_city,convert_travel_day_to_stay","Interlaken, Switzerland","St. Moritz, Switzerland",15,winter,6,nature_food,0.4,0.2,0.3,0.3,71.7682226,73.5460004,1.7777778,73.5460004,0.0,0.6944444,0.75,0.0555556,0.75,0.0,0.9888889,0.9777778,-0.0111111,0.9777778,0.0,0.7777778,0.7777778,0.0,0.7777778,0.0,0.7335551,0.7335551,0.0,0.7335551,0.0,0.019307,0.019307,0.0,0.019307,0.0,0.9699208,0.9699208,0.0,0.9699208,0.0,0.9833333,0.9833333,0.0,0.9833333,0.0,0.270373,-
4,rebalance_label_gap,1|2|3,"substitute_pois,insert_new_city,convert_travel_day_to_stay","Interlaken, Switzerland","St. Moritz, Switzerland",15,winter,6,culture_food,0.1,0.4,0.3,0.2,73.01394,82.6082382,9.5942982,82.6082382,0.0,0.6025219,0.8766447,0.2741228,0.8766447,0.0,0.9888889,0.9888889,0.0,0.9888889,0.0,0.6666667,0.6666667,0.0,0.6666667,0.0,0.7460483,0.7460483,0.0,0.7460483,0.0,0.5984948,0.5984948,0.0,0.5984948,0.0,1.0,1.0,0.0,1.0,0.0,0.9833333,0.9833333,0.0,0.9833333,0.0,0.723736,-
4,rebalance_label_gap,1|2|3,"substitute_pois,insert_new_city,convert_travel_day_to_stay","Interlaken, Switzerland","St. Moritz, Switzerland",15,winter,10,balanced,0.25,0.25,0.25,0.25,78.2312523,88.7426297,10.5113773,91.1176701,-2.3750405,0.6616541,0.9198473,0.2581932,0.9848485,-0.0650012,0.9733333,0.9733333,0.0,0.98,-0.0066667,0.7777778,0.8888889,0.1111111,0.8888889,0.0,0.6947087,0.6958109,0.0011022,0.6958109,0.0,0.838606,0.8560807,0.0174747,0.8560807,0.0,1.0,0.9233337,-0.0766663,0.9233337,0.0,1.0,1.0,0.0,1.0,0.0,1.097255,-
4,rebalance_label_gap,1|2|3,"substitute_pois,insert_new_city,convert_travel_day_to_stay","Interlaken, Switzerland","St. Moritz, Switzerland",15,winter,10,nature_food,0.4,0.2,0.3,0.3,79.3156672,84.6123545,5.2966873,86.1752885,-1.562934,0.6889313,0.8134328,0.1245015,0.8731343,-0.0597015,0.9733333,0.98,0.0066667,0.98,0.0,0.7777778,0.7777778,0.0,0.7777778,0.0,0.7510844,0.7368809,-0.0142035,0.701773,0.0351079,0.7820535,0.8872721,0.1052186,0.8872721,0.0,0.9699208,0.9699208,0.0,0.9699208,0.0,1.0,1.0,0.0,1.0,0.0,0.7313,-
4,rebalance_label_gap,1|2|3,"substitute_pois,insert_new_city,convert_travel_day_to_stay","Interlaken, Switzerland","St. Moritz, Switzerland",15,winter,10,culture_food,0.1,0.4,0.3,0.2,72.322333,82.3558794,10.0335464,82.3558794,0.0,0.5722446,0.8789174,0.3066728,0.8789174,0.0,0.9133333,0.8666667,-0.0466667,0.8666667,0.0,0.7777778,0.7777778,0.0,0.7777778,0.0,0.7202551,0.7202551,0.0,0.7202551,0.0,0.6440341,0.6440341,0.0,0.6440341,0.0,0.9699208,0.9699208,0.0,0.9699208,0.0,0.9666667,0.9666667,0.0,0.9666667,0.0,0.611571,-
4,rebalance_label_gap,1|2|3,"substitute_pois,insert_new_city,convert_travel_day_to_stay","Zurich, Switzerland","Zurich, Switzerland",15,winter,6,balanced,0.25,0.25,0.25,0.25,80.1989844,80.1989844,0.0,80.1989844,0.0,0.7714286,0.7714286,0.0,0.7714286,0.0,0.9444444,0.9444444,0.0,0.9444444,0.0,0.7777778,0.7777778,0.0,0.7777778,0.0,0.6701956,0.6701956,0.0,0.6701956,0.0,0.7463113,0.7463113,0.0,0.7463113,0.0,0.9699208,0.9699208,0.0,0.9699208,0.0,1.0,1.0,0.0,1.0,0.0,0.254593,-
4,rebalance_label_gap,1|2|3,"substitute_pois,insert_new_city,convert_travel_day_to_stay","Zurich, Switzerland","Zurich, Switzerland",15,winter,6,nature_food,0.4,0.2,0.3,0.3,73.0217489,73.0217489,0.0,73.0217489,0.0,0.5684932,0.5684932,0.0,0.5684932,0.0,0.9666667,0.9666667,0.0,0.9666667,0.0,0.6666667,0.6666667,0.0,0.6666667,0.0,0.5822549,0.5822549,0.0,0.5822549,0.0,0.9973998,0.9973998,0.0,0.9973998,0.0,1.0,1.0,0.0,1.0,0.0,0.9833333,0.9833333,0.0,0.9833333,0.0,0.255104,-
4,rebalance_label_gap,1|2|3,"substitute_pois,insert_new_city,convert_travel_day_to_stay","Zurich, Switzerland","Zurich, Switzerland",15,winter,6,culture_food,0.1,0.4,0.3,0.2,71.8979666,71.8979666,0.0,71.8979666,0.0,0.4746377,0.4746377,0.0,0.4746377,0.0,0.9666667,0.9666667,0.0,0.9666667,0.0,0.7777778,0.7777778,0.0,0.7777778,0.0,0.8526094,0.8526094,0.0,0.8526094,0.0,0.6480236,0.6480236,0.0,0.6480236,0.0,0.9699208,0.9699208,0.0,0.9699208,0.0,1.0,1.0,0.0,1.0,0.0,0.198731,-
4,rebalance_label_gap,1|2|3,"substitute_pois,insert_new_city,convert_travel_day_to_stay","Zurich, Switzerland","Zurich, Switzerland",15,winter,10,balanced,0.25,0.25,0.25,0.25,70.0448918,70.0448918,0.0,70.0448918,0.0,0.4806202,0.4806202,0.0,0.4806202,0.0,0.96,0.96,0.0,0.96,0.0,0.7777778,0.7777778,0.0,0.7777778,0.0,0.6562535,0.6562535,0.0,0.6562535,0.0,0.7463113,0.7463113,0.0,0.7463113,0.0,0.9699208,0.9699208,0.0,0.9699208,0.0,1.0,1.0,0.0,1.0,0.0,0.436081,-
4,rebalance_label_gap,1|2|3,"substitute_pois,insert_new_city,convert_travel_day_to_stay","Zurich, Switzerland","Zurich, Switzerland",15,winter,10,nature_food,0.4,0.2,0.3,0.3,73.4747766,73.4747766,0.0,73.4747766,0.0,0.5708661,0.5708661,0.0,0.5708661,0.0,0.9666667,0.9666667,0.0,0.9666667,0.0,0.7777778,0.7777778,0.0,0.7777778,0.0,0.733197,0.733197,0.0,0.733197,0.0,0.6480236,0.6480236,0.0,0.6480236,0.0,0.9699208,0.9699208,0.0,0.9699208,0.0,1.0,1.0,0.0,1.0,0.0,0.475414,-
4,rebalance_label_gap,1|2|3,"substitute_pois,insert_new_city,convert_travel_day_to_stay","Zurich, Switzerland","Zurich, Switzerland",15,winter,10,culture_food,0.1,0.4,0.3,0.2,65.7640609,65.7640609,0.0,65.7640609,0.0,0.5086088,0.5086088,0.0,0.5086088,0.0,0.9133333,0.9133333,0.0,0.9133333,0.0,0.6666667,0.6666667,0.0,0.6666667,0.0,0.8407387,0.8407387,0.0,0.8407387,0.0,0.1735005,0.1735005,0.0,0.1735005,0.0,1.0,1.0,0.0,1.0,0.0,0.9833333,0.9833333,0.0,0.9833333,0.0,0.405093,-
4,rebalance_label_gap,1|2|3,"substitute_pois,insert_new_city,convert_travel_day_to_stay","Geneva, Switzerland","Lucerne, Switzerland",15,winter,6,balanced,0.25,0.25,0.25,0.25,76.4467923,88.6514711,12.2046788,88.7278326,-0.0763615,0.6764706,0.8857143,0.2092437,0.8857143,0.0,0.9111111,0.9444444,0.0333333,0.9444444,0.0,0.7777778,0.8888889,0.1111111,0.8888889,0.0,0.7202235,0.7023202,-0.0179034,0.7074109,-0.0050908,0.6633635,1.0,0.3366365,1.0,0.0,1.0,0.9233337,-0.0766663,0.9233337,0.0,1.0,1.0,0.0,1.0,0.0,0.90116,-
4,rebalance_label_gap,1|2|3,"substitute_pois,insert_new_city,convert_travel_day_to_stay","Geneva, Switzerland","Lucerne, Switzerland",15,winter,6,nature_food,0.4,0.2,0.3,0.3,78.5888252,84.2599545,5.6711293,84.2599545,0.0,0.5633333,0.7042254,0.140892,0.7042254,0.0,1.0,0.9666667,-0.0333333,0.9666667,0.0,0.8888889,1.0,0.1111111,1.0,0.0,0.7126148,0.7097196,-0.0028951,0.7097196,0.0,1.0,1.0,0.0,1.0,0.0,0.9699208,0.8932545,-0.0766663,0.8932545,0.0,1.0,1.0,0.0,1.0,0.0,0.612786,-
4,rebalance_label_gap,1|2|3,"substitute_pois,insert_new_city,convert_travel_day_to_stay","Geneva, Switzerland","Lucerne, Switzerland",15,winter,6,culture_food,0.1,0.4,0.3,0.2,78.5424774,78.5424774,0.0,86.02603,-7.4835526,0.5997807,0.5997807,0.0,0.8135965,-0.2138158,1.0,1.0,0.0,1.0,0.0,0.7777778,0.7777778,0.0,0.7777778,0.0,0.7311213,0.7311213,0.0,0.7311213,0.0,1.0,1.0,0.0,1.0,0.0,1.0,1.0,0.0,1.0,0.0,0.9833333,0.9833333,0.0,0.9833333,0.0,0.253112,-
4,rebalance_label_gap,1|2|3,"substitute_pois,insert_new_city,convert_travel_day_to_stay","Geneva, Switzerland","Lucerne, Switzerland",15,winter,10,balanced,0.25,0.25,0.25,0.25,73.5268424,88.5583377,15.0314954,88.9881738,-0.4298361,0.4274809,0.848,0.4205191,0.8688525,-0.0208525,0.9533333,0.9333333,-0.02,0.9133333,0.02,0.8888889,1.0,0.1111111,1.0,0.0,0.7388049,0.7097196,-0.0290852,0.7097196,0.0,1.0,1.0,0.0,1.0,0.0,0.9699208,0.8631753,-0.1067455,0.8631753,0.0,1.0,0.9833333,-0.0166667,0.9833333,0.0,1.833898,-
4,rebalance_label_gap,1|2|3,"substitute_pois,insert_new_city,convert_travel_day_to_stay","Geneva, Switzerland","Lucerne, Switzerland",15,winter,10,nature_food,0.4,0.2,0.3,0.3,74.9606957,81.7464975,6.7858018,82.1773624,-0.4308649,0.5,0.7148438,0.2148438,0.7261905,-0.0113467,0.9733333,0.94,-0.0333333,0.9266667,0.0133333,0.7777778,0.7777778,0.0,0.7777778,0.0,0.7462686,0.7462686,0.0,0.7462686,0.0,1.0,1.0,0.0,1.0,0.0,1.0,0.9699208,-0.0300792,1.0,-0.0300792,1.0,0.9833333,-0.0166667,1.0,-0.0166667,0.927101,-
4,rebalance_label_gap,1|2|3,"substitute_pois,insert_new_city,convert_travel_day_to_stay","Geneva, Switzerland","Lucerne, Switzerland",15,winter,10,culture_food,0.1,0.4,0.3,0.2,68.8327286,86.9837572,18.1510286,87.9204008,-0.9366436,0.3371212,0.8814363,0.5443151,0.9139118,-0.0324755,0.96,0.9,-0.06,0.8866667,0.0133333,0.7777778,0.7777778,0.0,0.7777778,0.0,0.7311213,0.7311213,0.0,0.7311213,0.0,1.0,1.0,0.0,1.0,0.0,1.0,1.0,0.0,1.0,0.0,1.0,1.0,0.0,1.0,0.0,1.04219,-
4,rebalance_label_gap,1|2|3,"substitute_pois,insert_new_city,convert_travel_day_to_stay","Interlaken, Switzerland","St. Moritz, Switzerland",21,summer,6,balanced,0.25,0.25,0.25,0.25,73.9632504,85.0554183,11.0921679,88.1892257,-3.1338074,0.5346535,0.8529412,0.3182877,0.9623656,-0.1094244,0.968254,0.9761905,0.0079365,0.9206349,0.0555556,0.7692308,0.7692308,0.0,0.8461538,-0.0769231,0.6948162,0.6948162,0.0,0.6884548,0.0063614,0.8825388,0.8825388,0.0,0.854539,0.0279999,1.0,0.9785148,-0.0214852,0.8621916,0.1163233,0.9880952,0.9761905,-0.0119048,0.9642857,0.0119048,2.087274,-
4,rebalance_label_gap,1|2|3,"substitute_pois,insert_new_city,convert_travel_day_to_stay","Interlaken, Switzerland","St. Moritz, Switzerland",21,summer,6,nature_food,0.4,0.2,0.3,0.3,74.6737479,84.4557096,9.7819617,86.8114788,-2.3557692,0.5412621,0.8221154,0.2808532,0.8894231,-0.0673077,0.9603175,0.968254,0.0079365,0.968254,0.0,0.7692308,0.7692308,0.0,0.7692308,0.0,0.7336729,0.7336729,0.0,0.7336729,0.0,0.884078,0.884078,0.0,0.884078,0.0,1.0,0.9785148,-0.0214852,0.9785148,0.0,0.9880952,0.9761905,-0.0119048,0.9761905,0.0,1.80899,-
4,rebalance_label_gap,1|2|3,"substitute_pois,insert_new_city,convert_travel_day_to_stay","Interlaken, Switzerland","St. Moritz, Switzerland",21,summer,6,culture_food,0.1,0.4,0.3,0.2,75.5674206,86.058492,10.4910714,86.7760402,-0.7175482,0.6381803,0.9379252,0.2997449,0.9494337,-0.0115085,0.9444444,0.9444444,0.0,0.968254,-0.0238095,0.7692308,0.7692308,0.0,0.7692308,0.0,0.7258043,0.7258043,0.0,0.726656,-0.0008517,0.6805867,0.6805867,0.0,0.6810225,-0.0004357,0.9785148,0.9785148,0.0,0.9785148,0.0,0.9880952,0.9880952,0.0,0.9761905,0.0119048,1.712956,-
4,rebalance_label_gap,1|2|3,"substitute_pois,insert_new_city,convert_travel_day_to_stay","Interlaken, Switzerland","St. Moritz, Switzerland",21,summer,10,balanced,0.25,0.25,0.25,0.25,82.2504411,88.1520685,5.9016274,90.6200064,-2.4679379,0.75,0.9153005,0.1653005,0.9891304,-0.0738299,0.9666667,0.9761905,0.0095238,0.9666667,0.0095238,0.7692308,0.8461538,0.0769231,0.7692308,0.0769231,0.7453816,0.6915396,-0.053842,0.7453816,-0.053842,0.884078,0.8940361,0.0099581,0.884078,0.0099581,1.0,0.9054907,-0.0945093,1.0,-0.0945093,0.9880952,0.9880952,0.0,0.9880952,0.0,3.071972,-
4,rebalance_label_gap,1|2|3,"substitute_pois,insert_new_city,convert_travel_day_to_stay","Interlaken, Switzerland","St. Moritz, Switzerland",21,summer,10,nature_food,0.4,0.2,0.3,0.3,80.1920219,89.1796291,8.9876073,90.803724,-1.6240949,0.6848404,0.9385246,0.2536842,0.9880319,-0.0495073,0.9904762,0.9714286,-0.0190476,0.9904762,-0.0190476,0.7692308,0.8461538,0.0769231,0.7692308,0.0769231,0.7201981,0.7084968,-0.0117013,0.7201981,-0.0117013,0.919098,0.8940361,-0.0250619,0.919098,-0.0250619,0.9785148,0.9237532,-0.0547616,0.9785148,-0.0547616,0.9880952,0.9761905,-0.0119048,0.9880952,-0.0119048,4.89648,-
4,rebalance_label_gap,1|2|3,"substitute_pois,insert_new_city,convert_travel_day_to_stay","Interlaken, Switzerland","St. Moritz, Switzerland",21,summer,10,culture_food,0.1,0.4,0.3,0.2,70.4771907,78.3425912,7.8654005,82.3770669,-4.0344756,0.631262,0.8542871,0.223025,0.9654762,-0.1111891,0.9190476,0.9190476,0.0,0.9285714,-0.0095238,0.6923077,0.6923077,0.0,0.6923077,0.0,0.6809979,0.6809979,0.0,0.6809979,0.0,0.4176293,0.4176293,0.0,0.4176293,0.0,1.0,1.0,0.0,1.0,0.0,0.9642857,0.9761905,0.0119048,0.9761905,0.0,2.20493,-
4,rebalance_label_gap,1|2|3,"substitute_pois,insert_new_city,convert_travel_day_to_stay","Zurich, Switzerland","Zurich, Switzerland",21,summer,6,balanced,0.25,0.25,0.25,0.25,68.9047963,68.9047963,0.0,68.9047963,0.0,0.5471698,0.5471698,0.0,0.5471698,0.0,0.984127,0.984127,0.0,0.984127,0.0,0.6923077,0.6923077,0.0,0.6923077,0.0,0.6935984,0.6935984,0.0,0.6935984,0.0,0.426288,0.426288,0.0,0.426288,0.0,1.0,1.0,0.0,1.0,0.0,0.9880952,0.9880952,0.0,0.9880952,0.0,0.595097,-
4,rebalance_label_gap,1|2|3,"substitute_pois,insert_new_city,convert_travel_day_to_stay","Zurich, Switzerland","Zurich, Switzerland",21,summer,6,nature_food,0.4,0.2,0.3,0.3,66.3267749,66.3267749,0.0,66.3267749,0.0,0.4725,0.4725,0.0,0.4725,0.0,0.968254,0.968254,0.0,0.968254,0.0,0.7692308,0.7692308,0.0,0.7692308,0.0,0.7036061,0.7036061,0.0,0.7036061,0.0,0.3280338,0.3280338,0.0,0.3280338,0.0,0.9785148,0.9785148,0.0,0.9785148,0.0,1.0,1.0,0.0,1.0,0.0,0.575244,-
4,rebalance_label_gap,1|2|3,"substitute_pois,insert_new_city,convert_travel_day_to_stay","Zurich, Switzerland","Zurich, Switzerland",21,summer,6,culture_food,0.1,0.4,0.3,0.2,70.1684749,70.1684749,0.0,70.1684749,0.0,0.6597896,0.6597896,0.0,0.6597896,0.0,0.9603175,0.9603175,0.0,0.9603175,0.0,0.6153846,0.6153846,0.0,0.6153846,0.0,0.737008,0.737008,0.0,0.737008,0.0,0.2563758,0.2563758,0.0,0.2563758,0.0,1.0,1.0,0.0,1.0,0.0,0.9642857,0.9642857,0.0,0.9642857,0.0,0.581326,-
4,rebalance_label_gap,1|2|3,"substitute_pois,insert_new_city,convert_travel_day_to_stay","Zurich, Switzerland","Zurich, Switzerland",21,summer,10,balanced,0.25,0.25,0.25,0.25,80.3137913,80.3137913,0.0,80.3137913,0.0,0.6813187,0.6813187,0.0,0.6813187,0.0,0.9571429,0.9571429,0.0,0.9571429,0.0,0.6923077,0.6923077,0.0,0.6923077,0.0,0.7868542,0.7868542,0.0,0.7868542,0.0,0.998259,0.998259,0.0,0.998259,0.0,1.0,1.0,0.0,1.0,0.0,0.9880952,0.9880952,0.0,0.9880952,0.0,1.22182,-
4,rebalance_label_gap,1|2|3,"substitute_pois,insert_new_city,convert_travel_day_to_stay","Zurich, Switzerland","Zurich, Switzerland",21,summer,10,nature_food,0.4,0.2,0.3,0.3,72.0138338,72.0138338,0.0,72.0138338,0.0,0.6703297,0.6703297,0.0,0.6703297,0.0,0.9666667,0.9666667,0.0,0.9666667,0.0,0.6923077,0.6923077,0.0,0.6923077,0.0,0.7306542,0.7306542,0.0,0.7306542,0.0,0.293434,0.293434,0.0,0.293434,0.0,0.9785148,0.9785148,0.0,0.9785148,0.0,0.9761905,0.9761905,0.0,0.9761905,0.0,0.981605,-
4,rebalance_label_gap,1|2|3,"substitute_pois,insert_new_city,convert_travel_day_to_stay","Zurich, Switzerland","Zurich, Switzerland",21,summer,10,culture_food,0.1,0.4,0.3,0.2,67.7944765,67.7944765,0.0,67.7944765,0.0,0.547619,0.547619,0.0,0.547619,0.0,0.9428571,0.9428571,0.0,0.9428571,0.0,0.6923077,0.6923077,0.0,0.6923077,0.0,0.7868542,0.7868542,0.0,0.7868542,0.0,0.2357048,0.2357048,0.0,0.2357048,0.0,1.0,1.0,0.0,1.0,0.0,0.9880952,0.9880952,0.0,0.9880952,0.0,1.009635,-
4,rebalance_label_gap,1|2|3,"substitute_pois,insert_new_city,convert_travel_day_to_stay","Geneva, Switzerland","Lucerne, Switzerland",21,summer,6,balanced,0.25,0.25,0.25,0.25,76.7292864,81.1862491,4.4569626,86.9573499,-5.7711008,0.5849057,0.8267327,0.241827,0.8785047,-0.051772,0.9761905,0.9603175,-0.015873,0.984127,-0.0238095,0.7692308,0.7692308,0.0,0.7692308,0.0,0.6828813,0.6684597,-0.0144216,0.6828813,-0.0144216,1.0,0.6447436,-0.3552564,1.0,-0.3552564,0.9785148,0.9785148,0.0,0.9570297,0.0214852,0.9880952,0.9880952,0.0,0.9761905,0.0119048,2.79021,-
4,rebalance_label_gap,1|2|3,"substitute_pois,insert_new_city,convert_travel_day_to_stay","Geneva, Switzerland","Lucerne, Switzerland",21,summer,6,nature_food,0.4,0.2,0.3,0.3,68.8643551,78.7508082,9.8864531,80.2091416,-1.4583333,0.3932039,0.8828125,0.4896086,0.9244792,-0.0416667,0.952381,0.9444444,-0.0079365,0.9444444,0.0,0.6923077,0.7692308,0.0769231,0.7692308,0.0,0.7157321,0.6585668,-0.0571653,0.6585668,0.0,0.9814956,0.2828545,-0.698641,0.2828545,0.0,1.0,0.9237532,-0.0762468,0.9237532,0.0,0.9761905,0.9642857,-0.0119048,0.9642857,0.0,1.871603,-
4,rebalance_label_gap,1|2|3,"substitute_pois,insert_new_city,convert_travel_day_to_stay","Geneva, Switzerland","Lucerne, Switzerland",21,summer,6,culture_food,0.1,0.4,0.3,0.2,78.1789143,85.5212167,7.3423025,89.5678032,-4.0465864,0.6170635,0.870283,0.2532195,0.9424603,-0.0721773,0.984127,0.968254,-0.015873,0.984127,-0.015873,0.7692308,0.6923077,-0.0769231,0.7692308,-0.0769231,0.7005199,0.6850622,-0.0154577,0.7005199,-0.0154577,1.0,0.9996001,-0.0003999,1.0,-0.0003999,0.9785148,1.0,0.0214852,0.9785148,0.0214852,0.9761905,0.9761905,0.0,0.9761905,0.0,1.201155,-
4,rebalance_label_gap,1|2|3,"substitute_pois,insert_new_city,convert_travel_day_to_stay","Geneva, Switzerland","Lucerne, Switzerland",21,summer,10,balanced,0.25,0.25,0.25,0.25,74.786472,80.6807844,5.8943124,87.1940507,-6.5132662,0.5355191,0.7103825,0.1748634,0.8701657,-0.1597832,0.9619048,0.9619048,0.0,0.9666667,-0.0047619,0.7692308,0.7692308,0.0,0.8461538,-0.0769231,0.6828813,0.6828813,0.0,0.6832156,-0.0003343,1.0,1.0,0.0,0.9996728,0.0003272,0.9785148,0.9452384,-0.0332765,0.8840055,0.0612328,0.9880952,0.9761905,-0.0119048,0.9761905,0.0,2.536286,-
4,rebalance_label_gap,1|2|3,"substitute_pois,insert_new_city,convert_travel_day_to_stay","Geneva, Switzerland","Lucerne, Switzerland",21,summer,10,nature_food,0.4,0.2,0.3,0.3,76.4988297,87.7400237,11.2411941,88.6470527,-0.907029,0.5939227,0.9236111,0.3296885,0.9430556,-0.0194444,0.952381,0.947619,-0.0047619,0.947619,0.0,0.7692308,0.7692308,0.0,0.7692308,0.0,0.6742556,0.6742556,0.0,0.6742556,0.0,1.0,1.0,0.0,1.0,0.0,0.9785148,0.9570297,-0.0214852,0.9785148,-0.0214852,0.9761905,0.952381,-0.0238095,0.9761905,-0.0238095,4.541079,-
4,rebalance_label_gap,1|2|3,"substitute_pois,insert_new_city,convert_travel_day_to_stay","Geneva, Switzerland","Lucerne, Switzerland",21,summer,10,culture_food,0.1,0.4,0.3,0.2,71.8950987,81.9283724,10.0332737,87.4763796,-5.5480072,0.5648148,0.8211051,0.2562903,0.9796196,-0.1585145,0.9428571,0.9666667,0.0238095,0.9666667,0.0,0.6923077,0.7692308,0.0769231,0.7692308,0.0,0.7049855,0.6921866,-0.0127989,0.6921866,0.0,0.7143373,0.7387764,0.0244391,0.7387764,0.0,1.0,0.9237532,-0.0762468,0.9237532,0.0,0.9761905,0.952381,-0.0238095,0.952381,0.0,3.203042,-
4,rebalance_label_gap,1|2|3,"substitute_pois,insert_new_city,convert_travel_day_to_stay","Interlaken, Switzerland","St. Moritz, Switzerland",21,winter,6,balanced,0.25,0.25,0.25,0.25,73.3340951,83.3325319,9.9984367,85.8887117,-2.5561798,0.6373626,0.8932584,0.2558958,0.9662921,-0.0730337,0.8730159,0.8650794,-0.0079365,0.8650794,0.0,0.6923077,0.7692308,0.0769231,0.7692308,0.0,0.7082158,0.710472,0.0022562,0.710472,0.0,0.7101884,0.7349135,0.0247251,0.7349135,0.0,1.0,0.9452384,-0.0547616,0.9452384,0.0,0.9642857,0.9642857,0.0,0.9642857,0.0,1.626037,-
4,rebalance_label_gap,1|2|3,"substitute_pois,insert_new_city,convert_travel_day_to_stay","Interlaken, Switzerland","St. Moritz, Switzerland",21,winter,6,nature_food,0.4,0.2,0.3,0.3,74.778905,76.9494845,2.1705795,81.6998729,-4.7503884,0.6704545,0.6744186,0.0039641,0.8372093,-0.1627907,0.8333333,0.8412698,0.0079365,0.8333333,0.0079365,0.6153846,0.7692308,0.1538462,0.6923077,0.0769231,0.7242309,0.7305377,0.0063068,0.7305111,2.67e-05,0.8956858,0.9156395,0.0199538,0.9067169,0.0089226,1.0,0.8621916,-0.1378084,0.9452384,-0.0830468,0.952381,0.952381,0.0,0.952381,0.0,0.846978,-
4,rebalance_label_gap,1|2|3,"substitute_pois,insert_new_city,convert_travel_day_to_stay","Interlaken, Switzerland","St. Moritz, Switzerland",21,winter,6,culture_food,0.1,0.4,0.3,0.2,73.8005965,81.3732937,7.5726972,84.1983969,-2.8251032,0.6258091,0.8257212,0.1999121,0.829344,-0.0036228,0.9761905,0.9761905,0.0,0.9285714,0.047619,0.6923077,0.6923077,0.0,0.9230769,-0.2307692,0.7105673,0.7050146,-0.0055527,0.7122863,-0.0072717,0.6437771,0.7096836,0.0659065,0.7260522,-0.0163687,0.9785148,0.9785148,0.0,0.9022681,0.0762468,0.9761905,0.9761905,0.0,0.9880952,-0.0119048,1.769838,-
4,rebalance_label_gap,1|2|3,"substitute_pois,insert_new_city,convert_travel_day_to_stay","Interlaken, Switzerland","St. Moritz, Switzerland",21,winter,10,balanced,0.25,0.25,0.25,0.25,69.130474,72.1453426,3.0148686,79.5660411,-7.4206985,0.4886364,0.5795455,0.0909091,0.7976879,-0.2181424,0.9333333,0.9333333,0.0,0.9190476,0.0142857,0.8461538,0.8461538,0.0,0.8461538,0.0,0.6914736,0.6914736,0.0,0.6914736,0.0,0.5071216,0.5071216,0.0,0.5071216,0.0,0.9785148,0.9570297,-0.0214852,0.9570297,0.0,1.0,0.9880952,-0.0119048,0.9880952,0.0,0.508201,-
4,rebalance_label_gap,1|2|3,"substitute_pois,insert_new_city,convert_travel_day_to_stay","Interlaken, Switzerland","St. Moritz, Switzerland",21,winter,10,nature_food,0.4,0.2,0.3,0.3,78.3815549,85.4475728,7.0660179,87.9118062,-2.4642334,0.6524725,0.8757062,0.2232337,0.941092,-0.0653857,0.9666667,0.952381,-0.0142857,0.9285714,0.0238095,0.7692308,0.8461538,0.0769231,0.7692308,0.0769231,0.7150199,0.7237791,0.0087592,0.7150199,0.0087592,0.884078,0.7296479,-0.1544301,0.884078,-0.1544301,1.0,0.9452384,-0.0547616,1.0,-0.0547616,0.9880952,0.9880952,0.0,0.9880952,0.0,0.772333,-
4,rebalance_label_gap,1|2|3,"substitute_pois,insert_new_city,convert_travel_day_to_stay","Interlaken, Switzerland","St. Moritz, Switzerland",21,winter,10,culture_food,0.1,0.4,0.3,0.2,70.5369496,83.996211,13.4592613,84.2505714,-0.2543605,0.4976592,0.8703973,0.3727381,0.8776647,-0.0072674,0.9333333,0.8952381,-0.0380952,0.8952381,0.0,0.7692308,0.6923077,-0.0769231,0.6923077,0.0,0.7331111,0.7451411,0.01203,0.7451411,0.0,0.6810225,0.8720574,0.191035,0.8720574,0.0,0.9785148,1.0,0.0214852,1.0,0.0,0.9761905,0.9642857,-0.0119048,0.9642857,0.0,2.45122,-
4,rebalance_label_gap,1|2|3,"substitute_pois,insert_new_city,convert_travel_day_to_stay","Zurich, Switzerland","Zurich, Switzerland",21,winter,6,balanced,0.25,0.25,0.25,0.25,76.6274564,76.6274564,0.0,76.6274564,0.0,0.7079208,0.7079208,0.0,0.7079208,0.0,0.952381,0.952381,0.0,0.952381,0.0,0.6923077,0.6923077,0.0,0.6923077,0.0,0.677601,0.677601,0.0,0.677601,0.0,0.7075408,0.7075408,0.0,0.7075408,0.0,1.0,1.0,0.0,1.0,0.0,0.9880952,0.9880952,0.0,0.9880952,0.0,0.491864,-
4,rebalance_label_gap,1|2|3,"substitute_pois,insert_new_city,convert_travel_day_to_stay","Zurich, Switzerland","Zurich, Switzerland",21,winter,6,nature_food,0.4,0.2,0.3,0.3,64.0843744,64.0843744,0.0,64.0843744,0.0,0.5331633,0.5331633,0.0,0.5331633,0.0,0.9603175,0.9603175,0.0,0.9603175,0.0,0.6923077,0.6923077,0.0,0.6923077,0.0,0.6632297,0.6632297,0.0,0.6632297,0.0,0.074536,0.074536,0.0,0.074536,0.0,1.0,1.0,0.0,1.0,0.0,0.9880952,0.9880952,0.0,0.9880952,0.0,0.419697,-
4,rebalance_label_gap,1|2|3,"substitute_pois,insert_new_city,convert_travel_day_to_stay","Zurich, Switzerland","Zurich, Switzerland",21,winter,6,culture_food,0.1,0.4,0.3,0.2,76.5031622,76.5031622,0.0,76.5031622,0.0,0.54375,0.54375,0.0,0.54375,0.0,0.9761905,0.9761905,0.0,0.9761905,0.0,0.7692308,0.7692308,0.0,0.7692308,0.0,0.7605358,0.7605358,0.0,0.7605358,0.0,0.9989982,0.9989982,0.0,0.9989982,0.0,0.9785148,0.9785148,0.0,0.9785148,0.0,1.0,1.0,0.0,1.0,0.0,0.347021,-
4,rebalance_label_gap,1|2|3,"substitute_pois,insert_new_city,convert_travel_day_to_stay","Zurich, Switzerland","Zurich, Switzerland",21,winter,10,balanced,0.25,0.25,0.25,0.25,69.9835491,69.9835491,0.0,69.9835491,0.0,0.5444444,0.5444444,0.0,0.5444444,0.0,0.9571429,0.9571429,0.0,0.9571429,0.0,0.7692308,0.7692308,0.0,0.7692308,0.0,0.7022242,0.7022242,0.0,0.7022242,0.0,0.4606451,0.4606451,0.0,0.4606451,0.0,0.9785148,0.9785148,0.0,0.9785148,0.0,1.0,1.0,0.0,1.0,0.0,0.521765,-
4,rebalance_label_gap,1|2|3,"substitute_pois,insert_new_city,convert_travel_day_to_stay","Zurich, Switzerland","Zurich, Switzerland",21,winter,10,nature_food,0.4,0.2,0.3,0.3,81.0445848,81.0445848,0.0,81.0445848,0.0,0.7156593,0.7156593,0.0,0.7156593,0.0,0.9666667,0.9666667,0.0,0.9666667,0.0,0.6923077,0.6923077,0.0,0.6923077,0.0,0.7454957,0.7454957,0.0,0.7454957,0.0,0.9988981,0.9988981,0.0,0.9988981,0.0,1.0,1.0,0.0,1.0,0.0,0.9880952,0.9880952,0.0,0.9880952,0.0,0.557264,-
4,rebalance_label_gap,1|2|3,"substitute_pois,insert_new_city,convert_travel_day_to_stay","Zurich, Switzerland","Zurich, Switzerland",21,winter,10,culture_food,0.1,0.4,0.3,0.2,68.330315,68.330315,0.0,68.330315,0.0,0.4491525,0.4491525,0.0,0.4491525,0.0,0.9380952,0.9380952,0.0,0.9380952,0.0,0.6923077,0.6923077,0.0,0.6923077,0.0,0.7848749,0.7848749,0.0,0.7848749,0.0,0.6440332,0.6440332,0.0,0.6440332,0.0,1.0,1.0,0.0,1.0,0.0,0.9880952,0.9880952,0.0,0.9880952,0.0,0.485485,-
4,rebalance_label_gap,1|2|3,"substitute_pois,insert_new_city,convert_travel_day_to_stay","Geneva, Switzerland","Lucerne, Switzerland",21,winter,6,balanced,0.25,0.25,0.25,0.25,73.7189897,83.2753064,9.5563167,86.0753064,-2.8,0.4951456,0.78,0.2848544,0.86,-0.08,0.9603175,0.9444444,-0.015873,0.9444444,0.0,0.7692308,0.7692308,0.0,0.7692308,0.0,0.7114762,0.7108689,-0.0006072,0.7108689,0.0,1.0,1.0,0.0,1.0,0.0,0.9785148,0.9452384,-0.0332765,0.9452384,0.0,0.9761905,0.9761905,0.0,0.9761905,0.0,1.045954,-
4,rebalance_label_gap,1|2|3,"substitute_pois,insert_new_city,convert_travel_day_to_stay","Geneva, Switzerland","Lucerne, Switzerland",21,winter,6,nature_food,0.4,0.2,0.3,0.3,68.8399083,72.4586664,3.618758,74.2086664,-1.75,0.5384615,0.6175,0.0790385,0.6675,-0.05,0.9920635,0.968254,-0.0238095,0.968254,0.0,0.7692308,0.8461538,0.0769231,0.8461538,0.0,0.7005199,0.6992507,-0.0012692,0.6992507,0.0,0.3126065,0.347462,0.0348555,0.347462,0.0,1.0,0.9452384,-0.0547616,0.9452384,0.0,0.9880952,0.9880952,0.0,0.9880952,0.0,1.304384,-
4,rebalance_label_gap,1|2|3,"substitute_pois,insert_new_city,convert_travel_day_to_stay","Geneva, Switzerland","Lucerne, Switzerland",21,winter,6,culture_food,0.1,0.4,0.3,0.2,72.7782237,74.8434004,2.0651767,81.7670221,-6.9236218,0.7083333,0.6005155,-0.1078179,0.9347643,-0.3342488,0.9444444,0.9047619,-0.0396825,0.9365079,-0.031746,0.6153846,0.6923077,0.0769231,0.6923077,0.0,0.7647311,0.703986,-0.0607451,0.7560453,-0.0520593,0.3415773,1.0,0.6584227,0.3848784,0.6151216,1.0,0.9452384,-0.0547616,0.9452384,0.0,0.9404762,0.9166667,-0.0238095,0.9404762,-0.0238095,0.430478,-
4,rebalance_label_gap,1|2|3,"substitute_pois,insert_new_city,convert_travel_day_to_stay","Geneva, Switzerland","Lucerne, Switzerland",21,winter,10,balanced,0.25,0.25,0.25,0.25,69.2168042,76.2110831,6.9942788,81.0383001,-4.827217,0.4555556,0.6506024,0.1950469,0.799435,-0.1488326,0.9428571,0.8761905,-0.0666667,0.9285714,-0.052381,0.7692308,0.6923077,-0.0769231,0.7692308,-0.0769231,0.6794159,0.6690382,-0.0103777,0.6794159,-0.0103777,0.7459326,0.9996001,0.2536675,0.7459326,0.2536675,1.0,1.0,0.0,1.0,0.0,0.9880952,0.9761905,-0.0119048,0.9880952,-0.0119048,1.288774,-
4,rebalance_label_gap,1|2|3,"substitute_pois,insert_new_city,convert_travel_day_to_stay","Geneva, Switzerland","Lucerne, Switzerland",21,winter,10,nature_food,0.4,0.2,0.3,0.3,75.3838318,83.4156527,8.0318209,83.9454391,-0.5297865,0.5095628,0.7472067,0.2376439,0.7684659,-0.0212592,0.9714286,0.952381,-0.0190476,0.9380952,0.0142857,0.8461538,0.8461538,0.0,0.8461538,0.0,0.6928548,0.6928548,0.0,0.6928548,0.0,1.0,1.0,0.0,1.0,0.0,0.9785148,0.9785148,0.0,0.9785148,0.0,1.0,1.0,0.0,1.0,0.0,2.005215,-
4,rebalance_label_gap,1|2|3,"substitute_pois,insert_new_city,convert_travel_day_to_stay","Geneva, Switzerland","Lucerne, Switzerland",21,winter,10,culture_food,0.1,0.4,0.3,0.2,69.403406,81.2382146,11.8348085,83.0174266,-1.779212,0.4842896,0.8326311,0.3483415,0.8875473,-0.0549163,0.9666667,0.9428571,-0.0238095,0.9333333,0.0095238,0.7692308,0.7692308,0.0,0.7692308,0.0,0.6684597,0.6684597,0.0,0.6684597,0.0,0.6447436,0.6447436,0.0,0.6447436,0.0,1.0,1.0,0.0,1.0,0.0,0.9880952,0.9880952,0.0,0.9880952,0.0,1.708533,-
