algorithm_id,algorithm,start_city,end_city,days,season,mtu,pref_label,nature,culture,food,sport,total_score,interest_matching,tu_utilization,city_visit_efficiency,geographic_coverage,long_travel_penalty,travel_streak_smoothness,stay_streak_smoothness,runtime_seconds,violations
1,route_planner_greedy:RoutePlanner,"Interlaken, Switzerland","St. Moritz, Switzerland",4,summer,6,balanced,0.25,0.25,0.25,0.25,59.8558425,0.3571429,0.9583333,0.6666667,0.8653888,1e-06,1.0,1.0,0.002988,-
2,route_planner_greedy_local:RoutePlanner,"Interlaken, Switzerland","St. Moritz, Switzerland",4,summer,6,balanced,0.25,0.25,0.25,0.25,76.2971085,0.7692308,0.9166667,1.0,0.8040351,9.98e-05,0.7125015,1.0,0.065858,-
3,route_planner:RoutePlanner,"Interlaken, Switzerland","St. Moritz, Switzerland",4,summer,6,balanced,0.25,0.25,0.25,0.25,82.6993707,1.0,0.9166667,0.6666667,0.9226514,0.0673586,0.8872029,1.0,0.114656,-
1,route_planner_greedy:RoutePlanner,"Interlaken, Switzerland","St. Moritz, Switzerland",4,summer,6,nature_sport,0.4,0.1,0.2,0.3,58.6058425,0.3214286,0.9583333,0.6666667,0.8653888,1e-06,1.0,1.0,0.002857,-
2,route_planner_greedy_local:RoutePlanner,"Interlaken, Switzerland","St. Moritz, Switzerland",4,summer,6,nature_sport,0.4,0.1,0.2,0.3,78.0572221,0.8055556,0.9583333,1.0,0.7949514,0.0001,0.7125015,1.0,0.095091,-
3,route_planner:RoutePlanner,"Interlaken, Switzerland","St. Moritz, Switzerland",4,summer,6,nature_sport,0.4,0.1,0.2,0.3,78.2049664,0.8518519,0.9583333,0.6666667,0.8290235,0.2143784,0.8872029,1.0,0.170284,-
1,route_planner_greedy:RoutePlanner,"Interlaken, Switzerland","St. Moritz, Switzerland",4,summer,6,culture_food,0.1,0.4,0.3,0.2,64.0683003,0.5238095,0.875,0.6666667,0.8406638,1e-06,1.0,1.0,0.002594,-
2,route_planner_greedy_local:RoutePlanner,"Interlaken, Switzerland","St. Moritz, Switzerland",4,summer,6,culture_food,0.1,0.4,0.3,0.2,76.8874496,0.7916667,0.875,1.0,0.7687228,0.0960767,0.7125015,1.0,0.048737,-
3,route_planner:RoutePlanner,"Interlaken, Switzerland","St. Moritz, Switzerland",4,summer,6,culture_food,0.1,0.4,0.3,0.2,76.8874496,0.7916667,0.875,1.0,0.7687228,0.0960767,0.7125015,1.0,0.086591,-
1,route_planner_greedy:RoutePlanner,"Interlaken, Switzerland","St. Moritz, Switzerland",4,summer,10,balanced,0.25,0.25,0.25,0.25,64.9014585,0.5,0.975,0.6666667,0.8517632,1e-06,1.0,1.0,0.031525,-
2,route_planner_greedy_local:RoutePlanner,"Interlaken, Switzerland","St. Moritz, Switzerland",4,summer,10,balanced,0.25,0.25,0.25,0.25,82.3739063,0.9,1.0,1.0,0.8206933,0.0001,0.7125015,1.0,0.366791,-
3,route_planner:RoutePlanner,"Interlaken, Switzerland","St. Moritz, Switzerland",4,summer,10,balanced,0.25,0.25,0.25,0.25,83.1993707,1.0,0.95,0.6666667,0.9226514,0.0673586,0.8872029,1.0,0.393354,-
1,route_planner_greedy:RoutePlanner,"Interlaken, Switzerland","St. Moritz, Switzerland",4,summer,10,nature_sport,0.4,0.1,0.2,0.3,74.6794114,0.8055556,0.925,0.6666667,0.8406638,1e-06,1.0,1.0,0.029933,-
2,route_planner_greedy_local:RoutePlanner,"Interlaken, Switzerland","St. Moritz, Switzerland",4,summer,10,nature_sport,0.4,0.1,0.2,0.3,77.5960781,0.8888889,0.925,0.6666667,0.8406638,1e-06,1.0,1.0,0.213264,-
3,route_planner:RoutePlanner,"Interlaken, Switzerland","St. Moritz, Switzerland",4,summer,10,nature_sport,0.4,0.1,0.2,0.3,77.5960781,0.8888889,0.925,0.6666667,0.8406638,1e-06,1.0,1.0,0.418598,-
1,route_planner_greedy:RoutePlanner,"Interlaken, Switzerland","St. Moritz, Switzerland",4,summer,10,culture_food,0.1,0.4,0.3,0.2,64.9571892,0.5277778,0.925,0.6666667,0.8406638,1e-06,1.0,1.0,0.046691,-
2,route_planner_greedy_local:RoutePlanner,"Interlaken, Switzerland","St. Moritz, Switzerland",4,summer,10,culture_food,0.1,0.4,0.3,0.2,86.5607544,0.8833333,0.8,1.0,0.8344499,0.7564832,0.7125015,1.0,0.414361,-
3,route_planner:RoutePlanner,"Interlaken, Switzerland","St. Moritz, Switzerland",4,summer,10,culture_food,0.1,0.4,0.3,0.2,86.5607544,0.8833333,0.8,1.0,0.8344499,0.7564832,0.7125015,1.0,0.457217,-
1,route_planner_greedy:RoutePlanner,"Zurich, Switzerland","Zurich, Switzerland",4,summer,6,balanced,0.25,0.25,0.25,0.25,58.0389605,0.3181818,1.0,0.3333333,0.4601731,1.0,1.0,1.0,0.004574,-
2,route_planner_greedy_local:RoutePlanner,"Zurich, Switzerland","Zurich, Switzerland",4,summer,6,balanced,0.25,0.25,0.25,0.25,58.0389605,0.3181818,1.0,0.3333333,0.4601731,1.0,1.0,1.0,0.042934,-
3,route_planner:RoutePlanner,"Zurich, Switzerland","Zurich, Switzerland",4,summer,6,balanced,0.25,0.25,0.25,0.25,58.0389605,0.3181818,1.0,0.3333333,0.4601731,1.0,1.0,1.0,0.047256,-
1,route_planner_greedy:RoutePlanner,"Zurich, Switzerland","Zurich, Switzerland",4,summer,6,nature_sport,0.4,0.1,0.2,0.3,67.9939435,0.5753968,1.0,0.3333333,0.5236703,1.0,1.0,1.0,0.00369,-
2,route_planner_greedy_local:RoutePlanner,"Zurich, Switzerland","Zurich, Switzerland",4,summer,6,nature_sport,0.4,0.1,0.2,0.3,67.9939435,0.5753968,1.0,0.3333333,0.5236703,1.0,1.0,1.0,0.026825,-
3,route_planner:RoutePlanner,"Zurich, Switzerland","Zurich, Switzerland",4,summer,6,nature_sport,0.4,0.1,0.2,0.3,67.9939435,0.5753968,1.0,0.3333333,0.5236703,1.0,1.0,1.0,0.031374,-
1,route_planner_greedy:RoutePlanner,"Zurich, Switzerland","Zurich, Switzerland",4,summer,6,culture_food,0.1,0.4,0.3,0.2,52.0217213,0.1190476,1.0,0.3333333,0.5236703,1.0,1.0,1.0,0.003772,-
2,route_planner_greedy_local:RoutePlanner,"Zurich, Switzerland","Zurich, Switzerland",4,summer,6,culture_food,0.1,0.4,0.3,0.2,52.0217213,0.1190476,1.0,0.3333333,0.5236703,1.0,1.0,1.0,0.047413,-
3,route_planner:RoutePlanner,"Zurich, Switzerland","Zurich, Switzerland",4,summer,6,culture_food,0.1,0.4,0.3,0.2,52.0217213,0.1190476,1.0,0.3333333,0.5236703,1.0,1.0,1.0,0.047042,-
1,route_planner_greedy:RoutePlanner,"Zurich, Switzerland","Zurich, Switzerland",4,summer,10,balanced,0.25,0.25,0.25,0.25,61.548244,0.3529412,0.95,0.3333333,0.6630202,1.0,1.0,1.0,0.038268,-
2,route_planner_greedy_local:RoutePlanner,"Zurich, Switzerland","Zurich, Switzerland",4,summer,10,balanced,0.25,0.25,0.25,0.25,61.548244,0.3529412,0.95,0.3333333,0.6630202,1.0,1.0,1.0,0.119299,-
3,route_planner:RoutePlanner,"Zurich, Switzerland","Zurich, Switzerland",4,summer,10,balanced,0.25,0.25,0.25,0.25,61.548244,0.3529412,0.95,0.3333333,0.6630202,1.0,1.0,1.0,0.172198,-
1,route_planner_greedy:RoutePlanner,"Zurich, Switzerland","Zurich, Switzerland",4,summer,10,nature_sport,0.4,0.1,0.2,0.3,67.2776791,0.537037,1.0,0.3333333,0.5654255,1.0,1.0,1.0,0.041644,-
2,route_planner_greedy_local:RoutePlanner,"Zurich, Switzerland","Zurich, Switzerland",4,summer,10,nature_sport,0.4,0.1,0.2,0.3,67.2776791,0.537037,1.0,0.3333333,0.5654255,1.0,1.0,1.0,0.129729,-
3,route_planner:RoutePlanner,"Zurich, Switzerland","Zurich, Switzerland",4,summer,10,nature_sport,0.4,0.1,0.2,0.3,67.2776791,0.537037,1.0,0.3333333,0.5654255,1.0,1.0,1.0,0.176966,-
1,route_planner_greedy:RoutePlanner,"Zurich, Switzerland","Zurich, Switzerland",4,summer,10,culture_food,0.1,0.4,0.3,0.2,64.6906732,0.4212963,1.0,0.3333333,0.6630202,1.0,1.0,1.0,0.038681,-
2,route_planner_greedy_local:RoutePlanner,"Zurich, Switzerland","Zurich, Switzerland",4,summer,10,culture_food,0.1,0.4,0.3,0.2,64.6906732,0.4212963,1.0,0.3333333,0.6630202,1.0,1.0,1.0,0.144316,-
3,route_planner:RoutePlanner,"Zurich, Switzerland","Zurich, Switzerland",4,summer,10,culture_food,0.1,0.4,0.3,0.2,64.6906732,0.4212963,1.0,0.3333333,0.6630202,1.0,1.0,1.0,0.130983,-
1,route_planner_greedy:RoutePlanner,"Geneva, Switzerland","Lucerne, Switzerland",4,summer,6,balanced,0.25,0.25,0.25,0.25,60.8887584,0.2941176,0.9166667,0.6666667,0.6030026,0.7799601,1.0,1.0,0.003522,-
2,route_planner_greedy_local:RoutePlanner,"Geneva, Switzerland","Lucerne, Switzerland",4,summer,6,balanced,0.25,0.25,0.25,0.25,71.8120923,0.4117647,0.9583333,1.0,0.6308547,1.0,0.7125015,1.0,0.069424,-
3,route_planner:RoutePlanner,"Geneva, Switzerland","Lucerne, Switzerland",4,summer,6,balanced,0.25,0.25,0.25,0.25,71.8120923,0.4117647,0.9583333,1.0,0.6308547,1.0,0.7125015,1.0,0.119171,-
1,route_planner_greedy:RoutePlanner,"Geneva, Switzerland","Lucerne, Switzerland",4,summer,6,nature_sport,0.4,0.1,0.2,0.3,71.0970918,0.5857843,0.9166667,0.6666667,0.6030026,0.7799601,1.0,1.0,0.003452,-
2,route_planner_greedy_local:RoutePlanner,"Geneva, Switzerland","Lucerne, Switzerland",4,summer,6,nature_sport,0.4,0.1,0.2,0.3,80.8118431,0.7638889,0.875,1.0,0.5943339,0.8473216,0.7125015,1.0,0.079326,-
3,route_planner:RoutePlanner,"Geneva, Switzerland","Lucerne, Switzerland",4,summer,6,nature_sport,0.4,0.1,0.2,0.3,80.8118431,0.7638889,0.875,1.0,0.5943339,0.8473216,0.7125015,1.0,0.143671,-
1,route_planner_greedy:RoutePlanner,"Geneva, Switzerland","Lucerne, Switzerland",4,summer,6,culture_food,0.1,0.4,0.3,0.2,69.3086832,0.5963542,1.0,1.0,0.6444301,0.0207329,0.7125015,1.0,0.003217,-
2,route_planner_greedy_local:RoutePlanner,"Geneva, Switzerland","Lucerne, Switzerland",4,summer,6,culture_food,0.1,0.4,0.3,0.2,75.6888915,0.7786458,1.0,1.0,0.6444301,0.0207329,0.7125015,1.0,0.057556,-
3,route_planner:RoutePlanner,"Geneva, Switzerland","Lucerne, Switzerland",4,summer,6,culture_food,0.1,0.4,0.3,0.2,80.8908708,0.7604167,1.0,0.6666667,0.6560182,1.0,0.8872029,1.0,0.172077,-
1,route_planner_greedy:RoutePlanner,"Geneva, Switzerland","Lucerne, Switzerland",4,summer,10,balanced,0.25,0.25,0.25,0.25,64.8825196,0.3939394,0.95,0.6666667,0.6030026,0.7799601,1.0,1.0,0.028885,-
2,route_planner_greedy_local:RoutePlanner,"Geneva, Switzerland","Lucerne, Switzerland",4,summer,10,balanced,0.25,0.25,0.25,0.25,78.7651571,0.6060606,0.975,1.0,0.6243686,1.0,0.7125015,1.0,0.259481,-
3,route_planner:RoutePlanner,"Geneva, Switzerland","Lucerne, Switzerland",4,summer,10,balanced,0.25,0.25,0.25,0.25,78.7651571,0.6060606,0.975,1.0,0.6243686,1.0,0.7125015,1.0,0.503706,-
1,route_planner_greedy:RoutePlanner,"Geneva, Switzerland","Lucerne, Switzerland",4,summer,10,nature_sport,0.4,0.1,0.2,0.3,77.7423681,0.7613636,0.95,0.6666667,0.6030026,0.7799601,1.0,1.0,0.028311,-
2,route_planner_greedy_local:RoutePlanner,"Geneva, Switzerland","Lucerne, Switzerland",4,summer,10,nature_sport,0.4,0.1,0.2,0.3,85.4571042,0.8421717,1.0,1.0,0.5963581,0.8473216,0.7125015,1.0,0.134938,-
3,route_planner:RoutePlanner,"Geneva, Switzerland","Lucerne, Switzerland",4,summer,10,nature_sport,0.4,0.1,0.2,0.3,85.4571042,0.8421717,1.0,1.0,0.5963581,0.8473216,0.7125015,1.0,0.238566,-
1,route_planner_greedy:RoutePlanner,"Geneva, Switzerland","Lucerne, Switzerland",4,summer,10,culture_food,0.1,0.4,0.3,0.2,70.4954378,0.3590686,1.0,1.0,0.6243686,1.0,0.7125015,1.0,0.027399,-
2,route_planner_greedy_local:RoutePlanner,"Geneva, Switzerland","Lucerne, Switzerland",4,summer,10,culture_food,0.1,0.4,0.3,0.2,89.7969084,0.9105392,1.0,1.0,0.6243686,1.0,0.7125015,1.0,0.407652,-
3,route_planner:RoutePlanner,"Geneva, Switzerland","Lucerne, Switzerland",4,summer,10,culture_food,0.1,0.4,0.3,0.2,89.7969084,0.9105392,1.0,1.0,0.6243686,1.0,0.7125015,1.0,0.715918,-
1,route_planner_greedy:RoutePlanner,"St. Moritz, Switzerland","St. Moritz, Switzerland",4,summer,6,balanced,0.25,0.25,0.25,0.25,54.0063488,0.3571429,0.8333333,0.3333333,0.64383,0.4348898,1.0,1.0,0.002171,-
2,route_planner_greedy_local:RoutePlanner,"St. Moritz, Switzerland","St. Moritz, Switzerland",4,summer,6,balanced,0.25,0.25,0.25,0.25,54.0063488,0.3571429,0.8333333,0.3333333,0.64383,0.4348898,1.0,1.0,0.017349,-
3,route_planner:RoutePlanner,"St. Moritz, Switzerland","St. Moritz, Switzerland",4,summer,6,balanced,0.25,0.25,0.25,0.25,54.0063488,0.3571429,0.8333333,0.3333333,0.64383,0.4348898,1.0,1.0,0.021905,-
1,route_planner_greedy:RoutePlanner,"St. Moritz, Switzerland","St. Moritz, Switzerland",4,summer,6,nature_sport,0.4,0.1,0.2,0.3,55.2199283,0.4166667,0.875,0.3333333,0.6567448,0.2660423,1.0,1.0,0.002686,-
2,route_planner_greedy_local:RoutePlanner,"St. Moritz, Switzerland","St. Moritz, Switzerland",4,summer,6,nature_sport,0.4,0.1,0.2,0.3,55.2199283,0.4166667,0.875,0.3333333,0.6567448,0.2660423,1.0,1.0,0.023233,-
3,route_planner:RoutePlanner,"St. Moritz, Switzerland","St. Moritz, Switzerland",4,summer,6,nature_sport,0.4,0.1,0.2,0.3,55.2199283,0.4166667,0.875,0.3333333,0.6567448,0.2660423,1.0,1.0,0.029835,-
1,route_planner_greedy:RoutePlanner,"St. Moritz, Switzerland","St. Moritz, Switzerland",4,summer,6,culture_food,0.1,0.4,0.3,0.2,58.6476307,0.5694444,0.875,0.3333333,0.6931839,0.0194317,1.0,1.0,0.003102,-
2,route_planner_greedy_local:RoutePlanner,"St. Moritz, Switzerland","St. Moritz, Switzerland",4,summer,6,culture_food,0.1,0.4,0.3,0.2,58.6476307,0.5694444,0.875,0.3333333,0.6931839,0.0194317,1.0,1.0,0.034222,-
3,route_planner:RoutePlanner,"St. Moritz, Switzerland","St. Moritz, Switzerland",4,summer,6,culture_food,0.1,0.4,0.3,0.2,58.6476307,0.5694444,0.875,0.3333333,0.6931839,0.0194317,1.0,1.0,0.031013,-
1,route_planner_greedy:RoutePlanner,"St. Moritz, Switzerland","St. Moritz, Switzerland",4,summer,10,balanced,0.25,0.25,0.25,0.25,57.7575627,0.4677419,0.925,0.3333333,0.6567448,0.2660423,1.0,1.0,0.036607,-
2,route_planner_greedy_local:RoutePlanner,"St. Moritz, Switzerland","St. Moritz, Switzerland",4,summer,10,balanced,0.25,0.25,0.25,0.25,57.7575627,0.4677419,0.925,0.3333333,0.6567448,0.2660423,1.0,1.0,0.23757,-
3,route_planner:RoutePlanner,"St. Moritz, Switzerland","St. Moritz, Switzerland",4,summer,10,balanced,0.25,0.25,0.25,0.25,57.7575627,0.4677419,0.925,0.3333333,0.6567448,0.2660423,1.0,1.0,0.120336,-
1,route_planner_greedy:RoutePlanner,"St. Moritz, Switzerland","St. Moritz, Switzerland",4,summer,10,nature_sport,0.4,0.1,0.2,0.3,68.537889,0.7126437,0.975,0.3333333,0.9313574,0.0,1.0,1.0,0.029799,-
2,route_planner_greedy_local:RoutePlanner,"St. Moritz, Switzerland","St. Moritz, Switzerland",4,summer,10,nature_sport,0.4,0.1,0.2,0.3,68.537889,0.7126437,0.975,0.3333333,0.9313574,0.0,1.0,1.0,0.086467,-
3,route_planner:RoutePlanner,"St. Moritz, Switzerland","St. Moritz, Switzerland",4,summer,10,nature_sport,0.4,0.1,0.2,0.3,68.537889,0.7126437,0.975,0.3333333,0.9313574,0.0,1.0,1.0,0.12853,-
1,route_planner_greedy:RoutePlanner,"St. Moritz, Switzerland","St. Moritz, Switzerland",4,summer,10,culture_food,0.1,0.4,0.3,0.2,62.7579944,0.639881,0.9,0.3333333,0.8284098,0.0,0.8872029,1.0,0.024451,-
2,route_planner_greedy_local:RoutePlanner,"St. Moritz, Switzerland","St. Moritz, Switzerland",4,summer,10,culture_food,0.1,0.4,0.3,0.2,62.7579944,0.639881,0.9,0.3333333,0.8284098,0.0,0.8872029,1.0,0.097677,-
3,route_planner:RoutePlanner,"St. Moritz, Switzerland","St. Moritz, Switzerland",4,summer,10,culture_food,0.1,0.4,0.3,0.2,62.7579944,0.639881,0.9,0.3333333,0.8284098,0.0,0.8872029,1.0,0.068492,-
1,route_planner_greedy:RoutePlanner,"Interlaken, Switzerland","St. Moritz, Switzerland",4,winter,6,balanced,0.25,0.25,0.25,0.25,71.3595364,0.6666667,0.9583333,0.6666667,0.8124204,0.1464897,1.0,1.0,0.002222,-
2,route_planner_greedy_local:RoutePlanner,"Interlaken, Switzerland","St. Moritz, Switzerland",4,winter,6,balanced,0.25,0.25,0.25,0.25,79.0523504,0.75,0.9583333,1.0,0.8278485,0.2447116,0.7125015,1.0,0.229759,-
3,route_planner:RoutePlanner,"Interlaken, Switzerland","St. Moritz, Switzerland",4,winter,6,balanced,0.25,0.25,0.25,0.25,84.1030564,0.75,0.9583333,1.0,0.8233812,0.7564832,0.7125015,1.0,0.569949,-
1,route_planner_greedy:RoutePlanner,"Interlaken, Switzerland","St. Moritz, Switzerland",4,winter,6,nature_sport,0.4,0.1,0.2,0.3,73.165573,0.6369048,1.0,1.0,0.8206933,0.0001,0.7125015,1.0,0.003362,-
2,route_planner_greedy_local:RoutePlanner,"Interlaken, Switzerland","St. Moritz, Switzerland",4,winter,6,nature_sport,0.4,0.1,0.2,0.3,73.165573,0.6369048,1.0,1.0,0.8206933,0.0001,0.7125015,1.0,0.049697,-
3,route_planner:RoutePlanner,"Interlaken, Switzerland","St. Moritz, Switzerland",4,winter,6,nature_sport,0.4,0.1,0.2,0.3,75.2072647,0.8177083,0.9583333,0.6666667,0.8517632,1e-06,0.8872029,1.0,0.051587,-
1,route_planner_greedy:RoutePlanner,"Interlaken, Switzerland","St. Moritz, Switzerland",4,winter,6,culture_food,0.1,0.4,0.3,0.2,55.7625696,0.2638889,0.9166667,0.6666667,0.8517632,1e-06,1.0,1.0,0.002207,-
2,route_planner_greedy_local:RoutePlanner,"Interlaken, Switzerland","St. Moritz, Switzerland",4,winter,6,culture_food,0.1,0.4,0.3,0.2,72.7080094,0.6041667,1.0,1.0,0.8666446,0.0,0.7125015,1.0,0.072189,-
3,route_planner:RoutePlanner,"Interlaken, Switzerland","St. Moritz, Switzerland",4,winter,6,culture_food,0.1,0.4,0.3,0.2,80.0,1.0,1.0,0.3333333,1.0,0.0,1.0,1.0,0.096421,-
1,route_planner_greedy:RoutePlanner,"Interlaken, Switzerland","St. Moritz, Switzerland",4,winter,10,balanced,0.25,0.25,0.25,0.25,62.0211186,0.4705882,0.975,0.6666667,0.728368,1e-06,1.0,1.0,0.011188,-
2,route_planner_greedy_local:RoutePlanner,"Interlaken, Switzerland","St. Moritz, Switzerland",4,winter,10,balanced,0.25,0.25,0.25,0.25,85.999282,1.0,0.95,1.0,0.6938589,0.2778891,0.7125015,1.0,0.189662,-
3,route_planner:RoutePlanner,"Interlaken, Switzerland","St. Moritz, Switzerland",4,winter,10,balanced,0.25,0.25,0.25,0.25,81.624282,0.875,0.95,1.0,0.6938589,0.2778891,0.7125015,1.0,0.239997,-
1,route_planner_greedy:RoutePlanner,"Interlaken, Switzerland","St. Moritz, Switzerland",4,winter,10,nature_sport,0.4,0.1,0.2,0.3,72.1683425,0.7232143,0.925,0.6666667,0.8653888,1e-06,1.0,1.0,0.012852,-
2,route_planner_greedy_local:RoutePlanner,"Interlaken, Switzerland","St. Moritz, Switzerland",4,winter,10,nature_sport,0.4,0.1,0.2,0.3,81.4773345,0.8996914,0.875,1.0,0.8344499,0.0783881,0.7125015,1.0,0.196733,-
3,route_planner:RoutePlanner,"Interlaken, Switzerland","St. Moritz, Switzerland",4,winter,10,nature_sport,0.4,0.1,0.2,0.3,81.4773345,0.8996914,0.875,1.0,0.8344499,0.0783881,0.7125015,1.0,0.298351,-
1,route_planner_greedy:RoutePlanner,"Interlaken, Switzerland","St. Moritz, Switzerland",4,winter,10,culture_food,0.1,0.4,0.3,0.2,67.9250711,0.5911458,0.975,0.6666667,0.8406638,1e-06,1.0,1.0,0.017494,-
2,route_planner_greedy_local:RoutePlanner,"Interlaken, Switzerland","St. Moritz, Switzerland",4,winter,10,culture_food,0.1,0.4,0.3,0.2,78.769867,0.8363095,0.925,1.0,0.8040351,0.0001,0.7125015,1.0,0.31256,-
3,route_planner:RoutePlanner,"Interlaken, Switzerland","St. Moritz, Switzerland",4,winter,10,culture_food,0.1,0.4,0.3,0.2,78.769867,0.8363095,0.925,1.0,0.8040351,0.0001,0.7125015,1.0,0.391028,-
1,route_planner_greedy:RoutePlanner,"Zurich, Switzerland","Zurich, Switzerland",4,winter,6,balanced,0.25,0.25,0.25,0.25,57.9442635,0.3333333,0.9583333,0.3333333,0.4601731,1.0,1.0,1.0,0.003866,-
2,route_planner_greedy_local:RoutePlanner,"Zurich, Switzerland","Zurich, Switzerland",4,winter,6,balanced,0.25,0.25,0.25,0.25,57.9442635,0.3333333,0.9583333,0.3333333,0.4601731,1.0,1.0,1.0,0.040664,-
3,route_planner:RoutePlanner,"Zurich, Switzerland","Zurich, Switzerland",4,winter,6,balanced,0.25,0.25,0.25,0.25,57.9442635,0.3333333,0.9583333,0.3333333,0.4601731,1.0,1.0,1.0,0.048507,-
1,route_planner_greedy:RoutePlanner,"Zurich, Switzerland","Zurich, Switzerland",4,winter,6,nature_sport,0.4,0.1,0.2,0.3,66.7161362,0.4791667,1.0,0.3333333,0.6630202,1.0,1.0,1.0,0.002604,-
2,route_planner_greedy_local:RoutePlanner,"Zurich, Switzerland","Zurich, Switzerland",4,winter,6,nature_sport,0.4,0.1,0.2,0.3,66.7161362,0.4791667,1.0,0.3333333,0.6630202,1.0,1.0,1.0,0.022324,-
3,route_planner:RoutePlanner,"Zurich, Switzerland","Zurich, Switzerland",4,winter,6,nature_sport,0.4,0.1,0.2,0.3,66.7161362,0.4791667,1.0,0.3333333,0.6630202,1.0,1.0,1.0,0.036918,-
1,route_planner_greedy:RoutePlanner,"Zurich, Switzerland","Zurich, Switzerland",4,winter,6,culture_food,0.1,0.4,0.3,0.2,68.9036362,0.5416667,1.0,0.3333333,0.6630202,1.0,1.0,1.0,0.004617,-
2,route_planner_greedy_local:RoutePlanner,"Zurich, Switzerland","Zurich, Switzerland",4,winter,6,culture_food,0.1,0.4,0.3,0.2,68.9036362,0.5416667,1.0,0.3333333,0.6630202,1.0,1.0,1.0,0.049944,-
3,route_planner:RoutePlanner,"Zurich, Switzerland","Zurich, Switzerland",4,winter,6,culture_food,0.1,0.4,0.3,0.2,68.9036362,0.5416667,1.0,0.3333333,0.6630202,1.0,1.0,1.0,0.046175,-
1,route_planner_greedy:RoutePlanner,"Zurich, Switzerland","Zurich, Switzerland",4,winter,10,balanced,0.25,0.25,0.25,0.25,77.3310389,0.7647059,0.975,0.6666667,0.4919217,1.0,0.7125015,1.0,0.016142,-
2,route_planner_greedy_local:RoutePlanner,"Zurich, Switzerland","Zurich, Switzerland",4,winter,10,balanced,0.25,0.25,0.25,0.25,77.3310389,0.7647059,0.975,0.6666667,0.4919217,1.0,0.7125015,1.0,0.107166,-
3,route_planner:RoutePlanner,"Zurich, Switzerland","Zurich, Switzerland",4,winter,10,balanced,0.25,0.25,0.25,0.25,77.3310389,0.7647059,0.975,0.6666667,0.4919217,1.0,0.7125015,1.0,0.0903,-
1,route_planner_greedy:RoutePlanner,"Zurich, Switzerland","Zurich, Switzerland",4,winter,10,nature_sport,0.4,0.1,0.2,0.3,71.068784,0.5857843,0.975,0.6666667,0.4919217,1.0,0.7125015,1.0,0.012873,-
2,route_planner_greedy_local:RoutePlanner,"Zurich, Switzerland","Zurich, Switzerland",4,winter,10,nature_sport,0.4,0.1,0.2,0.3,71.068784,0.5857843,0.975,0.6666667,0.4919217,1.0,0.7125015,1.0,0.063146,-
3,route_planner:RoutePlanner,"Zurich, Switzerland","Zurich, Switzerland",4,winter,10,nature_sport,0.4,0.1,0.2,0.3,71.068784,0.5857843,0.975,0.6666667,0.4919217,1.0,0.7125015,1.0,0.080373,-
1,route_planner_greedy:RoutePlanner,"Zurich, Switzerland","Zurich, Switzerland",4,winter,10,culture_food,0.1,0.4,0.3,0.2,57.2590284,0.2303922,0.95,0.3333333,0.6630202,1.0,1.0,1.0,0.012129,-
2,route_planner_greedy_local:RoutePlanner,"Zurich, Switzerland","Zurich, Switzerland",4,winter,10,culture_food,0.1,0.4,0.3,0.2,57.2590284,0.2303922,0.95,0.3333333,0.6630202,1.0,1.0,1.0,0.049777,-
3,route_planner:RoutePlanner,"Zurich, Switzerland","Zurich, Switzerland",4,winter,10,culture_food,0.1,0.4,0.3,0.2,57.2590284,0.2303922,0.95,0.3333333,0.6630202,1.0,1.0,1.0,0.058186,-
1,route_planner_greedy:RoutePlanner,"Geneva, Switzerland","Lucerne, Switzerland",4,winter,6,balanced,0.25,0.25,0.25,0.25,61.0551671,0.2631579,1.0,0.6666667,0.6030026,0.7799601,1.0,1.0,0.002305,-
2,route_planner_greedy_local:RoutePlanner,"Geneva, Switzerland","Lucerne, Switzerland",4,winter,6,balanced,0.25,0.25,0.25,0.25,68.723857,0.3235294,0.9583333,1.0,0.6308547,1.0,0.7125015,1.0,0.053395,-
3,route_planner:RoutePlanner,"Geneva, Switzerland","Lucerne, Switzerland",4,winter,6,balanced,0.25,0.25,0.25,0.25,71.7148006,0.4117647,0.9583333,1.0,0.6243686,1.0,0.7125015,1.0,0.10241,-
1,route_planner_greedy:RoutePlanner,"Geneva, Switzerland","Lucerne, Switzerland",4,winter,6,nature_sport,0.4,0.1,0.2,0.3,76.8206766,0.5109649,1.0,1.0,0.6916265,1.0,0.7125015,1.0,0.002841,-
2,route_planner_greedy_local:RoutePlanner,"Geneva, Switzerland","Lucerne, Switzerland",4,winter,6,nature_sport,0.4,0.1,0.2,0.3,76.8206766,0.5109649,1.0,1.0,0.6916265,1.0,0.7125015,1.0,0.024486,-
3,route_planner:RoutePlanner,"Geneva, Switzerland","Lucerne, Switzerland",4,winter,6,nature_sport,0.4,0.1,0.2,0.3,76.8206766,0.5109649,1.0,1.0,0.6916265,1.0,0.7125015,1.0,0.073876,-
1,route_planner_greedy:RoutePlanner,"Geneva, Switzerland","Lucerne, Switzerland",4,winter,6,culture_food,0.1,0.4,0.3,0.2,65.5069215,0.3903509,1.0,0.6666667,0.6030026,0.7799601,1.0,1.0,0.008784,-
2,route_planner_greedy_local:RoutePlanner,"Geneva, Switzerland","Lucerne, Switzerland",4,winter,6,culture_food,0.1,0.4,0.3,0.2,71.3716633,0.4019608,0.9583333,1.0,0.6243686,1.0,0.7125015,1.0,0.08566,-
3,route_planner:RoutePlanner,"Geneva, Switzerland","Lucerne, Switzerland",4,winter,6,culture_food,0.1,0.4,0.3,0.2,71.3716633,0.4019608,0.9583333,1.0,0.6243686,1.0,0.7125015,1.0,0.10183,-
1,route_planner_greedy:RoutePlanner,"Geneva, Switzerland","Lucerne, Switzerland",4,winter,10,balanced,0.25,0.25,0.25,0.25,63.4652729,0.2571429,0.975,0.6666667,0.6560182,1.0,1.0,1.0,0.008334,-
2,route_planner_greedy_local:RoutePlanner,"Geneva, Switzerland","Lucerne, Switzerland",4,winter,10,balanced,0.25,0.25,0.25,0.25,74.4222497,0.483871,0.9,1.0,0.6949506,1.0,0.7125015,1.0,0.156753,-
3,route_planner:RoutePlanner,"Geneva, Switzerland","Lucerne, Switzerland",4,winter,10,balanced,0.25,0.25,0.25,0.25,74.2104455,0.5625,0.95,1.0,0.7229611,0.5866022,0.7125015,1.0,0.282736,-
1,route_planner_greedy:RoutePlanner,"Geneva, Switzerland","Lucerne, Switzerland",4,winter,10,nature_sport,0.4,0.1,0.2,0.3,62.0901958,0.375,0.975,0.6666667,0.5678249,0.5822822,1.0,1.0,0.007335,-
2,route_planner_greedy_local:RoutePlanner,"Geneva, Switzerland","Lucerne, Switzerland",4,winter,10,nature_sport,0.4,0.1,0.2,0.3,75.607824,0.5366162,0.95,1.0,0.6009167,1.0,0.7125015,1.0,0.097224,-
3,route_planner:RoutePlanner,"Geneva, Switzerland","Lucerne, Switzerland",4,winter,10,nature_sport,0.4,0.1,0.2,0.3,75.607824,0.5366162,0.95,1.0,0.6009167,1.0,0.7125015,1.0,0.120674,-
1,route_planner_greedy:RoutePlanner,"Geneva, Switzerland","Lucerne, Switzerland",4,winter,10,culture_food,0.1,0.4,0.3,0.2,58.3323859,0.1960784,0.975,0.6666667,0.6030026,0.7799601,1.0,1.0,0.008007,-
2,route_planner_greedy_local:RoutePlanner,"Geneva, Switzerland","Lucerne, Switzerland",4,winter,10,culture_food,0.1,0.4,0.3,0.2,77.5738692,0.6041667,0.9,1.0,0.6243686,1.0,0.7125015,1.0,0.13942,-
3,route_planner:RoutePlanner,"Geneva, Switzerland","Lucerne, Switzerland",4,winter,10,culture_food,0.1,0.4,0.3,0.2,77.5738692,0.6041667,0.9,1.0,0.6243686,1.0,0.7125015,1.0,0.186833,-
1,route_planner_greedy:RoutePlanner,"St. Moritz, Switzerland","St. Moritz, Switzerland",4,winter,6,balanced,0.25,0.25,0.25,0.25,60.2563488,0.5,0.9166667,0.3333333,0.64383,0.4348898,1.0,1.0,0.001525,-
2,route_planner_greedy_local:RoutePlanner,"St. Moritz, Switzerland","St. Moritz, Switzerland",4,winter,6,balanced,0.25,0.25,0.25,0.25,60.2563488,0.5,0.9166667,0.3333333,0.64383,0.4348898,1.0,1.0,0.029747,-
3,route_planner:RoutePlanner,"St. Moritz, Switzerland","St. Moritz, Switzerland",4,winter,6,balanced,0.25,0.25,0.25,0.25,60.2563488,0.5,0.9166667,0.3333333,0.64383,0.4348898,1.0,1.0,0.030503,-
1,route_planner_greedy:RoutePlanner,"St. Moritz, Switzerland","St. Moritz, Switzerland",4,winter,6,nature_sport,0.4,0.1,0.2,0.3,54.2826543,0.3076923,0.9583333,0.3333333,0.9425616,0.0,1.0,1.0,0.001761,-
2,route_planner_greedy_local:RoutePlanner,"St. Moritz, Switzerland","St. Moritz, Switzerland",4,winter,6,nature_sport,0.4,0.1,0.2,0.3,54.2826543,0.3076923,0.9583333,0.3333333,0.9425616,0.0,1.0,1.0,0.01598,-
3,route_planner:RoutePlanner,"St. Moritz, Switzerland","St. Moritz, Switzerland",4,winter,6,nature_sport,0.4,0.1,0.2,0.3,54.2826543,0.3076923,0.9583333,0.3333333,0.9425616,0.0,1.0,1.0,0.017648,-
1,route_planner_greedy:RoutePlanner,"St. Moritz, Switzerland","St. Moritz, Switzerland",4,winter,6,culture_food,0.1,0.4,0.3,0.2,55.7396903,0.5,0.875,0.3333333,0.689931,0.0329711,0.8872029,1.0,0.001166,-
2,route_planner_greedy_local:RoutePlanner,"St. Moritz, Switzerland","St. Moritz, Switzerland",4,winter,6,culture_food,0.1,0.4,0.3,0.2,55.7396903,0.5,0.875,0.3333333,0.689931,0.0329711,0.8872029,1.0,0.018598,-
3,route_planner:RoutePlanner,"St. Moritz, Switzerland","St. Moritz, Switzerland",4,winter,6,culture_food,0.1,0.4,0.3,0.2,55.7396903,0.5,0.875,0.3333333,0.689931,0.0329711,0.8872029,1.0,0.019738,-
1,route_planner_greedy:RoutePlanner,"St. Moritz, Switzerland","St. Moritz, Switzerland",4,winter,10,balanced,0.25,0.25,0.25,0.25,59.658576,0.4444444,0.975,0.3333333,0.9652014,0.0,1.0,1.0,0.006148,-
2,route_planner_greedy_local:RoutePlanner,"St. Moritz, Switzerland","St. Moritz, Switzerland",4,winter,10,balanced,0.25,0.25,0.25,0.25,59.658576,0.4444444,0.975,0.3333333,0.9652014,0.0,1.0,1.0,0.028532,-
3,route_planner:RoutePlanner,"St. Moritz, Switzerland","St. Moritz, Switzerland",4,winter,10,balanced,0.25,0.25,0.25,0.25,59.658576,0.4444444,0.975,0.3333333,0.9652014,0.0,1.0,1.0,0.031933,-
1,route_planner_greedy:RoutePlanner,"St. Moritz, Switzerland","St. Moritz, Switzerland",4,winter,10,nature_sport,0.4,0.1,0.2,0.3,68.2016418,0.7822581,0.925,0.3333333,0.6567448,0.2660423,0.8872029,1.0,0.005009,-
2,route_planner_greedy_local:RoutePlanner,"St. Moritz, Switzerland","St. Moritz, Switzerland",4,winter,10,nature_sport,0.4,0.1,0.2,0.3,68.2016418,0.7822581,0.925,0.3333333,0.6567448,0.2660423,0.8872029,1.0,0.019487,-
3,route_planner:RoutePlanner,"St. Moritz, Switzerland","St. Moritz, Switzerland",4,winter,10,nature_sport,0.4,0.1,0.2,0.3,68.2016418,0.7822581,0.925,0.3333333,0.6567448,0.2660423,0.8872029,1.0,0.023665,-
1,route_planner_greedy:RoutePlanner,"St. Moritz, Switzerland","St. Moritz, Switzerland",4,winter,10,culture_food,0.1,0.4,0.3,0.2,62.3591933,0.5216049,0.975,0.3333333,0.9652014,0.0,1.0,1.0,0.005852,-
2,route_planner_greedy_local:RoutePlanner,"St. Moritz, Switzerland","St. Moritz, Switzerland",4,winter,10,culture_food,0.1,0.4,0.3,0.2,62.3591933,0.5216049,0.975,0.3333333,0.9652014,0.0,1.0,1.0,0.028136,-
3,route_planner:RoutePlanner,"St. Moritz, Switzerland","St. Moritz, Switzerland",4,winter,10,culture_food,0.1,0.4,0.3,0.2,62.3591933,0.5216049,0.975,0.3333333,0.9652014,0.0,1.0,1.0,0.031827,-
1,route_planner_greedy:RoutePlanner,"Interlaken, Switzerland","St. Moritz, Switzerland",9,summer,6,balanced,0.25,0.25,0.25,0.25,69.1572952,0.6153846,0.962963,0.8333333,0.725686,0.003976,0.949868,1.0,0.008408,-
2,route_planner_greedy_local:RoutePlanner,"Interlaken, Switzerland","St. Moritz, Switzerland",9,summer,6,balanced,0.25,0.25,0.25,0.25,76.3367824,0.8205128,0.962963,0.8333333,0.725686,0.003976,0.949868,1.0,0.185471,-
3,route_planner:RoutePlanner,"Interlaken, Switzerland","St. Moritz, Switzerland",9,summer,6,balanced,0.25,0.25,0.25,0.25,81.8181263,0.9,0.962963,0.8333333,0.7894744,0.2170451,0.8722229,1.0,0.786252,-
1,route_planner_greedy:RoutePlanner,"Interlaken, Switzerland","St. Moritz, Switzerland",9,summer,6,nature_sport,0.4,0.1,0.2,0.3,68.8372694,0.5833333,0.962963,0.8333333,0.7792768,0.0037667,0.949868,1.0,0.007292,-
2,route_planner_greedy_local:RoutePlanner,"Interlaken, Switzerland","St. Moritz, Switzerland",9,summer,6,nature_sport,0.4,0.1,0.2,0.3,75.5916554,0.7763158,0.962963,0.8333333,0.7792768,0.0037667,0.949868,1.0,0.319127,-
3,route_planner:RoutePlanner,"Interlaken, Switzerland","St. Moritz, Switzerland",9,summer,6,nature_sport,0.4,0.1,0.2,0.3,90.437748,1.0,0.9444444,0.8333333,0.7702898,0.8458231,0.7794783,0.9722222,1.499605,-
1,route_planner_greedy:RoutePlanner,"Interlaken, Switzerland","St. Moritz, Switzerland",9,summer,6,culture_food,0.1,0.4,0.3,0.2,71.732932,0.6898148,0.9074074,0.8333333,0.7792768,0.0039811,0.949868,1.0,0.006878,-
2,route_planner_greedy_local:RoutePlanner,"Interlaken, Switzerland","St. Moritz, Switzerland",9,summer,6,culture_food,0.1,0.4,0.3,0.2,79.7537653,0.9189815,0.9074074,0.8333333,0.7792768,0.0039811,0.949868,1.0,0.243998,-
3,route_planner:RoutePlanner,"Interlaken, Switzerland","St. Moritz, Switzerland",9,summer,6,culture_food,0.1,0.4,0.3,0.2,85.1208778,0.9674797,0.962963,0.8333333,0.8296059,0.2509441,0.8722229,1.0,0.886861,-
1,route_planner_greedy:RoutePlanner,"Interlaken, Switzerland","St. Moritz, Switzerland",9,summer,10,balanced,0.25,0.25,0.25,0.25,71.9328478,0.6558442,1.0,0.8333333,0.7792768,0.0039811,0.949868,1.0,0.077401,-
2,route_planner_greedy_local:RoutePlanner,"Interlaken, Switzerland","St. Moritz, Switzerland",9,summer,10,balanced,0.25,0.25,0.25,0.25,82.614666,0.961039,1.0,0.8333333,0.7792768,0.0039811,0.949868,1.0,1.808866,-
3,route_planner:RoutePlanner,"Interlaken, Switzerland","St. Moritz, Switzerland",9,summer,10,balanced,0.25,0.25,0.25,0.25,90.4294851,0.9415584,0.9888889,1.0,0.7183837,0.8143622,0.7444457,1.0,3.556026,-
1,route_planner_greedy:RoutePlanner,"Interlaken, Switzerland","St. Moritz, Switzerland",9,summer,10,nature_sport,0.4,0.1,0.2,0.3,73.3174165,0.7023026,0.9777778,0.8333333,0.7854005,0.0039811,0.949868,1.0,0.078365,-
2,route_planner_greedy_local:RoutePlanner,"Interlaken, Switzerland","St. Moritz, Switzerland",9,summer,10,nature_sport,0.4,0.1,0.2,0.3,77.8843025,0.8327851,0.9777778,0.8333333,0.7854005,0.0039811,0.949868,1.0,0.691789,-
3,route_planner:RoutePlanner,"Interlaken, Switzerland","St. Moritz, Switzerland",9,summer,10,nature_sport,0.4,0.1,0.2,0.3,87.3631245,0.9296171,0.9444444,1.0,0.7185013,0.5984948,0.7794783,1.0,3.383799,-
1,route_planner_greedy:RoutePlanner,"Interlaken, Switzerland","St. Moritz, Switzerland",9,summer,10,culture_food,0.1,0.4,0.3,0.2,70.4625366,0.7112269,0.9333333,0.6666667,0.805869,0.001,0.949868,0.9444444,0.082684,-
2,route_planner_greedy_local:RoutePlanner,"Interlaken, Switzerland","St. Moritz, Switzerland",9,summer,10,culture_food,0.1,0.4,0.3,0.2,78.645407,0.9450231,0.9333333,0.6666667,0.805869,0.001,0.949868,0.9444444,0.902672,-
3,route_planner:RoutePlanner,"Interlaken, Switzerland","St. Moritz, Switzerland",9,summer,10,culture_food,0.1,0.4,0.3,0.2,82.1369878,0.9611111,0.9555556,0.6666667,0.6992865,0.3926129,0.949868,1.0,2.137989,-
1,route_planner_greedy:RoutePlanner,"Zurich, Switzerland","Zurich, Switzerland",9,summer,6,balanced,0.25,0.25,0.25,0.25,67.1115644,0.4255319,1.0,0.6666667,0.4979072,1.0,0.949868,1.0,0.008249,-
2,route_planner_greedy_local:RoutePlanner,"Zurich, Switzerland","Zurich, Switzerland",9,summer,6,balanced,0.25,0.25,0.25,0.25,67.1115644,0.4255319,1.0,0.6666667,0.4979072,1.0,0.949868,1.0,0.185065,-
3,route_planner:RoutePlanner,"Zurich, Switzerland","Zurich, Switzerland",9,summer,6,balanced,0.25,0.25,0.25,0.25,67.1115644,0.4255319,1.0,0.6666667,0.4979072,1.0,0.949868,1.0,0.193826,-
1,route_planner_greedy:RoutePlanner,"Zurich, Switzerland","Zurich, Switzerland",9,summer,6,nature_sport,0.4,0.1,0.2,0.3,59.3860245,0.3777174,1.0,0.5,0.6075747,0.4691184,1.0,0.9722222,0.008122,-
2,route_planner_greedy_local:RoutePlanner,"Zurich, Switzerland","Zurich, Switzerland",9,summer,6,nature_sport,0.4,0.1,0.2,0.3,59.3860245,0.3777174,1.0,0.5,0.6075747,0.4691184,1.0,0.9722222,0.153541,-
3,route_planner:RoutePlanner,"Zurich, Switzerland","Zurich, Switzerland",9,summer,6,nature_sport,0.4,0.1,0.2,0.3,59.3860245,0.3777174,1.0,0.5,0.6075747,0.4691184,1.0,0.9722222,0.177218,-
1,route_planner_greedy:RoutePlanner,"Zurich, Switzerland","Zurich, Switzerland",9,summer,6,culture_food,0.1,0.4,0.3,0.2,61.5176463,0.25,0.9814815,0.6666667,0.5530723,1.0,0.949868,1.0,0.013829,-
2,route_planner_greedy_local:RoutePlanner,"Zurich, Switzerland","Zurich, Switzerland",9,summer,6,culture_food,0.1,0.4,0.3,0.2,61.5176463,0.25,0.9814815,0.6666667,0.5530723,1.0,0.949868,1.0,0.209067,-
3,route_planner:RoutePlanner,"Zurich, Switzerland","Zurich, Switzerland",9,summer,6,culture_food,0.1,0.4,0.3,0.2,61.5176463,0.25,0.9814815,0.6666667,0.5530723,1.0,0.949868,1.0,0.214778,-
1,route_planner_greedy:RoutePlanner,"Zurich, Switzerland","Zurich, Switzerland",9,summer,10,balanced,0.25,0.25,0.25,0.25,70.5815673,0.6756757,0.9555556,0.6666667,0.8522857,0.0065959,0.949868,1.0,0.099499,-
2,route_planner_greedy_local:RoutePlanner,"Zurich, Switzerland","Zurich, Switzerland",9,summer,10,balanced,0.25,0.25,0.25,0.25,70.5815673,0.6756757,0.9555556,0.6666667,0.8522857,0.0065959,0.949868,1.0,0.430789,-
3,route_planner:RoutePlanner,"Zurich, Switzerland","Zurich, Switzerland",9,summer,10,balanced,0.25,0.25,0.25,0.25,70.5815673,0.6756757,0.9555556,0.6666667,0.8522857,0.0065959,0.949868,1.0,0.550417,-
1,route_planner_greedy:RoutePlanner,"Zurich, Switzerland","Zurich, Switzerland",9,summer,10,nature_sport,0.4,0.1,0.2,0.3,77.4229961,0.6965021,1.0,0.6666667,0.5530723,1.0,0.949868,1.0,0.077863,-
2,route_planner_greedy_local:RoutePlanner,"Zurich, Switzerland","Zurich, Switzerland",9,summer,10,nature_sport,0.4,0.1,0.2,0.3,77.4229961,0.6965021,1.0,0.6666667,0.5530723,1.0,0.949868,1.0,0.344064,-
3,route_planner:RoutePlanner,"Zurich, Switzerland","Zurich, Switzerland",9,summer,10,nature_sport,0.4,0.1,0.2,0.3,77.4229961,0.6965021,1.0,0.6666667,0.5530723,1.0,0.949868,1.0,0.571125,-
1,route_planner_greedy:RoutePlanner,"Zurich, Switzerland","Zurich, Switzerland",9,summer,10,culture_food,0.1,0.4,0.3,0.2,71.6419856,0.6070602,0.9333333,0.6666667,0.7766951,0.4995113,0.949868,1.0,0.096176,-
2,route_planner_greedy_local:RoutePlanner,"Zurich, Switzerland","Zurich, Switzerland",9,summer,10,culture_food,0.1,0.4,0.3,0.2,71.6419856,0.6070602,0.9333333,0.6666667,0.7766951,0.4995113,0.949868,1.0,0.380006,-
3,route_planner:RoutePlanner,"Zurich, Switzerland","Zurich, Switzerland",9,summer,10,culture_food,0.1,0.4,0.3,0.2,71.6419856,0.6070602,0.9333333,0.6666667,0.7766951,0.4995113,0.949868,1.0,0.470572,-
1,route_planner_greedy:RoutePlanner,"Geneva, Switzerland","Lucerne, Switzerland",9,summer,6,balanced,0.25,0.25,0.25,0.25,78.0551203,0.5952381,0.962963,0.8333333,0.7018668,1.0,0.949868,1.0,0.008758,-
2,route_planner_greedy_local:RoutePlanner,"Geneva, Switzerland","Lucerne, Switzerland",9,summer,6,balanced,0.25,0.25,0.25,0.25,88.8884536,0.9047619,0.962963,0.8333333,0.7018668,1.0,0.949868,1.0,0.515006,-
3,route_planner:RoutePlanner,"Geneva, Switzerland","Lucerne, Switzerland",9,summer,6,balanced,0.25,0.25,0.25,0.25,92.6747954,0.952381,1.0,1.0,0.6820672,1.0,0.8220908,1.0,1.365153,-
1,route_planner_greedy:RoutePlanner,"Geneva, Switzerland","Lucerne, Switzerland",9,summer,6,nature_sport,0.4,0.1,0.2,0.3,63.5734601,0.4718992,0.962963,0.6666667,0.6275717,0.3337857,1.0,0.9722222,0.009014,-
2,route_planner_greedy_local:RoutePlanner,"Geneva, Switzerland","Lucerne, Switzerland",9,summer,6,nature_sport,0.4,0.1,0.2,0.3,68.3215221,0.6075581,0.962963,0.6666667,0.6275717,0.3337857,1.0,0.9722222,0.260294,-
3,route_planner:RoutePlanner,"Geneva, Switzerland","Lucerne, Switzerland",9,summer,6,nature_sport,0.4,0.1,0.2,0.3,91.0146164,0.9711538,0.9444444,1.0,0.5973449,1.0,0.7794783,1.0,1.484399,-
1,route_planner_greedy:RoutePlanner,"Geneva, Switzerland","Lucerne, Switzerland",9,summer,6,culture_food,0.1,0.4,0.3,0.2,74.3419067,0.5248016,0.962963,0.8333333,0.6186711,1.0,0.949868,1.0,0.006905,-
2,route_planner_greedy_local:RoutePlanner,"Geneva, Switzerland","Lucerne, Switzerland",9,summer,6,culture_food,0.1,0.4,0.3,0.2,88.3696845,0.9255952,0.962963,0.8333333,0.6186711,1.0,0.949868,1.0,0.601316,-
3,route_planner:RoutePlanner,"Geneva, Switzerland","Lucerne, Switzerland",9,summer,6,culture_food,0.1,0.4,0.3,0.2,90.2026105,0.921875,0.9444444,1.0,0.643991,1.0,0.8220908,1.0,1.476505,-
1,route_planner_greedy:RoutePlanner,"Geneva, Switzerland","Lucerne, Switzerland",9,summer,10,balanced,0.25,0.25,0.25,0.25,81.0580443,0.6842105,0.9555556,0.8333333,0.7018668,1.0,0.949868,1.0,0.081546,-
2,route_planner_greedy_local:RoutePlanner,"Geneva, Switzerland","Lucerne, Switzerland",9,summer,10,balanced,0.25,0.25,0.25,0.25,90.2685706,0.9473684,0.9555556,0.8333333,0.7018668,1.0,0.949868,1.0,1.147813,-
3,route_planner:RoutePlanner,"Geneva, Switzerland","Lucerne, Switzerland",9,summer,10,balanced,0.25,0.25,0.25,0.25,92.152216,0.9794521,0.9222222,1.0,0.6526694,1.0,0.8496039,1.0,4.814257,-
1,route_planner_greedy:RoutePlanner,"Geneva, Switzerland","Lucerne, Switzerland",9,summer,10,nature_sport,0.4,0.1,0.2,0.3,76.8158549,0.660473,0.9555556,0.8333333,0.6053063,0.8037034,0.949868,1.0,0.076117,-
2,route_planner_greedy_local:RoutePlanner,"Geneva, Switzerland","Lucerne, Switzerland",9,summer,10,nature_sport,0.4,0.1,0.2,0.3,86.9258267,0.963615,0.9222222,0.8333333,0.6053063,0.8037034,0.949868,1.0,1.493725,-
3,route_planner:RoutePlanner,"Geneva, Switzerland","Lucerne, Switzerland",9,summer,10,nature_sport,0.4,0.1,0.2,0.3,88.9412539,0.9791667,0.9333333,1.0,0.6156053,0.7325887,0.8220908,1.0,2.028837,-
1,route_planner_greedy:RoutePlanner,"Geneva, Switzerland","Lucerne, Switzerland",9,summer,10,culture_food,0.1,0.4,0.3,0.2,76.4622781,0.6507675,0.9666667,0.8333333,0.5932694,0.8037034,0.949868,1.0,0.067652,-
2,route_planner_greedy_local:RoutePlanner,"Geneva, Switzerland","Lucerne, Switzerland",9,summer,10,culture_food,0.1,0.4,0.3,0.2,87.0543833,0.9533991,0.9666667,0.8333333,0.5932694,0.8037034,0.949868,1.0,1.385032,-
3,route_planner:RoutePlanner,"Geneva, Switzerland","Lucerne, Switzerland",9,summer,10,culture_food,0.1,0.4,0.3,0.2,88.8855176,0.9527778,1.0,1.0,0.6156053,0.7193762,0.8220908,1.0,3.491044,-
1,route_planner_greedy:RoutePlanner,"St. Moritz, Switzerland","St. Moritz, Switzerland",9,summer,6,balanced,0.25,0.25,0.25,0.25,62.7410873,0.5128205,0.9444444,0.6666667,0.7228419,0.0033734,0.949868,1.0,0.008492,-
2,route_planner_greedy_local:RoutePlanner,"St. Moritz, Switzerland","St. Moritz, Switzerland",9,summer,6,balanced,0.25,0.25,0.25,0.25,62.7410873,0.5128205,0.9444444,0.6666667,0.7228419,0.0033734,0.949868,1.0,0.174746,-
3,route_planner:RoutePlanner,"St. Moritz, Switzerland","St. Moritz, Switzerland",9,summer,6,balanced,0.25,0.25,0.25,0.25,62.7410873,0.5128205,0.9444444,0.6666667,0.7228419,0.0033734,0.949868,1.0,0.187647,-
1,route_planner_greedy:RoutePlanner,"St. Moritz, Switzerland","St. Moritz, Switzerland",9,summer,6,nature_sport,0.4,0.1,0.2,0.3,66.8416439,0.6849593,0.962963,0.5,0.7370328,0.0007019,1.0,0.9722222,0.007884,-
2,route_planner_greedy_local:RoutePlanner,"St. Moritz, Switzerland","St. Moritz, Switzerland",9,summer,6,nature_sport,0.4,0.1,0.2,0.3,66.8416439,0.6849593,0.962963,0.5,0.7370328,0.0007019,1.0,0.9722222,0.108196,-
3,route_planner:RoutePlanner,"St. Moritz, Switzerland","St. Moritz, Switzerland",9,summer,6,nature_sport,0.4,0.1,0.2,0.3,66.8416439,0.6849593,0.962963,0.5,0.7370328,0.0007019,1.0,0.9722222,0.11438,-
1,route_planner_greedy:RoutePlanner,"St. Moritz, Switzerland","St. Moritz, Switzerland",9,summer,6,culture_food,0.1,0.4,0.3,0.2,72.9248711,0.7398649,0.962963,0.6666667,0.8545381,0.0017745,0.949868,1.0,0.007839,-
2,route_planner_greedy_local:RoutePlanner,"St. Moritz, Switzerland","St. Moritz, Switzerland",9,summer,6,culture_food,0.1,0.4,0.3,0.2,72.9248711,0.7398649,0.962963,0.6666667,0.8545381,0.0017745,0.949868,1.0,0.086985,-
3,route_planner:RoutePlanner,"St. Moritz, Switzerland","St. Moritz, Switzerland",9,summer,6,culture_food,0.1,0.4,0.3,0.2,72.9248711,0.7398649,0.962963,0.6666667,0.8545381,0.0017745,0.949868,1.0,0.094736,-
1,route_planner_greedy:RoutePlanner,"St. Moritz, Switzerland","St. Moritz, Switzerland",9,summer,10,balanced,0.25,0.25,0.25,0.25,67.6025128,0.6133333,0.9666667,0.6666667,0.6799257,0.1687621,0.949868,1.0,0.065492,-
2,route_planner_greedy_local:RoutePlanner,"St. Moritz, Switzerland","St. Moritz, Switzerland",9,summer,10,balanced,0.25,0.25,0.25,0.25,67.6025128,0.6133333,0.9666667,0.6666667,0.6799257,0.1687621,0.949868,1.0,0.390118,-
3,route_planner:RoutePlanner,"St. Moritz, Switzerland","St. Moritz, Switzerland",9,summer,10,balanced,0.25,0.25,0.25,0.25,67.6025128,0.6133333,0.9666667,0.6666667,0.6799257,0.1687621,0.949868,1.0,0.460083,-
1,route_planner_greedy:RoutePlanner,"St. Moritz, Switzerland","St. Moritz, Switzerland",9,summer,10,nature_sport,0.4,0.1,0.2,0.3,72.8037513,0.6718037,1.0,0.6666667,0.9694083,1.58e-05,0.949868,1.0,0.068328,-
2,route_planner_greedy_local:RoutePlanner,"St. Moritz, Switzerland","St. Moritz, Switzerland",9,summer,10,nature_sport,0.4,0.1,0.2,0.3,72.8037513,0.6718037,1.0,0.6666667,0.9694083,1.58e-05,0.949868,1.0,0.297995,-
3,route_planner:RoutePlanner,"St. Moritz, Switzerland","St. Moritz, Switzerland",9,summer,10,nature_sport,0.4,0.1,0.2,0.3,72.8037513,0.6718037,1.0,0.6666667,0.9694083,1.58e-05,0.949868,1.0,0.374305,-
1,route_planner_greedy:RoutePlanner,"St. Moritz, Switzerland","St. Moritz, Switzerland",9,summer,10,culture_food,0.1,0.4,0.3,0.2,66.6937311,0.614726,0.9444444,0.5,0.9007762,1e-06,1.0,1.0,0.07906,-
2,route_planner_greedy_local:RoutePlanner,"St. Moritz, Switzerland","St. Moritz, Switzerland",9,summer,10,culture_food,0.1,0.4,0.3,0.2,66.6937311,0.614726,0.9444444,0.5,0.9007762,1e-06,1.0,1.0,0.323532,-
3,route_planner:RoutePlanner,"St. Moritz, Switzerland","St. Moritz, Switzerland",9,summer,10,culture_food,0.1,0.4,0.3,0.2,66.6937311,0.614726,0.9444444,0.5,0.9007762,1e-06,1.0,1.0,0.398687,-
1,route_planner_greedy:RoutePlanner,"Interlaken, Switzerland","St. Moritz, Switzerland",9,winter,6,balanced,0.25,0.25,0.25,0.25,70.9548529,0.4358974,0.9444444,0.8333333,0.766329,0.7787502,0.949868,1.0,0.004642,-
2,route_planner_greedy_local:RoutePlanner,"Interlaken, Switzerland","St. Moritz, Switzerland",9,winter,6,balanced,0.25,0.25,0.25,0.25,82.6215195,0.7692308,0.9444444,0.8333333,0.766329,0.7787502,0.949868,1.0,0.39753,-
3,route_planner:RoutePlanner,"Interlaken, Switzerland","St. Moritz, Switzerland",9,winter,6,balanced,0.25,0.25,0.25,0.25,88.8990719,0.9634146,0.9259259,0.8333333,0.7314217,0.8458231,0.8722229,1.0,0.872859,-
1,route_planner_greedy:RoutePlanner,"Interlaken, Switzerland","St. Moritz, Switzerland",9,winter,6,nature_sport,0.4,0.1,0.2,0.3,68.7676469,0.5641026,0.9814815,0.8333333,0.8008456,0.0039811,0.949868,1.0,0.004531,-
2,route_planner_greedy_local:RoutePlanner,"Interlaken, Switzerland","St. Moritz, Switzerland",9,winter,6,nature_sport,0.4,0.1,0.2,0.3,68.7676469,0.5641026,0.9814815,0.8333333,0.8008456,0.0039811,0.949868,1.0,0.083272,-
3,route_planner:RoutePlanner,"Interlaken, Switzerland","St. Moritz, Switzerland",9,winter,6,nature_sport,0.4,0.1,0.2,0.3,85.824314,0.9324324,0.8518519,0.8333333,0.7894744,0.7815939,0.678447,0.9722222,0.726871,-
1,route_planner_greedy:RoutePlanner,"Interlaken, Switzerland","St. Moritz, Switzerland",9,winter,6,culture_food,0.1,0.4,0.3,0.2,71.0561532,0.6546053,0.9444444,0.8333333,0.7792768,0.0039811,0.949868,1.0,0.004786,-
2,route_planner_greedy_local:RoutePlanner,"Interlaken, Switzerland","St. Moritz, Switzerland",9,winter,6,culture_food,0.1,0.4,0.3,0.2,76.4289602,0.808114,0.9444444,0.8333333,0.7792768,0.0039811,0.949868,1.0,0.145336,-
3,route_planner:RoutePlanner,"Interlaken, Switzerland","St. Moritz, Switzerland",9,winter,6,culture_food,0.1,0.4,0.3,0.2,87.0670518,0.8854167,0.9444444,0.8333333,0.7894744,0.8458231,0.8220908,1.0,0.735818,-
1,route_planner_greedy:RoutePlanner,"Interlaken, Switzerland","St. Moritz, Switzerland",9,winter,10,balanced,0.25,0.25,0.25,0.25,69.3660139,0.6575342,0.9333333,0.8333333,0.6708776,0.0039811,0.949868,1.0,0.025153,-
2,route_planner_greedy_local:RoutePlanner,"Interlaken, Switzerland","St. Moritz, Switzerland",9,winter,10,balanced,0.25,0.25,0.25,0.25,79.2936298,0.9507042,0.9111111,0.8333333,0.6708776,0.0039811,0.949868,1.0,0.812571,-
3,route_planner:RoutePlanner,"Interlaken, Switzerland","St. Moritz, Switzerland",9,winter,10,balanced,0.25,0.25,0.25,0.25,84.5525308,0.9788732,0.9333333,1.0,0.6669047,0.2391006,0.7794783,1.0,1.061325,-
1,route_planner_greedy:RoutePlanner,"Interlaken, Switzerland","St. Moritz, Switzerland",9,winter,10,nature_sport,0.4,0.1,0.2,0.3,72.1061449,0.6846065,0.9444444,0.8333333,0.7792768,0.003976,0.949868,1.0,0.026523,-
2,route_planner_greedy_local:RoutePlanner,"Interlaken, Switzerland","St. Moritz, Switzerland",9,winter,10,nature_sport,0.4,0.1,0.2,0.3,80.0054505,0.9103009,0.9444444,0.8333333,0.7792768,0.003976,0.949868,1.0,0.521428,-
3,route_planner:RoutePlanner,"Interlaken, Switzerland","St. Moritz, Switzerland",9,winter,10,nature_sport,0.4,0.1,0.2,0.3,83.1974208,0.9791667,0.9222222,1.0,0.72552,0.01,0.8220908,1.0,0.574257,-
1,route_planner_greedy:RoutePlanner,"Interlaken, Switzerland","St. Moritz, Switzerland",9,winter,10,culture_food,0.1,0.4,0.3,0.2,69.5556901,0.6186343,0.9222222,0.8333333,0.7854005,0.0039811,0.949868,1.0,0.024082,-
2,route_planner_greedy_local:RoutePlanner,"Interlaken, Switzerland","St. Moritz, Switzerland",9,winter,10,culture_food,0.1,0.4,0.3,0.2,82.194579,0.9797454,0.9222222,0.8333333,0.7854005,0.0039811,0.949868,1.0,0.742259,-
3,route_planner:RoutePlanner,"Interlaken, Switzerland","St. Moritz, Switzerland",9,winter,10,culture_food,0.1,0.4,0.3,0.2,84.7656643,0.9791667,0.9777778,1.0,0.7953842,1e-06,0.7794783,1.0,0.700634,-
1,route_planner_greedy:RoutePlanner,"Zurich, Switzerland","Zurich, Switzerland",9,winter,6,balanced,0.25,0.25,0.25,0.25,67.419786,0.4318182,0.9814815,0.6666667,0.5223058,1.0,0.949868,1.0,0.004535,-
2,route_planner_greedy_local:RoutePlanner,"Zurich, Switzerland","Zurich, Switzerland",9,winter,6,balanced,0.25,0.25,0.25,0.25,67.419786,0.4318182,0.9814815,0.6666667,0.5223058,1.0,0.949868,1.0,0.26831,-
3,route_planner:RoutePlanner,"Zurich, Switzerland","Zurich, Switzerland",9,winter,6,balanced,0.25,0.25,0.25,0.25,67.419786,0.4318182,0.9814815,0.6666667,0.5223058,1.0,0.949868,1.0,0.13417,-
1,route_planner_greedy:RoutePlanner,"Zurich, Switzerland","Zurich, Switzerland",9,winter,6,nature_sport,0.4,0.1,0.2,0.3,68.8526928,0.6051587,1.0,0.6666667,0.8571169,0.0066044,0.949868,1.0,0.006127,-
2,route_planner_greedy_local:RoutePlanner,"Zurich, Switzerland","Zurich, Switzerland",9,winter,6,nature_sport,0.4,0.1,0.2,0.3,68.8526928,0.6051587,1.0,0.6666667,0.8571169,0.0066044,0.949868,1.0,0.114017,-
3,route_planner:RoutePlanner,"Zurich, Switzerland","Zurich, Switzerland",9,winter,6,nature_sport,0.4,0.1,0.2,0.3,68.8526928,0.6051587,1.0,0.6666667,0.8571169,0.0066044,0.949868,1.0,0.170024,-
1,route_planner_greedy:RoutePlanner,"Zurich, Switzerland","Zurich, Switzerland",9,winter,6,culture_food,0.1,0.4,0.3,0.2,66.1083154,0.4854651,1.0,0.6666667,0.8366988,0.1817215,0.949868,1.0,0.026145,-
2,route_planner_greedy_local:RoutePlanner,"Zurich, Switzerland","Zurich, Switzerland",9,winter,6,culture_food,0.1,0.4,0.3,0.2,66.1083154,0.4854651,1.0,0.6666667,0.8366988,0.1817215,0.949868,1.0,0.164725,-
3,route_planner:RoutePlanner,"Zurich, Switzerland","Zurich, Switzerland",9,winter,6,culture_food,0.1,0.4,0.3,0.2,66.1083154,0.4854651,1.0,0.6666667,0.8366988,0.1817215,0.949868,1.0,0.16207,-
1,route_planner_greedy:RoutePlanner,"Zurich, Switzerland","Zurich, Switzerland",9,winter,10,balanced,0.25,0.25,0.25,0.25,64.847577,0.3703704,0.9777778,0.6666667,0.4979072,1.0,0.949868,1.0,0.021358,-
2,route_planner_greedy_local:RoutePlanner,"Zurich, Switzerland","Zurich, Switzerland",9,winter,10,balanced,0.25,0.25,0.25,0.25,64.847577,0.3703704,0.9777778,0.6666667,0.4979072,1.0,0.949868,1.0,0.210832,-
3,route_planner:RoutePlanner,"Zurich, Switzerland","Zurich, Switzerland",9,winter,10,balanced,0.25,0.25,0.25,0.25,64.847577,0.3703704,0.9777778,0.6666667,0.4979072,1.0,0.949868,1.0,0.244896,-
1,route_planner_greedy:RoutePlanner,"Zurich, Switzerland","Zurich, Switzerland",9,winter,10,nature_sport,0.4,0.1,0.2,0.3,66.6046638,0.5876068,0.9888889,0.6666667,0.7593138,0.0066044,0.949868,1.0,0.027375,-
2,route_planner_greedy_local:RoutePlanner,"Zurich, Switzerland","Zurich, Switzerland",9,winter,10,nature_sport,0.4,0.1,0.2,0.3,66.6046638,0.5876068,0.9888889,0.6666667,0.7593138,0.0066044,0.949868,1.0,0.189254,-
3,route_planner:RoutePlanner,"Zurich, Switzerland","Zurich, Switzerland",9,winter,10,nature_sport,0.4,0.1,0.2,0.3,66.6046638,0.5876068,0.9888889,0.6666667,0.7593138,0.0066044,0.949868,1.0,0.210207,-
1,route_planner_greedy:RoutePlanner,"Zurich, Switzerland","Zurich, Switzerland",9,winter,10,culture_food,0.1,0.4,0.3,0.2,58.7509309,0.4222222,0.9444444,0.5,0.8284365,0.0018827,1.0,0.9722222,0.026092,-
2,route_planner_greedy_local:RoutePlanner,"Zurich, Switzerland","Zurich, Switzerland",9,winter,10,culture_food,0.1,0.4,0.3,0.2,58.7509309,0.4222222,0.9444444,0.5,0.8284365,0.0018827,1.0,0.9722222,0.151251,-
3,route_planner:RoutePlanner,"Zurich, Switzerland","Zurich, Switzerland",9,winter,10,culture_food,0.1,0.4,0.3,0.2,58.7509309,0.4222222,0.9444444,0.5,0.8284365,0.0018827,1.0,0.9722222,0.179212,-
1,route_planner_greedy:RoutePlanner,"Geneva, Switzerland","Lucerne, Switzerland",9,winter,6,balanced,0.25,0.25,0.25,0.25,76.0600525,0.5731707,0.9259259,0.8333333,0.6573899,1.0,0.949868,1.0,0.004202,-
2,route_planner_greedy_local:RoutePlanner,"Geneva, Switzerland","Lucerne, Switzerland",9,winter,6,balanced,0.25,0.25,0.25,0.25,86.3039549,0.8658537,0.9259259,0.8333333,0.6573899,1.0,0.949868,1.0,0.306979,-
3,route_planner:RoutePlanner,"Geneva, Switzerland","Lucerne, Switzerland",9,winter,6,balanced,0.25,0.25,0.25,0.25,86.932918,0.8205128,0.962963,1.0,0.6766274,0.9723722,0.7794783,1.0,0.691088,-
1,route_planner_greedy:RoutePlanner,"Geneva, Switzerland","Lucerne, Switzerland",9,winter,6,nature_sport,0.4,0.1,0.2,0.3,77.016923,0.5324074,1.0,0.8333333,0.7422216,1.0,0.949868,1.0,0.005174,-
2,route_planner_greedy_local:RoutePlanner,"Geneva, Switzerland","Lucerne, Switzerland",9,winter,6,nature_sport,0.4,0.1,0.2,0.3,77.5935224,0.5568182,0.9814815,0.8333333,0.7422216,1.0,0.949868,1.0,0.360078,-
3,route_planner:RoutePlanner,"Geneva, Switzerland","Lucerne, Switzerland",9,winter,6,nature_sport,0.4,0.1,0.2,0.3,82.6342148,0.6815476,0.962963,1.0,0.7462686,1.0,0.6283149,1.0,1.053003,-
1,route_planner_greedy:RoutePlanner,"Geneva, Switzerland","Lucerne, Switzerland",9,winter,6,culture_food,0.1,0.4,0.3,0.2,78.2070728,0.5852273,1.0,0.8333333,0.6983186,1.0,0.949868,1.0,0.005525,-
2,route_planner_greedy_local:RoutePlanner,"Geneva, Switzerland","Lucerne, Switzerland",9,winter,6,culture_food,0.1,0.4,0.3,0.2,88.6963405,0.9166667,0.9259259,0.8333333,0.6983186,1.0,0.949868,1.0,0.445998,-
3,route_planner:RoutePlanner,"Geneva, Switzerland","Lucerne, Switzerland",9,winter,6,culture_food,0.1,0.4,0.3,0.2,90.5896368,0.9166667,0.962963,1.0,0.7202235,1.0,0.6517012,1.0,1.16034,-
1,route_planner_greedy:RoutePlanner,"Geneva, Switzerland","Lucerne, Switzerland",9,winter,10,balanced,0.25,0.25,0.25,0.25,72.9771531,0.4736842,0.9222222,0.8333333,0.6877022,1.0,0.949868,1.0,0.019306,-
2,route_planner_greedy_local:RoutePlanner,"Geneva, Switzerland","Lucerne, Switzerland",9,winter,10,balanced,0.25,0.25,0.25,0.25,86.3982058,0.8857143,0.8555556,0.8333333,0.6877022,1.0,0.949868,1.0,0.80169,-
3,route_planner:RoutePlanner,"Geneva, Switzerland","Lucerne, Switzerland",9,winter,10,balanced,0.25,0.25,0.25,0.25,82.8437704,0.7222222,0.9111111,1.0,0.6525915,1.0,0.8220908,1.0,1.393261,-
1,route_planner_greedy:RoutePlanner,"Geneva, Switzerland","Lucerne, Switzerland",9,winter,10,nature_sport,0.4,0.1,0.2,0.3,78.0364892,0.5911458,0.9888889,0.8333333,0.6842475,1.0,0.949868,1.0,0.020408,-
2,route_planner_greedy_local:RoutePlanner,"Geneva, Switzerland","Lucerne, Switzerland",9,winter,10,nature_sport,0.4,0.1,0.2,0.3,78.0364892,0.5911458,0.9888889,0.8333333,0.6842475,1.0,0.949868,1.0,0.163428,-
3,route_planner:RoutePlanner,"Geneva, Switzerland","Lucerne, Switzerland",9,winter,10,nature_sport,0.4,0.1,0.2,0.3,80.0580642,0.5949367,0.9888889,1.0,0.7003036,1.0,0.7794783,1.0,0.997324,-
1,route_planner_greedy:RoutePlanner,"Geneva, Switzerland","Lucerne, Switzerland",9,winter,10,culture_food,0.1,0.4,0.3,0.2,70.4212819,0.3755411,0.9666667,0.8333333,0.7018668,1.0,0.949868,1.0,0.025603,-
2,route_planner_greedy_local:RoutePlanner,"Geneva, Switzerland","Lucerne, Switzerland",9,winter,10,culture_food,0.1,0.4,0.3,0.2,88.6191299,0.9335749,0.8777778,0.8333333,0.7018668,1.0,0.949868,1.0,1.11872,-
3,route_planner:RoutePlanner,"Geneva, Switzerland","Lucerne, Switzerland",9,winter,10,culture_food,0.1,0.4,0.3,0.2,88.6191299,0.9335749,0.8777778,0.8333333,0.7018668,1.0,0.949868,1.0,1.926643,-
1,route_planner_greedy:RoutePlanner,"St. Moritz, Switzerland","St. Moritz, Switzerland",9,winter,6,balanced,0.25,0.25,0.25,0.25,74.0567671,0.9,0.9444444,0.5,0.7254647,0.000813,1.0,1.0,0.00487,-
2,route_planner_greedy_local:RoutePlanner,"St. Moritz, Switzerland","St. Moritz, Switzerland",9,winter,6,balanced,0.25,0.25,0.25,0.25,74.0567671,0.9,0.9444444,0.5,0.7254647,0.000813,1.0,1.0,0.116206,-
3,route_planner:RoutePlanner,"St. Moritz, Switzerland","St. Moritz, Switzerland",9,winter,6,balanced,0.25,0.25,0.25,0.25,74.0567671,0.9,0.9444444,0.5,0.7254647,0.000813,1.0,1.0,0.123038,-
1,route_planner_greedy:RoutePlanner,"St. Moritz, Switzerland","St. Moritz, Switzerland",9,winter,6,nature_sport,0.4,0.1,0.2,0.3,62.537734,0.5729167,0.9444444,0.5,0.7207236,0.000813,1.0,1.0,0.004877,-
2,route_planner_greedy_local:RoutePlanner,"St. Moritz, Switzerland","St. Moritz, Switzerland",9,winter,6,nature_sport,0.4,0.1,0.2,0.3,62.537734,0.5729167,0.9444444,0.5,0.7207236,0.000813,1.0,1.0,0.108108,-
3,route_planner:RoutePlanner,"St. Moritz, Switzerland","St. Moritz, Switzerland",9,winter,6,nature_sport,0.4,0.1,0.2,0.3,62.537734,0.5729167,0.9444444,0.5,0.7207236,0.000813,1.0,1.0,0.112728,-
1,route_planner_greedy:RoutePlanner,"St. Moritz, Switzerland","St. Moritz, Switzerland",9,winter,6,culture_food,0.1,0.4,0.3,0.2,67.3100004,0.652439,0.9814815,0.5,0.816566,0.0003922,1.0,1.0,0.004626,-
2,route_planner_greedy_local:RoutePlanner,"St. Moritz, Switzerland","St. Moritz, Switzerland",9,winter,6,culture_food,0.1,0.4,0.3,0.2,67.3100004,0.652439,0.9814815,0.5,0.816566,0.0003922,1.0,1.0,0.106626,-
3,route_planner:RoutePlanner,"St. Moritz, Switzerland","St. Moritz, Switzerland",9,winter,6,culture_food,0.1,0.4,0.3,0.2,67.3100004,0.652439,0.9814815,0.5,0.816566,0.0003922,1.0,1.0,0.124392,-
1,route_planner_greedy:RoutePlanner,"St. Moritz, Switzerland","St. Moritz, Switzerland",9,winter,10,balanced,0.25,0.25,0.25,0.25,75.5780648,0.7777778,0.9777778,0.6666667,0.9293118,1.58e-05,0.949868,1.0,0.026498,-
2,route_planner_greedy_local:RoutePlanner,"St. Moritz, Switzerland","St. Moritz, Switzerland",9,winter,10,balanced,0.25,0.25,0.25,0.25,75.5780648,0.7777778,0.9777778,0.6666667,0.9293118,1.58e-05,0.949868,1.0,0.193594,-
3,route_planner:RoutePlanner,"St. Moritz, Switzerland","St. Moritz, Switzerland",9,winter,10,balanced,0.25,0.25,0.25,0.25,75.5780648,0.7777778,0.9777778,0.6666667,0.9293118,1.58e-05,0.949868,1.0,0.202683,-
1,route_planner_greedy:RoutePlanner,"St. Moritz, Switzerland","St. Moritz, Switzerland",9,winter,10,nature_sport,0.4,0.1,0.2,0.3,65.8985606,0.579594,0.9666667,0.5,0.6908733,0.3249671,1.0,1.0,0.023524,-
2,route_planner_greedy_local:RoutePlanner,"St. Moritz, Switzerland","St. Moritz, Switzerland",9,winter,10,nature_sport,0.4,0.1,0.2,0.3,65.8985606,0.579594,0.9666667,0.5,0.6908733,0.3249671,1.0,1.0,0.15071,-
3,route_planner:RoutePlanner,"St. Moritz, Switzerland","St. Moritz, Switzerland",9,winter,10,nature_sport,0.4,0.1,0.2,0.3,65.8985606,0.579594,0.9666667,0.5,0.6908733,0.3249671,1.0,1.0,0.170641,-
1,route_planner_greedy:RoutePlanner,"St. Moritz, Switzerland","St. Moritz, Switzerland",9,winter,10,culture_food,0.1,0.4,0.3,0.2,68.3524736,0.5772947,0.9666667,0.6666667,0.9265108,1.58e-05,0.949868,1.0,0.024917,-
2,route_planner_greedy_local:RoutePlanner,"St. Moritz, Switzerland","St. Moritz, Switzerland",9,winter,10,culture_food,0.1,0.4,0.3,0.2,68.3524736,0.5772947,0.9666667,0.6666667,0.9265108,1.58e-05,0.949868,1.0,0.153718,-
3,route_planner:RoutePlanner,"St. Moritz, Switzerland","St. Moritz, Switzerland",9,winter,10,culture_food,0.1,0.4,0.3,0.2,68.3524736,0.5772947,0.9666667,0.6666667,0.9265108,1.58e-05,0.949868,1.0,0.17019,-
1,route_planner_greedy:RoutePlanner,"Interlaken, Switzerland","St. Moritz, Switzerland",15,summer,6,balanced,0.25,0.25,0.25,0.25,67.5871932,0.5797101,0.9666667,0.7777778,0.734761,0.019259,1.0,0.9833333,0.013039,-
2,route_planner_greedy_local:RoutePlanner,"Interlaken, Switzerland","St. Moritz, Switzerland",15,summer,6,balanced,0.25,0.25,0.25,0.25,79.5074831,0.9202899,0.9666667,0.7777778,0.734761,0.019259,1.0,0.9833333,1.046085,-
3,route_planner:RoutePlanner,"Interlaken, Switzerland","St. Moritz, Switzerland",15,summer,6,balanced,0.25,0.25,0.25,0.25,85.4967368,0.8783784,0.9666667,0.7777778,0.7112151,0.838606,0.9398416,0.9666667,5.215634,-
1,route_planner_greedy:RoutePlanner,"Interlaken, Switzerland","St. Moritz, Switzerland",15,summer,6,nature_sport,0.4,0.1,0.2,0.3,62.7917335,0.4320776,0.9888889,0.7777778,0.7377844,0.0185584,1.0,0.9833333,0.015928,-
2,route_planner_greedy_local:RoutePlanner,"Interlaken, Switzerland","St. Moritz, Switzerland",15,summer,6,nature_sport,0.4,0.1,0.2,0.3,71.8613682,0.69121,0.9888889,0.7777778,0.7377844,0.0185584,1.0,0.9833333,1.199659,-
3,route_planner:RoutePlanner,"Interlaken, Switzerland","St. Moritz, Switzerland",15,summer,6,nature_sport,0.4,0.1,0.2,0.3,90.0862974,0.9647436,0.9666667,1.0,0.7005441,0.7360103,0.8070682,0.9833333,4.741361,-
1,route_planner_greedy:RoutePlanner,"Interlaken, Switzerland","St. Moritz, Switzerland",15,summer,6,culture_food,0.1,0.4,0.3,0.2,66.6277932,0.5557512,0.9555556,0.7777778,0.7377844,0.019307,1.0,0.9833333,0.012207,-
2,route_planner_greedy_local:RoutePlanner,"Interlaken, Switzerland","St. Moritz, Switzerland",15,summer,6,culture_food,0.1,0.4,0.3,0.2,78.9928167,0.9090376,0.9555556,0.7777778,0.7377844,0.019307,1.0,0.9833333,1.880587,-
3,route_planner:RoutePlanner,"Interlaken, Switzerland","St. Moritz, Switzerland",15,summer,6,culture_food,0.1,0.4,0.3,0.2,91.674667,0.9595771,0.9444444,1.0,0.7342792,0.8720574,0.8376078,1.0,4.570447,-
1,route_planner_greedy:RoutePlanner,"Interlaken, Switzerland","St. Moritz, Switzerland",15,summer,10,balanced,0.25,0.25,0.25,0.25,68.9485952,0.620155,0.96,0.7777778,0.7377844,0.019307,1.0,0.9833333,0.123072,-
2,route_planner_greedy_local:RoutePlanner,"Interlaken, Switzerland","St. Moritz, Switzerland",15,summer,10,balanced,0.25,0.25,0.25,0.25,81.8361921,0.9883721,0.96,0.7777778,0.7377844,0.019307,1.0,0.9833333,3.906402,-
3,route_planner:RoutePlanner,"Interlaken, Switzerland","St. Moritz, Switzerland",15,summer,10,balanced,0.25,0.25,0.25,0.25,90.6211978,0.9545455,0.9933333,0.8888889,0.7144869,0.9006369,0.867687,0.9833333,7.894695,-
1,route_planner_greedy:RoutePlanner,"Interlaken, Switzerland","St. Moritz, Switzerland",15,summer,10,nature_sport,0.4,0.1,0.2,0.3,71.9103504,0.7060724,0.96,0.7777778,0.734761,0.019307,1.0,0.9833333,0.105921,-
2,route_planner_greedy_local:RoutePlanner,"Interlaken, Switzerland","St. Moritz, Switzerland",15,summer,10,nature_sport,0.4,0.1,0.2,0.3,79.5976889,0.9257106,0.96,0.7777778,0.734761,0.019307,1.0,0.9833333,2.802724,-
3,route_planner:RoutePlanner,"Interlaken, Switzerland","St. Moritz, Switzerland",15,summer,10,nature_sport,0.4,0.1,0.2,0.3,86.9638333,0.9378255,0.96,0.8888889,0.721021,0.6057957,0.9233337,0.9833333,9.071275,-
1,route_planner_greedy:RoutePlanner,"Interlaken, Switzerland","St. Moritz, Switzerland",15,summer,10,culture_food,0.1,0.4,0.3,0.2,66.013786,0.6144126,0.9133333,0.6666667,0.7306231,0.01,1.0,0.95,0.130168,-
2,route_planner_greedy_local:RoutePlanner,"Interlaken, Switzerland","St. Moritz, Switzerland",15,summer,10,culture_food,0.1,0.4,0.3,0.2,78.6128297,0.9743852,0.9133333,0.6666667,0.7306231,0.01,1.0,0.95,3.842652,-
3,route_planner:RoutePlanner,"Interlaken, Switzerland","St. Moritz, Switzerland",15,summer,10,culture_food,0.1,0.4,0.3,0.2,90.2043914,0.9642857,0.9266667,1.0,0.6881702,0.9108063,0.6747552,0.95,10.329285,-
1,route_planner_greedy:RoutePlanner,"Zurich, Switzerland","Zurich, Switzerland",15,summer,6,balanced,0.25,0.25,0.25,0.25,68.6213736,0.538961,1.0,0.6666667,0.5827105,0.6100413,1.0,0.9833333,0.014647,-
2,route_planner_greedy_local:RoutePlanner,"Zurich, Switzerland","Zurich, Switzerland",15,summer,6,balanced,0.25,0.25,0.25,0.25,68.6213736,0.538961,1.0,0.6666667,0.5827105,0.6100413,1.0,0.9833333,0.575574,-
3,route_planner:RoutePlanner,"Zurich, Switzerland","Zurich, Switzerland",15,summer,6,balanced,0.25,0.25,0.25,0.25,68.6213736,0.538961,1.0,0.6666667,0.5827105,0.6100413,1.0,0.9833333,0.628375,-
1,route_planner_greedy:RoutePlanner,"Zurich, Switzerland","Zurich, Switzerland",15,summer,6,nature_sport,0.4,0.1,0.2,0.3,66.8111435,0.4501174,0.9555556,0.6666667,0.6445383,0.7138961,1.0,0.9833333,0.012497,-
2,route_planner_greedy_local:RoutePlanner,"Zurich, Switzerland","Zurich, Switzerland",15,summer,6,nature_sport,0.4,0.1,0.2,0.3,66.8111435,0.4501174,0.9555556,0.6666667,0.6445383,0.7138961,1.0,0.9833333,0.405624,-
3,route_planner:RoutePlanner,"Zurich, Switzerland","Zurich, Switzerland",15,summer,6,nature_sport,0.4,0.1,0.2,0.3,66.8111435,0.4501174,0.9555556,0.6666667,0.6445383,0.7138961,1.0,0.9833333,0.423515,-
1,route_planner_greedy:RoutePlanner,"Zurich, Switzerland","Zurich, Switzerland",15,summer,6,culture_food,0.1,0.4,0.3,0.2,69.4381007,0.7111872,0.9666667,0.6666667,0.6724298,0.0277165,0.9699208,0.9666667,0.013076,-
2,route_planner_greedy_local:RoutePlanner,"Zurich, Switzerland","Zurich, Switzerland",15,summer,6,culture_food,0.1,0.4,0.3,0.2,69.4381007,0.7111872,0.9666667,0.6666667,0.6724298,0.0277165,0.9699208,0.9666667,0.343189,-
3,route_planner:RoutePlanner,"Zurich, Switzerland","Zurich, Switzerland",15,summer,6,culture_food,0.1,0.4,0.3,0.2,69.4381007,0.7111872,0.9666667,0.6666667,0.6724298,0.0277165,0.9699208,0.9666667,0.372986,-
1,route_planner_greedy:RoutePlanner,"Zurich, Switzerland","Zurich, Switzerland",15,summer,10,balanced,0.25,0.25,0.25,0.25,71.9744689,0.6031746,0.96,0.7777778,0.8526094,0.2157946,0.9699208,1.0,0.157826,-
2,route_planner_greedy_local:RoutePlanner,"Zurich, Switzerland","Zurich, Switzerland",15,summer,10,balanced,0.25,0.25,0.25,0.25,71.9744689,0.6031746,0.96,0.7777778,0.8526094,0.2157946,0.9699208,1.0,0.979513,-
3,route_planner:RoutePlanner,"Zurich, Switzerland","Zurich, Switzerland",15,summer,10,balanced,0.25,0.25,0.25,0.25,71.9744689,0.6031746,0.96,0.7777778,0.8526094,0.2157946,0.9699208,1.0,1.068174,-
1,route_planner_greedy:RoutePlanner,"Zurich, Switzerland","Zurich, Switzerland",15,summer,10,nature_sport,0.4,0.1,0.2,0.3,77.9746253,0.6322601,0.9866667,0.7777778,0.6877765,0.9212604,0.9699208,1.0,0.144794,-
2,route_planner_greedy_local:RoutePlanner,"Zurich, Switzerland","Zurich, Switzerland",15,summer,10,nature_sport,0.4,0.1,0.2,0.3,77.9746253,0.6322601,0.9866667,0.7777778,0.6877765,0.9212604,0.9699208,1.0,0.785347,-
3,route_planner:RoutePlanner,"Zurich, Switzerland","Zurich, Switzerland",15,summer,10,nature_sport,0.4,0.1,0.2,0.3,77.9746253,0.6322601,0.9866667,0.7777778,0.6877765,0.9212604,0.9699208,1.0,0.928796,-
1,route_planner_greedy:RoutePlanner,"Zurich, Switzerland","Zurich, Switzerland",15,summer,10,culture_food,0.1,0.4,0.3,0.2,76.9791925,0.5588038,0.9466667,0.7777778,0.8119804,0.9525085,0.9699208,1.0,0.15715,-
2,route_planner_greedy_local:RoutePlanner,"Zurich, Switzerland","Zurich, Switzerland",15,summer,10,culture_food,0.1,0.4,0.3,0.2,76.9791925,0.5588038,0.9466667,0.7777778,0.8119804,0.9525085,0.9699208,1.0,0.740382,-
3,route_planner:RoutePlanner,"Zurich, Switzerland","Zurich, Switzerland",15,summer,10,culture_food,0.1,0.4,0.3,0.2,76.9791925,0.5588038,0.9466667,0.7777778,0.8119804,0.9525085,0.9699208,1.0,0.953373,-
1,route_planner_greedy:RoutePlanner,"Geneva, Switzerland","Lucerne, Switzerland",15,summer,6,balanced,0.25,0.25,0.25,0.25,70.1948897,0.3684211,0.9777778,0.7777778,0.7311213,1.0,1.0,1.0,0.015605,-
2,route_planner_greedy_local:RoutePlanner,"Geneva, Switzerland","Lucerne, Switzerland",15,summer,6,balanced,0.25,0.25,0.25,0.25,83.5001529,0.7533333,0.9666667,0.7777778,0.7311213,1.0,1.0,1.0,3.569256,-
3,route_planner:RoutePlanner,"Geneva, Switzerland","Lucerne, Switzerland",15,summer,6,balanced,0.25,0.25,0.25,0.25,86.5310462,0.8461538,0.9777778,0.7777778,0.7210705,1.0,0.9699208,0.9833333,6.711081,-
1,route_planner_greedy:RoutePlanner,"Geneva, Switzerland","Lucerne, Switzerland",15,summer,6,nature_sport,0.4,0.1,0.2,0.3,73.7667371,0.5194444,0.9777778,0.7777778,0.6224121,1.0,1.0,0.9833333,0.014106,-
2,route_planner_greedy_local:RoutePlanner,"Geneva, Switzerland","Lucerne, Switzerland",15,summer,6,nature_sport,0.4,0.1,0.2,0.3,88.9334038,0.9527778,0.9777778,0.7777778,0.6224121,1.0,1.0,0.9833333,2.368728,-
3,route_planner:RoutePlanner,"Geneva, Switzerland","Lucerne, Switzerland",15,summer,6,nature_sport,0.4,0.1,0.2,0.3,90.7533204,0.9605856,0.9777778,0.8888889,0.639966,1.0,0.9233337,0.9833333,5.845914,-
1,route_planner_greedy:RoutePlanner,"Geneva, Switzerland","Lucerne, Switzerland",15,summer,6,culture_food,0.1,0.4,0.3,0.2,76.4684519,0.5256849,0.9777778,0.8888889,0.696907,1.0,0.9398416,0.9833333,0.012749,-
2,route_planner_greedy_local:RoutePlanner,"Geneva, Switzerland","Lucerne, Switzerland",15,summer,6,culture_food,0.1,0.4,0.3,0.2,92.1815685,0.9841549,0.9555556,0.8888889,0.696907,1.0,0.9398416,0.9833333,2.046548,-
3,route_planner:RoutePlanner,"Geneva, Switzerland","Lucerne, Switzerland",15,summer,6,culture_food,0.1,0.4,0.3,0.2,93.7037833,0.9841549,1.0,1.0,0.7024658,1.0,0.7609415,0.9833333,5.48165,-
1,route_planner_greedy:RoutePlanner,"Geneva, Switzerland","Lucerne, Switzerland",15,summer,10,balanced,0.25,0.25,0.25,0.25,77.683535,0.641791,0.9666667,0.6666667,0.7258343,1.0,1.0,0.9666667,0.143556,-
2,route_planner_greedy_local:RoutePlanner,"Geneva, Switzerland","Lucerne, Switzerland",15,summer,10,balanced,0.25,0.25,0.25,0.25,89.6984604,0.9850746,0.9666667,0.6666667,0.7258343,1.0,1.0,0.9666667,4.390924,-
3,route_planner:RoutePlanner,"Geneva, Switzerland","Lucerne, Switzerland",15,summer,10,balanced,0.25,0.25,0.25,0.25,93.6963618,0.988189,0.9533333,1.0,0.705094,1.0,0.8466674,1.0,13.959795,-
1,route_planner_greedy:RoutePlanner,"Geneva, Switzerland","Lucerne, Switzerland",15,summer,10,nature_sport,0.4,0.1,0.2,0.3,80.109402,0.7035985,0.9733333,0.7777778,0.6366393,0.9984262,0.9699208,0.9666667,0.106934,-
2,route_planner_greedy_local:RoutePlanner,"Geneva, Switzerland","Lucerne, Switzerland",15,summer,10,nature_sport,0.4,0.1,0.2,0.3,90.0967758,0.988952,0.9733333,0.7777778,0.6366393,0.9984262,0.9699208,0.9666667,3.464737,-
3,route_planner:RoutePlanner,"Geneva, Switzerland","Lucerne, Switzerland",15,summer,10,nature_sport,0.4,0.1,0.2,0.3,91.5527859,0.988952,0.9866667,0.8888889,0.6291839,0.9986228,0.9097623,0.9666667,7.245962,-
1,route_planner_greedy:RoutePlanner,"Geneva, Switzerland","Lucerne, Switzerland",15,summer,10,culture_food,0.1,0.4,0.3,0.2,77.4311399,0.5936693,0.9533333,0.7777778,0.7141368,0.9973998,1.0,1.0,0.12941,-
2,route_planner_greedy_local:RoutePlanner,"Geneva, Switzerland","Lucerne, Switzerland",15,summer,10,culture_food,0.1,0.4,0.3,0.2,90.4996153,0.9670543,0.9533333,0.7777778,0.7141368,0.9973998,1.0,1.0,4.937782,-
3,route_planner:RoutePlanner,"Geneva, Switzerland","Lucerne, Switzerland",15,summer,10,culture_food,0.1,0.4,0.3,0.2,93.4455925,0.9887821,0.9933333,1.0,0.6647373,0.9967553,0.8165882,0.9833333,12.139221,-
1,route_planner_greedy:RoutePlanner,"St. Moritz, Switzerland","St. Moritz, Switzerland",15,summer,6,balanced,0.25,0.25,0.25,0.25,70.9058375,0.6956522,0.9666667,0.6666667,0.7979877,0.0171529,1.0,0.9833333,0.015232,-
2,route_planner_greedy_local:RoutePlanner,"St. Moritz, Switzerland","St. Moritz, Switzerland",15,summer,6,balanced,0.25,0.25,0.25,0.25,70.9058375,0.6956522,0.9666667,0.6666667,0.7979877,0.0171529,1.0,0.9833333,0.306801,-
3,route_planner:RoutePlanner,"St. Moritz, Switzerland","St. Moritz, Switzerland",15,summer,6,balanced,0.25,0.25,0.25,0.25,70.9058375,0.6956522,0.9666667,0.6666667,0.7979877,0.0171529,1.0,0.9833333,0.328975,-
1,route_planner_greedy:RoutePlanner,"St. Moritz, Switzerland","St. Moritz, Switzerland",15,summer,6,nature_sport,0.4,0.1,0.2,0.3,74.5262544,0.7857143,0.9666667,0.6666667,0.8301253,0.0157709,1.0,0.9833333,0.014456,-
2,route_planner_greedy_local:RoutePlanner,"St. Moritz, Switzerland","St. Moritz, Switzerland",15,summer,6,nature_sport,0.4,0.1,0.2,0.3,74.5262544,0.7857143,0.9666667,0.6666667,0.8301253,0.0157709,1.0,0.9833333,0.440169,-
3,route_planner:RoutePlanner,"St. Moritz, Switzerland","St. Moritz, Switzerland",15,summer,6,nature_sport,0.4,0.1,0.2,0.3,74.5262544,0.7857143,0.9666667,0.6666667,0.8301253,0.0157709,1.0,0.9833333,0.271663,-
1,route_planner_greedy:RoutePlanner,"St. Moritz, Switzerland","St. Moritz, Switzerland",15,summer,6,culture_food,0.1,0.4,0.3,0.2,74.2448927,0.7032828,0.9555556,0.7777778,0.9059698,0.0190843,0.9699208,1.0,0.013112,-
2,route_planner_greedy_local:RoutePlanner,"St. Moritz, Switzerland","St. Moritz, Switzerland",15,summer,6,culture_food,0.1,0.4,0.3,0.2,74.2448927,0.7032828,0.9555556,0.7777778,0.9059698,0.0190843,0.9699208,1.0,0.312653,-
3,route_planner:RoutePlanner,"St. Moritz, Switzerland","St. Moritz, Switzerland",15,summer,6,culture_food,0.1,0.4,0.3,0.2,74.2448927,0.7032828,0.9555556,0.7777778,0.9059698,0.0190843,0.9699208,1.0,0.318816,-
1,route_planner_greedy:RoutePlanner,"St. Moritz, Switzerland","St. Moritz, Switzerland",15,summer,10,balanced,0.25,0.25,0.25,0.25,67.5642732,0.592,0.96,0.6666667,0.8246652,0.0157628,1.0,0.9833333,0.128991,-
2,route_planner_greedy_local:RoutePlanner,"St. Moritz, Switzerland","St. Moritz, Switzerland",15,summer,10,balanced,0.25,0.25,0.25,0.25,67.5642732,0.592,0.96,0.6666667,0.8246652,0.0157628,1.0,0.9833333,0.736711,-
3,route_planner:RoutePlanner,"St. Moritz, Switzerland","St. Moritz, Switzerland",15,summer,10,balanced,0.25,0.25,0.25,0.25,67.5642732,0.592,0.96,0.6666667,0.8246652,0.0157628,1.0,0.9833333,0.851341,-
1,route_planner_greedy:RoutePlanner,"St. Moritz, Switzerland","St. Moritz, Switzerland",15,summer,10,nature_sport,0.4,0.1,0.2,0.3,73.4030485,0.7112861,0.98,0.6666667,0.9414341,0.0003586,0.9699208,0.9666667,0.101688,-
2,route_planner_greedy_local:RoutePlanner,"St. Moritz, Switzerland","St. Moritz, Switzerland",15,summer,10,nature_sport,0.4,0.1,0.2,0.3,73.4030485,0.7112861,0.98,0.6666667,0.9414341,0.0003586,0.9699208,0.9666667,0.586623,-
3,route_planner:RoutePlanner,"St. Moritz, Switzerland","St. Moritz, Switzerland",15,summer,10,nature_sport,0.4,0.1,0.2,0.3,73.4030485,0.7112861,0.98,0.6666667,0.9414341,0.0003586,0.9699208,0.9666667,0.711007,-
1,route_planner_greedy:RoutePlanner,"St. Moritz, Switzerland","St. Moritz, Switzerland",15,summer,10,culture_food,0.1,0.4,0.3,0.2,66.9265505,0.5528455,0.9333333,0.6666667,0.9204639,0.0003728,0.9699208,0.9833333,0.121051,-
2,route_planner_greedy_local:RoutePlanner,"St. Moritz, Switzerland","St. Moritz, Switzerland",15,summer,10,culture_food,0.1,0.4,0.3,0.2,66.9265505,0.5528455,0.9333333,0.6666667,0.9204639,0.0003728,0.9699208,0.9833333,0.685436,-
3,route_planner:RoutePlanner,"St. Moritz, Switzerland","St. Moritz, Switzerland",15,summer,10,culture_food,0.1,0.4,0.3,0.2,66.9265505,0.5528455,0.9333333,0.6666667,0.9204639,0.0003728,0.9699208,0.9833333,0.875912,-
1,route_planner_greedy:RoutePlanner,"Interlaken, Switzerland","St. Moritz, Switzerland",15,winter,6,balanced,0.25,0.25,0.25,0.25,61.024607,0.3428571,0.9777778,0.8888889,0.7239663,0.0315508,0.9699208,1.0,0.006914,-
2,route_planner_greedy_local:RoutePlanner,"Interlaken, Switzerland","St. Moritz, Switzerland",15,winter,6,balanced,0.25,0.25,0.25,0.25,72.3677443,0.6764706,0.9555556,0.8888889,0.7239663,0.0315508,0.9699208,1.0,1.873645,-
3,route_planner:RoutePlanner,"Interlaken, Switzerland","St. Moritz, Switzerland",15,winter,6,balanced,0.25,0.25,0.25,0.25,91.1351194,0.9492754,0.9555556,1.0,0.7082158,0.8720574,0.8466674,1.0,3.701738,-
1,route_planner_greedy:RoutePlanner,"Interlaken, Switzerland","St. Moritz, Switzerland",15,winter,6,nature_sport,0.4,0.1,0.2,0.3,72.261162,0.4768519,0.9777778,0.8888889,0.7278172,0.6804485,0.9699208,1.0,0.007142,-
2,route_planner_greedy_local:RoutePlanner,"Interlaken, Switzerland","St. Moritz, Switzerland",15,winter,6,nature_sport,0.4,0.1,0.2,0.3,72.261162,0.4768519,0.9777778,0.8888889,0.7278172,0.6804485,0.9699208,1.0,0.191255,-
3,route_planner:RoutePlanner,"Interlaken, Switzerland","St. Moritz, Switzerland",15,winter,6,nature_sport,0.4,0.1,0.2,0.3,86.8415671,0.8005952,0.9666667,1.0,0.741739,0.9111707,0.8165882,1.0,2.117675,-
1,route_planner_greedy:RoutePlanner,"Interlaken, Switzerland","St. Moritz, Switzerland",15,winter,6,culture_food,0.1,0.4,0.3,0.2,68.9880138,0.3928571,0.9555556,0.8888889,0.7278172,0.6804485,0.9699208,1.0,0.00747,-
2,route_planner_greedy_local:RoutePlanner,"Interlaken, Switzerland","St. Moritz, Switzerland",15,winter,6,culture_food,0.1,0.4,0.3,0.2,77.6804158,0.6507353,0.9333333,0.8888889,0.7278172,0.6804485,0.9699208,1.0,0.973696,-
3,route_planner:RoutePlanner,"Interlaken, Switzerland","St. Moritz, Switzerland",15,winter,6,culture_food,0.1,0.4,0.3,0.2,88.5481684,0.9248634,0.8888889,1.0,0.7132494,0.7913332,0.8631753,0.9833333,3.496085,-
1,route_planner_greedy:RoutePlanner,"Interlaken, Switzerland","St. Moritz, Switzerland",15,winter,10,balanced,0.25,0.25,0.25,0.25,65.0546551,0.4958678,0.9133333,0.8888889,0.7000079,0.0316228,0.9699208,1.0,0.040461,-
2,route_planner_greedy_local:RoutePlanner,"Interlaken, Switzerland","St. Moritz, Switzerland",15,winter,10,balanced,0.25,0.25,0.25,0.25,75.5875185,0.802521,0.9,0.8888889,0.7000079,0.0316228,0.9699208,1.0,1.482685,-
3,route_planner:RoutePlanner,"Interlaken, Switzerland","St. Moritz, Switzerland",15,winter,10,balanced,0.25,0.25,0.25,0.25,91.9923293,0.983871,0.94,1.0,0.7001956,0.8720574,0.8466674,1.0,5.763846,-
1,route_planner_greedy:RoutePlanner,"Interlaken, Switzerland","St. Moritz, Switzerland",15,winter,10,nature_sport,0.4,0.1,0.2,0.3,75.4610462,0.6097561,0.9266667,0.8888889,0.7236664,0.6181649,0.9699208,1.0,0.040894,-
2,route_planner_greedy_local:RoutePlanner,"Interlaken, Switzerland","St. Moritz, Switzerland",15,winter,10,nature_sport,0.4,0.1,0.2,0.3,75.6981736,0.6165312,0.9266667,0.8888889,0.7236664,0.6181649,0.9699208,1.0,0.54979,-
3,route_planner:RoutePlanner,"Interlaken, Switzerland","St. Moritz, Switzerland",15,winter,10,nature_sport,0.4,0.1,0.2,0.3,77.3101375,0.6296296,0.9866667,0.7777778,0.704718,0.838606,0.9699208,1.0,1.580544,-
1,route_planner_greedy:RoutePlanner,"Interlaken, Switzerland","St. Moritz, Switzerland",15,winter,10,culture_food,0.1,0.4,0.3,0.2,72.322333,0.5722446,0.9133333,0.7777778,0.7202551,0.6440341,0.9699208,0.9666667,0.039691,-
2,route_planner_greedy_local:RoutePlanner,"Interlaken, Switzerland","St. Moritz, Switzerland",15,winter,10,culture_food,0.1,0.4,0.3,0.2,82.1330471,0.858265,0.9,0.7777778,0.7202551,0.6440341,0.9699208,0.9666667,1.937653,-
3,route_planner:RoutePlanner,"Interlaken, Switzerland","St. Moritz, Switzerland",15,winter,10,culture_food,0.1,0.4,0.3,0.2,83.7515842,0.890625,0.8933333,0.7777778,0.7470059,0.6625017,0.9699208,0.9666667,2.0985,-
1,route_planner_greedy:RoutePlanner,"Zurich, Switzerland","Zurich, Switzerland",15,winter,6,balanced,0.25,0.25,0.25,0.25,80.1989844,0.7714286,0.9444444,0.7777778,0.6701956,0.7463113,0.9699208,1.0,0.007021,-
2,route_planner_greedy_local:RoutePlanner,"Zurich, Switzerland","Zurich, Switzerland",15,winter,6,balanced,0.25,0.25,0.25,0.25,80.1989844,0.7714286,0.9444444,0.7777778,0.6701956,0.7463113,0.9699208,1.0,0.261242,-
3,route_planner:RoutePlanner,"Zurich, Switzerland","Zurich, Switzerland",15,winter,6,balanced,0.25,0.25,0.25,0.25,80.1989844,0.7714286,0.9444444,0.7777778,0.6701956,0.7463113,0.9699208,1.0,0.268699,-
1,route_planner_greedy:RoutePlanner,"Zurich, Switzerland","Zurich, Switzerland",15,winter,6,nature_sport,0.4,0.1,0.2,0.3,75.6491632,0.5115741,0.9666667,0.7777778,0.7818533,1.0,0.9699208,1.0,0.008599,-
2,route_planner_greedy_local:RoutePlanner,"Zurich, Switzerland","Zurich, Switzerland",15,winter,6,nature_sport,0.4,0.1,0.2,0.3,75.6491632,0.5115741,0.9666667,0.7777778,0.7818533,1.0,0.9699208,1.0,0.200981,-
3,route_planner:RoutePlanner,"Zurich, Switzerland","Zurich, Switzerland",15,winter,6,nature_sport,0.4,0.1,0.2,0.3,75.6491632,0.5115741,0.9666667,0.7777778,0.7818533,1.0,0.9699208,1.0,0.22017,-
1,route_planner_greedy:RoutePlanner,"Zurich, Switzerland","Zurich, Switzerland",15,winter,6,culture_food,0.1,0.4,0.3,0.2,71.8979666,0.4746377,0.9666667,0.7777778,0.8526094,0.6480236,0.9699208,1.0,0.007066,-
2,route_planner_greedy_local:RoutePlanner,"Zurich, Switzerland","Zurich, Switzerland",15,winter,6,culture_food,0.1,0.4,0.3,0.2,71.8979666,0.4746377,0.9666667,0.7777778,0.8526094,0.6480236,0.9699208,1.0,0.235248,-
3,route_planner:RoutePlanner,"Zurich, Switzerland","Zurich, Switzerland",15,winter,6,culture_food,0.1,0.4,0.3,0.2,71.8979666,0.4746377,0.9666667,0.7777778,0.8526094,0.6480236,0.9699208,1.0,0.239688,-
1,route_planner_greedy:RoutePlanner,"Zurich, Switzerland","Zurich, Switzerland",15,winter,10,balanced,0.25,0.25,0.25,0.25,70.0448918,0.4806202,0.96,0.7777778,0.6562535,0.7463113,0.9699208,1.0,0.033138,-
2,route_planner_greedy_local:RoutePlanner,"Zurich, Switzerland","Zurich, Switzerland",15,winter,10,balanced,0.25,0.25,0.25,0.25,70.0448918,0.4806202,0.96,0.7777778,0.6562535,0.7463113,0.9699208,1.0,0.445125,-
3,route_planner:RoutePlanner,"Zurich, Switzerland","Zurich, Switzerland",15,winter,10,balanced,0.25,0.25,0.25,0.25,70.0448918,0.4806202,0.96,0.7777778,0.6562535,0.7463113,0.9699208,1.0,0.415742,-
1,route_planner_greedy:RoutePlanner,"Zurich, Switzerland","Zurich, Switzerland",15,winter,10,nature_sport,0.4,0.1,0.2,0.3,76.7938008,0.6538462,0.9666667,0.7777778,0.7602495,0.6489173,0.9699208,1.0,0.040761,-
2,route_planner_greedy_local:RoutePlanner,"Zurich, Switzerland","Zurich, Switzerland",15,winter,10,nature_sport,0.4,0.1,0.2,0.3,76.7938008,0.6538462,0.9666667,0.7777778,0.7602495,0.6489173,0.9699208,1.0,0.356812,-
3,route_planner:RoutePlanner,"Zurich, Switzerland","Zurich, Switzerland",15,winter,10,nature_sport,0.4,0.1,0.2,0.3,76.7938008,0.6538462,0.9666667,0.7777778,0.7602495,0.6489173,0.9699208,1.0,0.404304,-
1,route_planner_greedy:RoutePlanner,"Zurich, Switzerland","Zurich, Switzerland",15,winter,10,culture_food,0.1,0.4,0.3,0.2,65.7640609,0.5086088,0.9133333,0.6666667,0.8407387,0.1735005,1.0,0.9833333,0.040502,-
2,route_planner_greedy_local:RoutePlanner,"Zurich, Switzerland","Zurich, Switzerland",15,winter,10,culture_food,0.1,0.4,0.3,0.2,65.7640609,0.5086088,0.9133333,0.6666667,0.8407387,0.1735005,1.0,0.9833333,0.348659,-
3,route_planner:RoutePlanner,"Zurich, Switzerland","Zurich, Switzerland",15,winter,10,culture_food,0.1,0.4,0.3,0.2,65.7640609,0.5086088,0.9133333,0.6666667,0.8407387,0.1735005,1.0,0.9833333,0.395597,-
1,route_planner_greedy:RoutePlanner,"Geneva, Switzerland","Lucerne, Switzerland",15,winter,6,balanced,0.25,0.25,0.25,0.25,76.3255766,0.5684932,0.9555556,0.7777778,0.7007766,1.0,1.0,0.9833333,0.006403,-
2,route_planner_greedy_local:RoutePlanner,"Geneva, Switzerland","Lucerne, Switzerland",15,winter,6,balanced,0.25,0.25,0.25,0.25,84.4762615,0.8013699,0.9555556,0.7777778,0.7007766,1.0,1.0,0.9833333,1.405929,-
3,route_planner:RoutePlanner,"Geneva, Switzerland","Lucerne, Switzerland",15,winter,6,balanced,0.25,0.25,0.25,0.25,90.7080324,0.9029851,0.9444444,1.0,0.7135701,1.0,0.8466674,1.0,3.877008,-
1,route_planner_greedy:RoutePlanner,"Geneva, Switzerland","Lucerne, Switzerland",15,winter,6,nature_sport,0.4,0.1,0.2,0.3,74.4407421,0.5336758,0.9555556,0.6666667,0.7750501,0.9969671,1.0,0.9666667,0.007184,-
2,route_planner_greedy_local:RoutePlanner,"Geneva, Switzerland","Lucerne, Switzerland",15,winter,6,nature_sport,0.4,0.1,0.2,0.3,74.8373206,0.5497685,0.9444444,0.6666667,0.7750501,0.9969671,1.0,0.9666667,0.448903,-
3,route_planner:RoutePlanner,"Geneva, Switzerland","Lucerne, Switzerland",15,winter,6,nature_sport,0.4,0.1,0.2,0.3,80.1308471,0.639881,0.9333333,0.8888889,0.7703841,0.9977245,0.8070682,0.9666667,1.75806,-
1,route_planner_greedy:RoutePlanner,"Geneva, Switzerland","Lucerne, Switzerland",15,winter,6,culture_food,0.1,0.4,0.3,0.2,78.5424774,0.5997807,1.0,0.7777778,0.7311213,1.0,1.0,0.9833333,0.02001,-
2,route_planner_greedy_local:RoutePlanner,"Geneva, Switzerland","Lucerne, Switzerland",15,winter,6,culture_food,0.1,0.4,0.3,0.2,86.02603,0.8135965,1.0,0.7777778,0.7311213,1.0,1.0,0.9833333,1.334555,-
3,route_planner:RoutePlanner,"Geneva, Switzerland","Lucerne, Switzerland",15,winter,6,culture_food,0.1,0.4,0.3,0.2,86.02603,0.8135965,1.0,0.7777778,0.7311213,1.0,1.0,0.9833333,1.88863,-
1,route_planner_greedy:RoutePlanner,"Geneva, Switzerland","Lucerne, Switzerland",15,winter,10,balanced,0.25,0.25,0.25,0.25,73.5268424,0.4274809,0.9533333,0.8888889,0.7388049,1.0,0.9699208,1.0,0.032425,-
2,route_planner_greedy_local:RoutePlanner,"Geneva, Switzerland","Lucerne, Switzerland",15,winter,10,balanced,0.25,0.25,0.25,0.25,86.7894005,0.8292683,0.9,0.8888889,0.7388049,1.0,0.9699208,1.0,2.944015,-
3,route_planner:RoutePlanner,"Geneva, Switzerland","Lucerne, Switzerland",15,winter,10,balanced,0.25,0.25,0.25,0.25,87.0591746,0.8099174,0.9066667,1.0,0.7097196,1.0,0.8932545,1.0,6.462047,-
1,route_planner_greedy:RoutePlanner,"Geneva, Switzerland","Lucerne, Switzerland",15,winter,10,nature_sport,0.4,0.1,0.2,0.3,77.4884229,0.5744485,0.9933333,0.7777778,0.7210705,1.0,1.0,1.0,0.027704,-
2,route_planner_greedy_local:RoutePlanner,"Geneva, Switzerland","Lucerne, Switzerland",15,winter,10,nature_sport,0.4,0.1,0.2,0.3,79.4277861,0.632716,0.9866667,0.7777778,0.7210705,1.0,1.0,1.0,0.881512,-
3,route_planner:RoutePlanner,"Geneva, Switzerland","Lucerne, Switzerland",15,winter,10,nature_sport,0.4,0.1,0.2,0.3,81.0957291,0.6596692,0.9666667,0.8888889,0.7038203,1.0,0.9233337,1.0,2.240348,-
1,route_planner_greedy:RoutePlanner,"Geneva, Switzerland","Lucerne, Switzerland",15,winter,10,culture_food,0.1,0.4,0.3,0.2,68.8327286,0.3371212,0.96,0.7777778,0.7311213,1.0,1.0,1.0,0.030304,-
2,route_planner_greedy_local:RoutePlanner,"Geneva, Switzerland","Lucerne, Switzerland",15,winter,10,culture_food,0.1,0.4,0.3,0.2,87.9204008,0.9139118,0.8866667,0.7777778,0.7311213,1.0,1.0,1.0,3.217137,-
3,route_planner:RoutePlanner,"Geneva, Switzerland","Lucerne, Switzerland",15,winter,10,culture_food,0.1,0.4,0.3,0.2,92.9686015,0.9878472,0.9133333,1.0,0.7097196,0.9581882,0.8932545,1.0,6.457963,-
1,route_planner_greedy:RoutePlanner,"St. Moritz, Switzerland","St. Moritz, Switzerland",15,winter,6,balanced,0.25,0.25,0.25,0.25,73.8973892,0.7536232,0.9777778,0.6666667,0.8454921,0.0171529,1.0,1.0,0.009675,-
2,route_planner_greedy_local:RoutePlanner,"St. Moritz, Switzerland","St. Moritz, Switzerland",15,winter,6,balanced,0.25,0.25,0.25,0.25,73.8973892,0.7536232,0.9777778,0.6666667,0.8454921,0.0171529,1.0,1.0,0.258759,-
3,route_planner:RoutePlanner,"St. Moritz, Switzerland","St. Moritz, Switzerland",15,winter,6,balanced,0.25,0.25,0.25,0.25,73.8973892,0.7536232,0.9777778,0.6666667,0.8454921,0.0171529,1.0,1.0,0.260541,-
1,route_planner_greedy:RoutePlanner,"St. Moritz, Switzerland","St. Moritz, Switzerland",15,winter,6,nature_sport,0.4,0.1,0.2,0.3,67.1426489,0.5621981,0.9777778,0.6666667,0.8418347,0.0171529,1.0,1.0,0.008577,-
2,route_planner_greedy_local:RoutePlanner,"St. Moritz, Switzerland","St. Moritz, Switzerland",15,winter,6,nature_sport,0.4,0.1,0.2,0.3,67.1426489,0.5621981,0.9777778,0.6666667,0.8418347,0.0171529,1.0,1.0,0.233523,-
3,route_planner:RoutePlanner,"St. Moritz, Switzerland","St. Moritz, Switzerland",15,winter,6,nature_sport,0.4,0.1,0.2,0.3,67.1426489,0.5621981,0.9777778,0.6666667,0.8418347,0.0171529,1.0,1.0,0.244723,-
1,route_planner_greedy:RoutePlanner,"St. Moritz, Switzerland","St. Moritz, Switzerland",15,winter,6,culture_food,0.1,0.4,0.3,0.2,69.9612385,0.6286232,0.9666667,0.6666667,0.889756,0.0113088,1.0,1.0,0.007655,-
2,route_planner_greedy_local:RoutePlanner,"St. Moritz, Switzerland","St. Moritz, Switzerland",15,winter,6,culture_food,0.1,0.4,0.3,0.2,69.9612385,0.6286232,0.9666667,0.6666667,0.889756,0.0113088,1.0,1.0,0.23519,-
3,route_planner:RoutePlanner,"St. Moritz, Switzerland","St. Moritz, Switzerland",15,winter,6,culture_food,0.1,0.4,0.3,0.2,69.9612385,0.6286232,0.9666667,0.6666667,0.889756,0.0113088,1.0,1.0,0.246202,-
1,route_planner_greedy:RoutePlanner,"St. Moritz, Switzerland","St. Moritz, Switzerland",15,winter,10,balanced,0.25,0.25,0.25,0.25,73.3699929,0.6885246,0.9666667,0.7777778,0.8830241,0.001,0.9699208,1.0,0.047904,-
2,route_planner_greedy_local:RoutePlanner,"St. Moritz, Switzerland","St. Moritz, Switzerland",15,winter,10,balanced,0.25,0.25,0.25,0.25,73.3699929,0.6885246,0.9666667,0.7777778,0.8830241,0.001,0.9699208,1.0,0.431861,-
3,route_planner:RoutePlanner,"St. Moritz, Switzerland","St. Moritz, Switzerland",15,winter,10,balanced,0.25,0.25,0.25,0.25,73.3699929,0.6885246,0.9666667,0.7777778,0.8830241,0.001,0.9699208,1.0,0.477212,-
1,route_planner_greedy:RoutePlanner,"St. Moritz, Switzerland","St. Moritz, Switzerland",15,winter,10,nature_sport,0.4,0.1,0.2,0.3,68.8181739,0.6171086,1.0,0.6666667,0.804111,0.0157709,1.0,1.0,0.038961,-
2,route_planner_greedy_local:RoutePlanner,"St. Moritz, Switzerland","St. Moritz, Switzerland",15,winter,10,nature_sport,0.4,0.1,0.2,0.3,68.8181739,0.6171086,1.0,0.6666667,0.804111,0.0157709,1.0,1.0,0.318661,-
3,route_planner:RoutePlanner,"St. Moritz, Switzerland","St. Moritz, Switzerland",15,winter,10,nature_sport,0.4,0.1,0.2,0.3,68.8181739,0.6171086,1.0,0.6666667,0.804111,0.0157709,1.0,1.0,0.377636,-
1,route_planner_greedy:RoutePlanner,"St. Moritz, Switzerland","St. Moritz, Switzerland",15,winter,10,culture_food,0.1,0.4,0.3,0.2,69.9412561,0.6314103,0.92,0.6666667,0.9414341,0.0003719,1.0,0.9833333,0.042278,-
2,route_planner_greedy_local:RoutePlanner,"St. Moritz, Switzerland","St. Moritz, Switzerland",15,winter,10,culture_food,0.1,0.4,0.3,0.2,69.9412561,0.6314103,0.92,0.6666667,0.9414341,0.0003719,1.0,0.9833333,0.354939,-
3,route_planner:RoutePlanner,"St. Moritz, Switzerland","St. Moritz, Switzerland",15,winter,10,culture_food,0.1,0.4,0.3,0.2,69.9412561,0.6314103,0.92,0.6666667,0.9414341,0.0003719,1.0,0.9833333,0.413571,-
1,route_planner_greedy:RoutePlanner,"Interlaken, Switzerland","St. Moritz, Switzerland",21,summer,6,balanced,0.25,0.25,0.25,0.25,73.9632504,0.5346535,0.968254,0.7692308,0.6948162,0.8825388,1.0,0.9880952,0.020381,-
2,route_planner_greedy_local:RoutePlanner,"Interlaken, Switzerland","St. Moritz, Switzerland",21,summer,6,balanced,0.25,0.25,0.25,0.25,86.2652306,0.8861386,0.968254,0.7692308,0.6948162,0.8825388,1.0,0.9880952,2.778115,-
3,route_planner:RoutePlanner,"Interlaken, Switzerland","St. Moritz, Switzerland",21,summer,6,balanced,0.25,0.25,0.25,0.25,90.55208,0.9489796,0.9603175,0.9230769,0.7015255,0.9312562,0.8621916,0.9880952,5.665041,-
1,route_planner_greedy:RoutePlanner,"Interlaken, Switzerland","St. Moritz, Switzerland",21,summer,6,nature_sport,0.4,0.1,0.2,0.3,73.5679726,0.5080906,0.9761905,0.7692308,0.7487022,0.8599423,0.9785148,0.9761905,0.018458,-
2,route_planner_greedy_local:RoutePlanner,"Interlaken, Switzerland","St. Moritz, Switzerland",21,summer,6,nature_sport,0.4,0.1,0.2,0.3,75.9172415,0.5854167,0.952381,0.7692308,0.7487022,0.8599423,0.9785148,0.9761905,1.469323,-
3,route_planner:RoutePlanner,"Interlaken, Switzerland","St. Moritz, Switzerland",21,summer,6,nature_sport,0.4,0.1,0.2,0.3,84.81562,0.8442982,0.9126984,0.8461538,0.7084968,0.926713,0.8689916,0.9285714,4.903878,-
1,route_planner_greedy:RoutePlanner,"Interlaken, Switzerland","St. Moritz, Switzerland",21,summer,6,culture_food,0.1,0.4,0.3,0.2,68.5917217,0.4285131,0.9603175,0.7692308,0.726656,0.6810225,1.0,0.9880952,0.017518,-
2,route_planner_greedy_local:RoutePlanner,"Interlaken, Switzerland","St. Moritz, Switzerland",21,summer,6,culture_food,0.1,0.4,0.3,0.2,87.2355126,0.9611928,0.9603175,0.7692308,0.726656,0.6810225,1.0,0.9880952,4.263387,-
3,route_planner:RoutePlanner,"Interlaken, Switzerland","St. Moritz, Switzerland",21,summer,6,culture_food,0.1,0.4,0.3,0.2,91.582082,0.9854167,0.9603175,0.8461538,0.7374421,0.926713,0.9452384,0.9880952,9.580143,-
1,route_planner_greedy:RoutePlanner,"Interlaken, Switzerland","St. Moritz, Switzerland",21,summer,10,balanced,0.25,0.25,0.25,0.25,82.2504411,0.75,0.9666667,0.7692308,0.7453816,0.884078,1.0,0.9880952,0.169663,-
2,route_planner_greedy_local:RoutePlanner,"Interlaken, Switzerland","St. Moritz, Switzerland",21,summer,10,balanced,0.25,0.25,0.25,0.25,90.6200064,0.9891304,0.9666667,0.7692308,0.7453816,0.884078,1.0,0.9880952,5.242513,-
3,route_planner:RoutePlanner,"Interlaken, Switzerland","St. Moritz, Switzerland",21,summer,10,balanced,0.25,0.25,0.25,0.25,90.1235288,0.9916201,0.9428571,0.7692308,0.7453816,0.884078,0.9785148,0.9642857,12.413339,-
1,route_planner_greedy:RoutePlanner,"Interlaken, Switzerland","St. Moritz, Switzerland",21,summer,10,nature_sport,0.4,0.1,0.2,0.3,80.1932819,0.7069964,0.9714286,0.7692308,0.7149473,0.884078,0.9785148,0.9761905,0.185507,-
2,route_planner_greedy_local:RoutePlanner,"Interlaken, Switzerland","St. Moritz, Switzerland",21,summer,10,nature_sport,0.4,0.1,0.2,0.3,88.7717133,0.9520945,0.9714286,0.7692308,0.7149473,0.884078,0.9785148,0.9761905,4.572405,-
3,route_planner:RoutePlanner,"Interlaken, Switzerland","St. Moritz, Switzerland",21,summer,10,nature_sport,0.4,0.1,0.2,0.3,90.6524827,0.972973,0.9761905,0.8461538,0.7091305,0.9126588,0.9237532,0.9761905,13.021872,-
1,route_planner_greedy:RoutePlanner,"Interlaken, Switzerland","St. Moritz, Switzerland",21,summer,10,culture_food,0.1,0.4,0.3,0.2,70.4771907,0.631262,0.9190476,0.6923077,0.6809979,0.4176293,1.0,0.9642857,0.166403,-
2,route_planner_greedy_local:RoutePlanner,"Interlaken, Switzerland","St. Moritz, Switzerland",21,summer,10,culture_food,0.1,0.4,0.3,0.2,81.9152762,0.9703094,0.8904762,0.6923077,0.6809979,0.4176293,1.0,0.9642857,6.833269,-
3,route_planner:RoutePlanner,"Interlaken, Switzerland","St. Moritz, Switzerland",21,summer,10,culture_food,0.1,0.4,0.3,0.2,88.3438508,0.9824297,0.9,0.7692308,0.7070207,0.8707895,0.9452384,0.9761905,14.427938,-
1,route_planner_greedy:RoutePlanner,"Zurich, Switzerland","Zurich, Switzerland",21,summer,6,balanced,0.25,0.25,0.25,0.25,68.9047963,0.5471698,0.984127,0.6923077,0.6935984,0.426288,1.0,0.9880952,0.027528,-
2,route_planner_greedy_local:RoutePlanner,"Zurich, Switzerland","Zurich, Switzerland",21,summer,6,balanced,0.25,0.25,0.25,0.25,68.9047963,0.5471698,0.984127,0.6923077,0.6935984,0.426288,1.0,0.9880952,0.554681,-
3,route_planner:RoutePlanner,"Zurich, Switzerland","Zurich, Switzerland",21,summer,6,balanced,0.25,0.25,0.25,0.25,68.9047963,0.5471698,0.984127,0.6923077,0.6935984,0.426288,1.0,0.9880952,0.567304,-
1,route_planner_greedy:RoutePlanner,"Zurich, Switzerland","Zurich, Switzerland",21,summer,6,nature_sport,0.4,0.1,0.2,0.3,64.8375547,0.4757282,0.968254,0.6153846,0.7160894,0.3869721,1.0,0.9642857,0.015123,-
2,route_planner_greedy_local:RoutePlanner,"Zurich, Switzerland","Zurich, Switzerland",21,summer,6,nature_sport,0.4,0.1,0.2,0.3,64.8375547,0.4757282,0.968254,0.6153846,0.7160894,0.3869721,1.0,0.9642857,0.640848,-
3,route_planner:RoutePlanner,"Zurich, Switzerland","Zurich, Switzerland",21,summer,6,nature_sport,0.4,0.1,0.2,0.3,64.8375547,0.4757282,0.968254,0.6153846,0.7160894,0.3869721,1.0,0.9642857,0.66933,-
1,route_planner_greedy:RoutePlanner,"Zurich, Switzerland","Zurich, Switzerland",21,summer,6,culture_food,0.1,0.4,0.3,0.2,70.1684749,0.6597896,0.9603175,0.6153846,0.737008,0.2563758,1.0,0.9642857,0.016369,-
2,route_planner_greedy_local:RoutePlanner,"Zurich, Switzerland","Zurich, Switzerland",21,summer,6,culture_food,0.1,0.4,0.3,0.2,70.1684749,0.6597896,0.9603175,0.6153846,0.737008,0.2563758,1.0,0.9642857,0.593284,-
3,route_planner:RoutePlanner,"Zurich, Switzerland","Zurich, Switzerland",21,summer,6,culture_food,0.1,0.4,0.3,0.2,70.1684749,0.6597896,0.9603175,0.6153846,0.737008,0.2563758,1.0,0.9642857,0.611293,-
1,route_planner_greedy:RoutePlanner,"Zurich, Switzerland","Zurich, Switzerland",21,summer,10,balanced,0.25,0.25,0.25,0.25,80.3137913,0.6813187,0.9571429,0.6923077,0.7868542,0.998259,1.0,0.9880952,0.171899,-
2,route_planner_greedy_local:RoutePlanner,"Zurich, Switzerland","Zurich, Switzerland",21,summer,10,balanced,0.25,0.25,0.25,0.25,80.3137913,0.6813187,0.9571429,0.6923077,0.7868542,0.998259,1.0,0.9880952,1.061784,-
3,route_planner:RoutePlanner,"Zurich, Switzerland","Zurich, Switzerland",21,summer,10,balanced,0.25,0.25,0.25,0.25,80.3137913,0.6813187,0.9571429,0.6923077,0.7868542,0.998259,1.0,0.9880952,1.339225,-
1,route_planner_greedy:RoutePlanner,"Zurich, Switzerland","Zurich, Switzerland",21,summer,10,nature_sport,0.4,0.1,0.2,0.3,73.0849774,0.652027,0.9809524,0.6923077,0.7310981,0.4258183,1.0,0.9880952,0.169932,-
2,route_planner_greedy_local:RoutePlanner,"Zurich, Switzerland","Zurich, Switzerland",21,summer,10,nature_sport,0.4,0.1,0.2,0.3,73.0849774,0.652027,0.9809524,0.6923077,0.7310981,0.4258183,1.0,0.9880952,1.139187,-
3,route_planner:RoutePlanner,"Zurich, Switzerland","Zurich, Switzerland",21,summer,10,nature_sport,0.4,0.1,0.2,0.3,73.0849774,0.652027,0.9809524,0.6923077,0.7310981,0.4258183,1.0,0.9880952,1.313793,-
1,route_planner_greedy:RoutePlanner,"Zurich, Switzerland","Zurich, Switzerland",21,summer,10,culture_food,0.1,0.4,0.3,0.2,67.7944765,0.547619,0.9428571,0.6923077,0.7868542,0.2357048,1.0,0.9880952,0.173161,-
2,route_planner_greedy_local:RoutePlanner,"Zurich, Switzerland","Zurich, Switzerland",21,summer,10,culture_food,0.1,0.4,0.3,0.2,67.7944765,0.547619,0.9428571,0.6923077,0.7868542,0.2357048,1.0,0.9880952,1.055128,-
3,route_planner:RoutePlanner,"Zurich, Switzerland","Zurich, Switzerland",21,summer,10,culture_food,0.1,0.4,0.3,0.2,67.7944765,0.547619,0.9428571,0.6923077,0.7868542,0.2357048,1.0,0.9880952,1.255874,-
1,route_planner_greedy:RoutePlanner,"Geneva, Switzerland","Lucerne, Switzerland",21,summer,6,balanced,0.25,0.25,0.25,0.25,66.9530491,0.4646465,0.968254,0.8461538,0.6738074,0.347462,0.9785148,1.0,0.014981,-
2,route_planner_greedy_local:RoutePlanner,"Geneva, Switzerland","Lucerne, Switzerland",21,summer,6,balanced,0.25,0.25,0.25,0.25,79.4999466,0.8265306,0.9603175,0.8461538,0.6738074,0.347462,0.9785148,1.0,3.419141,-
3,route_planner:RoutePlanner,"Geneva, Switzerland","Lucerne, Switzerland",21,summer,6,balanced,0.25,0.25,0.25,0.25,90.1983024,0.9306931,0.9603175,0.9230769,0.67487,0.9997,0.8625204,0.9880952,8.042649,-
1,route_planner_greedy:RoutePlanner,"Geneva, Switzerland","Lucerne, Switzerland",21,summer,6,nature_sport,0.4,0.1,0.2,0.3,77.6452371,0.609375,0.984127,0.7692308,0.6828813,1.0,0.9785148,0.9761905,0.015916,-
2,route_planner_greedy_local:RoutePlanner,"Geneva, Switzerland","Lucerne, Switzerland",21,summer,6,nature_sport,0.4,0.1,0.2,0.3,89.0742781,0.9393204,0.9761905,0.7692308,0.6828813,1.0,0.9785148,0.9761905,2.805136,-
3,route_planner:RoutePlanner,"Geneva, Switzerland","Lucerne, Switzerland",21,summer,6,nature_sport,0.4,0.1,0.2,0.3,90.0787339,0.9642857,0.9920635,0.7692308,0.6828813,1.0,0.9570297,0.9761905,7.561352,-
1,route_planner_greedy:RoutePlanner,"Geneva, Switzerland","Lucerne, Switzerland",21,summer,6,culture_food,0.1,0.4,0.3,0.2,78.1789143,0.6170635,0.984127,0.7692308,0.7005199,1.0,0.9785148,0.9761905,0.0149,-
2,route_planner_greedy_local:RoutePlanner,"Geneva, Switzerland","Lucerne, Switzerland",21,summer,6,culture_food,0.1,0.4,0.3,0.2,89.5678032,0.9424603,0.984127,0.7692308,0.7005199,1.0,0.9785148,0.9761905,3.460783,-
3,route_planner:RoutePlanner,"Geneva, Switzerland","Lucerne, Switzerland",21,summer,6,culture_food,0.1,0.4,0.3,0.2,91.5801692,0.9719551,0.9920635,0.8461538,0.6992507,1.0,0.9237532,0.9761905,9.011066,-
1,route_planner_greedy:RoutePlanner,"Geneva, Switzerland","Lucerne, Switzerland",21,summer,10,balanced,0.25,0.25,0.25,0.25,73.2053831,0.5513514,0.952381,0.6153846,0.7126148,1.0,1.0,0.9404762,0.120336,-
2,route_planner_greedy_local:RoutePlanner,"Geneva, Switzerland","Lucerne, Switzerland",21,summer,10,balanced,0.25,0.25,0.25,0.25,81.0014924,0.7802198,0.9380952,0.6153846,0.7126148,1.0,1.0,0.9404762,6.585539,-
3,route_planner:RoutePlanner,"Geneva, Switzerland","Lucerne, Switzerland",21,summer,10,balanced,0.25,0.25,0.25,0.25,90.8272599,0.9912281,0.9285714,0.9230769,0.67487,0.9318967,0.8192212,0.9642857,19.636529,-
1,route_planner_greedy:RoutePlanner,"Geneva, Switzerland","Lucerne, Switzerland",21,summer,10,nature_sport,0.4,0.1,0.2,0.3,82.7590631,0.7524642,0.9809524,0.7692308,0.6938375,0.9988981,0.9785148,0.9761905,0.161737,-
2,route_planner_greedy_local:RoutePlanner,"Geneva, Switzerland","Lucerne, Switzerland",21,summer,10,nature_sport,0.4,0.1,0.2,0.3,90.405443,0.972973,0.9761905,0.7692308,0.6938375,0.9988981,0.9785148,0.9761905,6.93044,-
3,route_planner:RoutePlanner,"Geneva, Switzerland","Lucerne, Switzerland",21,summer,10,nature_sport,0.4,0.1,0.2,0.3,90.5634402,0.9863388,0.9666667,0.7692308,0.6938375,0.9988981,0.9570297,0.9642857,11.546041,-
1,route_planner_greedy:RoutePlanner,"Geneva, Switzerland","Lucerne, Switzerland",21,summer,10,culture_food,0.1,0.4,0.3,0.2,71.8950987,0.5648148,0.9428571,0.6923077,0.7049855,0.7143373,1.0,0.9761905,0.137448,-
2,route_planner_greedy_local:RoutePlanner,"Geneva, Switzerland","Lucerne, Switzerland",21,summer,10,culture_food,0.1,0.4,0.3,0.2,85.1011172,0.9421296,0.9428571,0.6923077,0.7049855,0.7143373,1.0,0.9761905,9.292341,-
3,route_planner:RoutePlanner,"Geneva, Switzerland","Lucerne, Switzerland",21,summer,10,culture_food,0.1,0.4,0.3,0.2,90.6766572,0.9815574,0.9761905,0.8461538,0.6593426,0.9989982,0.8689916,0.952381,22.412716,-
1,route_planner_greedy:RoutePlanner,"St. Moritz, Switzerland","St. Moritz, Switzerland",21,summer,6,balanced,0.25,0.25,0.25,0.25,71.0204133,0.6530612,0.9603175,0.6923077,0.8568403,0.0580813,1.0,0.9880952,0.017767,-
2,route_planner_greedy_local:RoutePlanner,"St. Moritz, Switzerland","St. Moritz, Switzerland",21,summer,6,balanced,0.25,0.25,0.25,0.25,71.0204133,0.6530612,0.9603175,0.6923077,0.8568403,0.0580813,1.0,0.9880952,0.510637,-
3,route_planner:RoutePlanner,"St. Moritz, Switzerland","St. Moritz, Switzerland",21,summer,6,balanced,0.25,0.25,0.25,0.25,71.0204133,0.6530612,0.9603175,0.6923077,0.8568403,0.0580813,1.0,0.9880952,0.528826,-
1,route_planner_greedy:RoutePlanner,"St. Moritz, Switzerland","St. Moritz, Switzerland",21,summer,6,nature_sport,0.4,0.1,0.2,0.3,69.7538961,0.6425654,0.984127,0.6153846,0.8702283,0.0396582,1.0,0.9642857,0.017019,-
2,route_planner_greedy_local:RoutePlanner,"St. Moritz, Switzerland","St. Moritz, Switzerland",21,summer,6,nature_sport,0.4,0.1,0.2,0.3,69.7538961,0.6425654,0.984127,0.6153846,0.8702283,0.0396582,1.0,0.9642857,0.407845,-
3,route_planner:RoutePlanner,"St. Moritz, Switzerland","St. Moritz, Switzerland",21,summer,6,nature_sport,0.4,0.1,0.2,0.3,69.7538961,0.6425654,0.984127,0.6153846,0.8702283,0.0396582,1.0,0.9642857,0.426854,-
1,route_planner_greedy:RoutePlanner,"St. Moritz, Switzerland","St. Moritz, Switzerland",21,summer,6,culture_food,0.1,0.4,0.3,0.2,71.0087895,0.5765306,0.9444444,0.6923077,0.8785681,0.3159939,1.0,0.9880952,0.016534,-
2,route_planner_greedy_local:RoutePlanner,"St. Moritz, Switzerland","St. Moritz, Switzerland",21,summer,6,culture_food,0.1,0.4,0.3,0.2,71.0087895,0.5765306,0.9444444,0.6923077,0.8785681,0.3159939,1.0,0.9880952,0.733825,-
3,route_planner:RoutePlanner,"St. Moritz, Switzerland","St. Moritz, Switzerland",21,summer,6,culture_food,0.1,0.4,0.3,0.2,71.0087895,0.5765306,0.9444444,0.6923077,0.8785681,0.3159939,1.0,0.9880952,0.748912,-
1,route_planner_greedy:RoutePlanner,"St. Moritz, Switzerland","St. Moritz, Switzerland",21,summer,10,balanced,0.25,0.25,0.25,0.25,70.4704215,0.6404494,0.952381,0.6923077,0.8708793,0.0547646,0.9785148,0.9761905,0.177096,-
2,route_planner_greedy_local:RoutePlanner,"St. Moritz, Switzerland","St. Moritz, Switzerland",21,summer,10,balanced,0.25,0.25,0.25,0.25,70.4704215,0.6404494,0.952381,0.6923077,0.8708793,0.0547646,0.9785148,0.9761905,1.03039,-
3,route_planner:RoutePlanner,"St. Moritz, Switzerland","St. Moritz, Switzerland",21,summer,10,balanced,0.25,0.25,0.25,0.25,70.4704215,0.6404494,0.952381,0.6923077,0.8708793,0.0547646,0.9785148,0.9761905,1.182105,-
1,route_planner_greedy:RoutePlanner,"St. Moritz, Switzerland","St. Moritz, Switzerland",21,summer,10,nature_sport,0.4,0.1,0.2,0.3,74.7779371,0.7859745,0.9809524,0.6153846,0.8727957,0.041041,1.0,0.9642857,0.166162,-
2,route_planner_greedy_local:RoutePlanner,"St. Moritz, Switzerland","St. Moritz, Switzerland",21,summer,10,nature_sport,0.4,0.1,0.2,0.3,74.7779371,0.7859745,0.9809524,0.6153846,0.8727957,0.041041,1.0,0.9642857,0.994454,-
3,route_planner:RoutePlanner,"St. Moritz, Switzerland","St. Moritz, Switzerland",21,summer,10,nature_sport,0.4,0.1,0.2,0.3,74.7779371,0.7859745,0.9809524,0.6153846,0.8727957,0.041041,1.0,0.9642857,1.176697,-
1,route_planner_greedy:RoutePlanner,"St. Moritz, Switzerland","St. Moritz, Switzerland",21,summer,10,culture_food,0.1,0.4,0.3,0.2,68.9153862,0.6396073,0.9333333,0.6153846,0.8930577,0.0021544,1.0,0.9761905,0.194279,-
2,route_planner_greedy_local:RoutePlanner,"St. Moritz, Switzerland","St. Moritz, Switzerland",21,summer,10,culture_food,0.1,0.4,0.3,0.2,68.9153862,0.6396073,0.9333333,0.6153846,0.8930577,0.0021544,1.0,0.9761905,1.160369,-
3,route_planner:RoutePlanner,"St. Moritz, Switzerland","St. Moritz, Switzerland",21,summer,10,culture_food,0.1,0.4,0.3,0.2,68.9153862,0.6396073,0.9333333,0.6153846,0.8930577,0.0021544,1.0,0.9761905,1.28033,-
1,route_planner_greedy:RoutePlanner,"Interlaken, Switzerland","St. Moritz, Switzerland",21,winter,6,balanced,0.25,0.25,0.25,0.25,60.0383096,0.36,0.968254,0.7692308,0.7203836,0.0629808,1.0,0.9880952,0.009531,-
2,route_planner_greedy_local:RoutePlanner,"Interlaken, Switzerland","St. Moritz, Switzerland",21,winter,6,balanced,0.25,0.25,0.25,0.25,67.9145001,0.5918367,0.952381,0.7692308,0.7203836,0.0629808,1.0,0.9880952,2.580311,-
3,route_planner:RoutePlanner,"Interlaken, Switzerland","St. Moritz, Switzerland",21,winter,6,balanced,0.25,0.25,0.25,0.25,83.9629108,0.9444444,0.8650794,0.6923077,0.7082158,0.7101884,1.0,0.9642857,4.238191,-
1,route_planner_greedy:RoutePlanner,"Interlaken, Switzerland","St. Moritz, Switzerland",21,winter,6,nature_sport,0.4,0.1,0.2,0.3,73.0601786,0.5081699,0.984127,0.8461538,0.7410351,0.6811918,0.9785148,1.0,0.009599,-
2,route_planner_greedy_local:RoutePlanner,"Interlaken, Switzerland","St. Moritz, Switzerland",21,winter,6,nature_sport,0.4,0.1,0.2,0.3,73.1605463,0.5144389,0.9761905,0.8461538,0.7410351,0.6811918,0.9785148,1.0,0.492165,-
3,route_planner:RoutePlanner,"Interlaken, Switzerland","St. Moritz, Switzerland",21,winter,6,nature_sport,0.4,0.1,0.2,0.3,78.8885896,0.6296296,0.984127,1.0,0.7012212,0.7226371,0.8689916,1.0,2.075715,-
1,route_planner_greedy:RoutePlanner,"Interlaken, Switzerland","St. Moritz, Switzerland",21,winter,6,culture_food,0.1,0.4,0.3,0.2,69.2139233,0.3997525,0.968254,0.8461538,0.7374421,0.7052264,0.9785148,1.0,0.009423,-
2,route_planner_greedy_local:RoutePlanner,"Interlaken, Switzerland","St. Moritz, Switzerland",21,winter,6,culture_food,0.1,0.4,0.3,0.2,80.416039,0.730017,0.9444444,0.8461538,0.7374421,0.7052264,0.9785148,1.0,2.239407,-
3,route_planner:RoutePlanner,"Interlaken, Switzerland","St. Moritz, Switzerland",21,winter,6,culture_food,0.1,0.4,0.3,0.2,89.4381169,0.9675926,0.9047619,1.0,0.698181,0.7441537,0.8292439,0.9880952,5.527232,-
1,route_planner_greedy:RoutePlanner,"Interlaken, Switzerland","St. Moritz, Switzerland",21,winter,10,balanced,0.25,0.25,0.25,0.25,69.130474,0.4886364,0.9333333,0.8461538,0.6914736,0.5071216,0.9785148,1.0,0.051536,-
2,route_planner_greedy_local:RoutePlanner,"Interlaken, Switzerland","St. Moritz, Switzerland",21,winter,10,balanced,0.25,0.25,0.25,0.25,82.1607364,0.867052,0.9190476,0.8461538,0.6914736,0.5071216,0.9785148,1.0,3.95506,-
3,route_planner:RoutePlanner,"Interlaken, Switzerland","St. Moritz, Switzerland",21,winter,10,balanced,0.25,0.25,0.25,0.25,84.7461648,0.872093,0.9238095,0.9230769,0.7015255,0.6469276,0.9054907,1.0,3.627058,-
1,route_planner_greedy:RoutePlanner,"Interlaken, Switzerland","St. Moritz, Switzerland",21,winter,10,nature_sport,0.4,0.1,0.2,0.3,76.2715498,0.6035714,0.9380952,0.7692308,0.7184765,0.8819036,1.0,0.9880952,0.063135,-
2,route_planner_greedy_local:RoutePlanner,"Interlaken, Switzerland","St. Moritz, Switzerland",21,winter,10,nature_sport,0.4,0.1,0.2,0.3,77.7715498,0.6464286,0.9380952,0.7692308,0.7184765,0.8819036,1.0,0.9880952,1.14725,-
3,route_planner:RoutePlanner,"Interlaken, Switzerland","St. Moritz, Switzerland",21,winter,10,nature_sport,0.4,0.1,0.2,0.3,88.2648711,0.9159357,0.9285714,0.9230769,0.6887485,0.9016685,0.8407064,0.9761905,3.646689,-
1,route_planner_greedy:RoutePlanner,"Interlaken, Switzerland","St. Moritz, Switzerland",21,winter,10,culture_food,0.1,0.4,0.3,0.2,70.5369496,0.4976592,0.9333333,0.7692308,0.7331111,0.6810225,0.9785148,0.9761905,0.047107,-
2,route_planner_greedy_local:RoutePlanner,"Interlaken, Switzerland","St. Moritz, Switzerland",21,winter,10,culture_food,0.1,0.4,0.3,0.2,86.412988,0.9614644,0.9095238,0.7692308,0.7331111,0.6810225,0.9785148,0.9761905,5.31235,-
3,route_planner:RoutePlanner,"Interlaken, Switzerland","St. Moritz, Switzerland",21,winter,10,culture_food,0.1,0.4,0.3,0.2,89.0174585,0.9683236,0.9095238,0.8461538,0.714548,0.8940361,0.8621916,0.9642857,12.847139,-
1,route_planner_greedy:RoutePlanner,"Zurich, Switzerland","Zurich, Switzerland",21,winter,6,balanced,0.25,0.25,0.25,0.25,76.6274564,0.7079208,0.952381,0.6923077,0.677601,0.7075408,1.0,0.9880952,0.009427,-
2,route_planner_greedy_local:RoutePlanner,"Zurich, Switzerland","Zurich, Switzerland",21,winter,6,balanced,0.25,0.25,0.25,0.25,76.6274564,0.7079208,0.952381,0.6923077,0.677601,0.7075408,1.0,0.9880952,0.39231,-
3,route_planner:RoutePlanner,"Zurich, Switzerland","Zurich, Switzerland",21,winter,6,balanced,0.25,0.25,0.25,0.25,76.6274564,0.7079208,0.952381,0.6923077,0.677601,0.7075408,1.0,0.9880952,0.404362,-
1,route_planner_greedy:RoutePlanner,"Zurich, Switzerland","Zurich, Switzerland",21,winter,6,nature_sport,0.4,0.1,0.2,0.3,74.0637852,0.5188301,0.9761905,0.6923077,0.7291188,1.0,1.0,0.9880952,0.011339,-
2,route_planner_greedy_local:RoutePlanner,"Zurich, Switzerland","Zurich, Switzerland",21,winter,6,nature_sport,0.4,0.1,0.2,0.3,74.0637852,0.5188301,0.9761905,0.6923077,0.7291188,1.0,1.0,0.9880952,0.342816,-
3,route_planner:RoutePlanner,"Zurich, Switzerland","Zurich, Switzerland",21,winter,6,nature_sport,0.4,0.1,0.2,0.3,74.0637852,0.5188301,0.9761905,0.6923077,0.7291188,1.0,1.0,0.9880952,0.350606,-
1,route_planner_greedy:RoutePlanner,"Zurich, Switzerland","Zurich, Switzerland",21,winter,6,culture_food,0.1,0.4,0.3,0.2,76.5031622,0.54375,0.9761905,0.7692308,0.7605358,0.9989982,0.9785148,1.0,0.008611,-
2,route_planner_greedy_local:RoutePlanner,"Zurich, Switzerland","Zurich, Switzerland",21,winter,6,culture_food,0.1,0.4,0.3,0.2,76.5031622,0.54375,0.9761905,0.7692308,0.7605358,0.9989982,0.9785148,1.0,0.394647,-
3,route_planner:RoutePlanner,"Zurich, Switzerland","Zurich, Switzerland",21,winter,6,culture_food,0.1,0.4,0.3,0.2,76.5031622,0.54375,0.9761905,0.7692308,0.7605358,0.9989982,0.9785148,1.0,0.405026,-
1,route_planner_greedy:RoutePlanner,"Zurich, Switzerland","Zurich, Switzerland",21,winter,10,balanced,0.25,0.25,0.25,0.25,69.9835491,0.5444444,0.9571429,0.7692308,0.7022242,0.4606451,0.9785148,1.0,0.045301,-
2,route_planner_greedy_local:RoutePlanner,"Zurich, Switzerland","Zurich, Switzerland",21,winter,10,balanced,0.25,0.25,0.25,0.25,69.9835491,0.5444444,0.9571429,0.7692308,0.7022242,0.4606451,0.9785148,1.0,0.493191,-
3,route_planner:RoutePlanner,"Zurich, Switzerland","Zurich, Switzerland",21,winter,10,balanced,0.25,0.25,0.25,0.25,69.9835491,0.5444444,0.9571429,0.7692308,0.7022242,0.4606451,0.9785148,1.0,0.585644,-
1,route_planner_greedy:RoutePlanner,"Zurich, Switzerland","Zurich, Switzerland",21,winter,10,nature_sport,0.4,0.1,0.2,0.3,68.7985138,0.5699234,0.9190476,0.6923077,0.7868542,0.2937577,1.0,0.9880952,0.056259,-
2,route_planner_greedy_local:RoutePlanner,"Zurich, Switzerland","Zurich, Switzerland",21,winter,10,nature_sport,0.4,0.1,0.2,0.3,68.7985138,0.5699234,0.9190476,0.6923077,0.7868542,0.2937577,1.0,0.9880952,0.506601,-
3,route_planner:RoutePlanner,"Zurich, Switzerland","Zurich, Switzerland",21,winter,10,nature_sport,0.4,0.1,0.2,0.3,68.7985138,0.5699234,0.9190476,0.6923077,0.7868542,0.2937577,1.0,0.9880952,0.529383,-
1,route_planner_greedy:RoutePlanner,"Zurich, Switzerland","Zurich, Switzerland",21,winter,10,culture_food,0.1,0.4,0.3,0.2,68.330315,0.4491525,0.9380952,0.6923077,0.7848749,0.6440332,1.0,0.9880952,0.046717,-
2,route_planner_greedy_local:RoutePlanner,"Zurich, Switzerland","Zurich, Switzerland",21,winter,10,culture_food,0.1,0.4,0.3,0.2,68.330315,0.4491525,0.9380952,0.6923077,0.7848749,0.6440332,1.0,0.9880952,0.538416,-
3,route_planner:RoutePlanner,"Zurich, Switzerland","Zurich, Switzerland",21,winter,10,culture_food,0.1,0.4,0.3,0.2,68.330315,0.4491525,0.9380952,0.6923077,0.7848749,0.6440332,1.0,0.9880952,0.592915,-
1,route_planner_greedy:RoutePlanner,"Geneva, Switzerland","Lucerne, Switzerland",21,winter,6,balanced,0.25,0.25,0.25,0.25,73.7189897,0.4951456,0.9603175,0.7692308,0.7114762,1.0,0.9785148,0.9761905,0.008126,-
2,route_planner_greedy_local:RoutePlanner,"Geneva, Switzerland","Lucerne, Switzerland",21,winter,6,balanced,0.25,0.25,0.25,0.25,85.4365116,0.8333333,0.952381,0.7692308,0.7114762,1.0,0.9785148,0.9761905,2.440941,-
3,route_planner:RoutePlanner,"Geneva, Switzerland","Lucerne, Switzerland",21,winter,6,balanced,0.25,0.25,0.25,0.25,85.8241195,0.8541667,0.9285714,0.8461538,0.6992507,0.9259404,0.9237532,0.9880952,4.97935,-
1,route_planner_greedy:RoutePlanner,"Geneva, Switzerland","Lucerne, Switzerland",21,winter,6,nature_sport,0.4,0.1,0.2,0.3,68.842733,0.5490451,0.9047619,0.6153846,0.8119965,0.4941626,1.0,0.9404762,0.007747,-
2,route_planner_greedy_local:RoutePlanner,"Geneva, Switzerland","Lucerne, Switzerland",21,winter,6,nature_sport,0.4,0.1,0.2,0.3,69.4632459,0.5701754,0.8968254,0.6153846,0.8119965,0.4941626,1.0,0.9404762,1.216558,-
3,route_planner:RoutePlanner,"Geneva, Switzerland","Lucerne, Switzerland",21,winter,6,nature_sport,0.4,0.1,0.2,0.3,78.0340823,0.5796569,0.968254,0.9230769,0.67487,1.0,0.8625204,0.9880952,3.335885,-
1,route_planner_greedy:RoutePlanner,"Geneva, Switzerland","Lucerne, Switzerland",21,winter,6,culture_food,0.1,0.4,0.3,0.2,72.7782237,0.7083333,0.9444444,0.6153846,0.7647311,0.3415773,1.0,0.9404762,0.007353,-
2,route_planner_greedy_local:RoutePlanner,"Geneva, Switzerland","Lucerne, Switzerland",21,winter,6,culture_food,0.1,0.4,0.3,0.2,82.3570927,0.9854167,0.9365079,0.6153846,0.7647311,0.3415773,1.0,0.9404762,2.302796,-
3,route_planner:RoutePlanner,"Geneva, Switzerland","Lucerne, Switzerland",21,winter,6,culture_food,0.1,0.4,0.3,0.2,86.1242249,0.9627193,0.9285714,0.7692308,0.77436,0.5906421,0.9237532,0.9642857,5.302666,-
1,route_planner_greedy:RoutePlanner,"Geneva, Switzerland","Lucerne, Switzerland",21,winter,10,balanced,0.25,0.25,0.25,0.25,69.2168042,0.4555556,0.9428571,0.7692308,0.6794159,0.7459326,1.0,0.9880952,0.035893,-
2,route_planner_greedy_local:RoutePlanner,"Geneva, Switzerland","Lucerne, Switzerland",21,winter,10,balanced,0.25,0.25,0.25,0.25,82.8161909,0.8522727,0.9238095,0.7692308,0.6794159,0.7459326,1.0,0.9880952,4.479937,-
3,route_planner:RoutePlanner,"Geneva, Switzerland","Lucerne, Switzerland",21,winter,10,balanced,0.25,0.25,0.25,0.25,84.9196264,0.8571429,0.947619,0.9230769,0.67487,0.7343276,0.8904767,0.9880952,8.732118,-
1,route_planner_greedy:RoutePlanner,"Geneva, Switzerland","Lucerne, Switzerland",21,winter,10,nature_sport,0.4,0.1,0.2,0.3,68.1751908,0.5771858,0.952381,0.6153846,0.7559367,0.3415773,1.0,0.9404762,0.029123,-
2,route_planner_greedy_local:RoutePlanner,"Geneva, Switzerland","Lucerne, Switzerland",21,winter,10,nature_sport,0.4,0.1,0.2,0.3,69.7154208,0.6273148,0.9380952,0.6153846,0.7559367,0.3415773,1.0,0.9404762,1.708112,-
3,route_planner:RoutePlanner,"Geneva, Switzerland","Lucerne, Switzerland",21,winter,10,nature_sport,0.4,0.1,0.2,0.3,76.5355246,0.6130268,0.9285714,0.9230769,0.67487,0.7870852,0.8621916,1.0,3.295323,-
1,route_planner_greedy:RoutePlanner,"Geneva, Switzerland","Lucerne, Switzerland",21,winter,10,culture_food,0.1,0.4,0.3,0.2,69.403406,0.4842896,0.9666667,0.7692308,0.6684597,0.6447436,1.0,0.9880952,0.033222,-
2,route_planner_greedy_local:RoutePlanner,"Geneva, Switzerland","Lucerne, Switzerland",21,winter,10,culture_food,0.1,0.4,0.3,0.2,83.0174266,0.8875473,0.9333333,0.7692308,0.6684597,0.6447436,1.0,0.9880952,4.487634,-
3,route_planner:RoutePlanner,"Geneva, Switzerland","Lucerne, Switzerland",21,winter,10,culture_food,0.1,0.4,0.3,0.2,87.6776128,0.8994671,0.9190476,0.8461538,0.6701051,1.0,0.9452384,0.9880952,7.754819,-
1,route_planner_greedy:RoutePlanner,"St. Moritz, Switzerland","St. Moritz, Switzerland",21,winter,6,balanced,0.25,0.25,0.25,0.25,70.5174694,0.625,0.968254,0.6923077,0.8769248,0.0580173,1.0,1.0,0.009397,-
2,route_planner_greedy_local:RoutePlanner,"St. Moritz, Switzerland","St. Moritz, Switzerland",21,winter,6,balanced,0.25,0.25,0.25,0.25,70.5174694,0.625,0.968254,0.6923077,0.8769248,0.0580173,1.0,1.0,0.408127,-
3,route_planner:RoutePlanner,"St. Moritz, Switzerland","St. Moritz, Switzerland",21,winter,6,balanced,0.25,0.25,0.25,0.25,70.5174694,0.625,0.968254,0.6923077,0.8769248,0.0580173,1.0,1.0,0.431671,-
1,route_planner_greedy:RoutePlanner,"St. Moritz, Switzerland","St. Moritz, Switzerland",21,winter,6,nature_sport,0.4,0.1,0.2,0.3,68.0877704,0.5589226,0.968254,0.6923077,0.8690829,0.0580813,1.0,1.0,0.014621,-
2,route_planner_greedy_local:RoutePlanner,"St. Moritz, Switzerland","St. Moritz, Switzerland",21,winter,6,nature_sport,0.4,0.1,0.2,0.3,68.0877704,0.5589226,0.968254,0.6923077,0.8690829,0.0580813,1.0,1.0,0.33472,-
3,route_planner:RoutePlanner,"St. Moritz, Switzerland","St. Moritz, Switzerland",21,winter,6,nature_sport,0.4,0.1,0.2,0.3,68.0877704,0.5589226,0.968254,0.6923077,0.8690829,0.0580813,1.0,1.0,0.32691,-
1,route_planner_greedy:RoutePlanner,"St. Moritz, Switzerland","St. Moritz, Switzerland",21,winter,6,culture_food,0.1,0.4,0.3,0.2,71.809539,0.5917508,0.952381,0.6923077,0.8782067,0.325483,1.0,1.0,0.009868,-
2,route_planner_greedy_local:RoutePlanner,"St. Moritz, Switzerland","St. Moritz, Switzerland",21,winter,6,culture_food,0.1,0.4,0.3,0.2,71.809539,0.5917508,0.952381,0.6923077,0.8782067,0.325483,1.0,1.0,0.367701,-
3,route_planner:RoutePlanner,"St. Moritz, Switzerland","St. Moritz, Switzerland",21,winter,6,culture_food,0.1,0.4,0.3,0.2,71.809539,0.5917508,0.952381,0.6923077,0.8782067,0.325483,1.0,1.0,0.389288,-
1,route_planner_greedy:RoutePlanner,"St. Moritz, Switzerland","St. Moritz, Switzerland",21,winter,10,balanced,0.25,0.25,0.25,0.25,71.2741748,0.6285714,0.9619048,0.7692308,0.8459592,0.072518,0.9785148,1.0,0.064272,-
2,route_planner_greedy_local:RoutePlanner,"St. Moritz, Switzerland","St. Moritz, Switzerland",21,winter,10,balanced,0.25,0.25,0.25,0.25,71.2741748,0.6285714,0.9619048,0.7692308,0.8459592,0.072518,0.9785148,1.0,0.550992,-
3,route_planner:RoutePlanner,"St. Moritz, Switzerland","St. Moritz, Switzerland",21,winter,10,balanced,0.25,0.25,0.25,0.25,71.2741748,0.6285714,0.9619048,0.7692308,0.8459592,0.072518,0.9785148,1.0,0.616802,-
1,route_planner_greedy:RoutePlanner,"St. Moritz, Switzerland","St. Moritz, Switzerland",21,winter,10,nature_sport,0.4,0.1,0.2,0.3,69.8392532,0.6148649,0.9857143,0.6923077,0.8400672,0.0547646,1.0,1.0,0.051468,-
2,route_planner_greedy_local:RoutePlanner,"St. Moritz, Switzerland","St. Moritz, Switzerland",21,winter,10,nature_sport,0.4,0.1,0.2,0.3,69.8392532,0.6148649,0.9857143,0.6923077,0.8400672,0.0547646,1.0,1.0,0.471793,-
3,route_planner:RoutePlanner,"St. Moritz, Switzerland","St. Moritz, Switzerland",21,winter,10,nature_sport,0.4,0.1,0.2,0.3,69.8392532,0.6148649,0.9857143,0.6923077,0.8400672,0.0547646,1.0,1.0,0.51543,-
1,route_planner_greedy:RoutePlanner,"St. Moritz, Switzerland","St. Moritz, Switzerland",21,winter,10,culture_food,0.1,0.4,0.3,0.2,68.750689,0.590843,0.9380952,0.6923077,0.8745193,0.0556874,1.0,0.9880952,0.055425,-
2,route_planner_greedy_local:RoutePlanner,"St. Moritz, Switzerland","St. Moritz, Switzerland",21,winter,10,culture_food,0.1,0.4,0.3,0.2,68.750689,0.590843,0.9380952,0.6923077,0.8745193,0.0556874,1.0,0.9880952,0.672301,-
3,route_planner:RoutePlanner,"St. Moritz, Switzerland","St. Moritz, Switzerland",21,winter,10,culture_food,0.1,0.4,0.3,0.2,68.750689,0.590843,0.9380952,0.6923077,0.8745193,0.0556874,1.0,0.9880952,0.812459,-
