algorithm_id,algorithm,start_city,end_city,days,season,mtu,pref_label,nature,culture,food,sport,total_score,interest_matching,tu_utilization,city_visit_efficiency,geographic_coverage,long_travel_penalty,travel_streak_smoothness,stay_streak_smoothness,runtime_seconds,violations
1,route_planner_greedy:RoutePlanner,"Interlaken, Switzerland","St. Moritz, Switzerland",3,summer,6,balanced,0.25,0.25,0.25,0.25,65.1911446,0.4,0.9444444,1.0,0.8517632,1e-06,0.8496039,1.0,0.000901,-
2,route_planner_greedy_local:RoutePlanner,"Interlaken, Switzerland","St. Moritz, Switzerland",3,summer,6,balanced,0.25,0.25,0.25,0.25,65.1911446,0.4,0.9444444,1.0,0.8517632,1e-06,0.8496039,1.0,0.008941,-
3,route_planner:RoutePlanner,"Interlaken, Switzerland","St. Moritz, Switzerland",3,summer,6,balanced,0.25,0.25,0.25,0.25,75.0,0.7857143,1.0,0.5,1.0,0.0,1.0,1.0,0.030287,-
1,route_planner_greedy:RoutePlanner,"Interlaken, Switzerland","St. Moritz, Switzerland",3,summer,6,nature_sport,0.4,0.1,0.2,0.3,74.3579863,0.6666667,0.9444444,1.0,0.8406638,1e-06,0.8496039,1.0,0.000863,-
2,route_planner_greedy_local:RoutePlanner,"Interlaken, Switzerland","St. Moritz, Switzerland",3,summer,6,nature_sport,0.4,0.1,0.2,0.3,74.3579863,0.6666667,0.9444444,1.0,0.8406638,1e-06,0.8496039,1.0,0.009379,-
3,route_planner:RoutePlanner,"Interlaken, Switzerland","St. Moritz, Switzerland",3,summer,6,nature_sport,0.4,0.1,0.2,0.3,74.3579863,0.6666667,0.9444444,1.0,0.8406638,1e-06,0.8496039,1.0,0.022264,-
1,route_planner_greedy:RoutePlanner,"Interlaken, Switzerland","St. Moritz, Switzerland",3,summer,6,culture_food,0.1,0.4,0.3,0.2,61.3994779,0.2916667,0.9444444,1.0,0.8517632,1e-06,0.8496039,1.0,0.000837,-
2,route_planner_greedy_local:RoutePlanner,"Interlaken, Switzerland","St. Moritz, Switzerland",3,summer,6,culture_food,0.1,0.4,0.3,0.2,65.6079863,0.4166667,0.9444444,1.0,0.8406638,1e-06,0.8496039,1.0,0.017917,-
3,route_planner:RoutePlanner,"Interlaken, Switzerland","St. Moritz, Switzerland",3,summer,6,culture_food,0.1,0.4,0.3,0.2,65.6079863,0.4166667,0.9444444,1.0,0.8406638,1e-06,0.8496039,1.0,0.026729,-
1,route_planner_greedy:RoutePlanner,"Interlaken, Switzerland","St. Moritz, Switzerland",3,summer,6,sport_culture,0.2,0.3,0.1,0.4,65.7744779,0.4166667,0.9444444,1.0,0.8517632,1e-06,0.8496039,1.0,0.000909,-
2,route_planner_greedy_local:RoutePlanner,"Interlaken, Switzerland","St. Moritz, Switzerland",3,summer,6,sport_culture,0.2,0.3,0.1,0.4,81.7113055,0.8546296,0.8333333,1.0,0.9095908,0.1407387,0.8496039,1.0,0.027965,-
3,route_planner:RoutePlanner,"Interlaken, Switzerland","St. Moritz, Switzerland",3,summer,6,sport_culture,0.2,0.3,0.1,0.4,81.7113055,0.8546296,0.8333333,1.0,0.9095908,0.1407387,0.8496039,1.0,0.031041,-
1,route_planner_greedy:RoutePlanner,"Interlaken, Switzerland","St. Moritz, Switzerland",3,summer,8,balanced,0.25,0.25,0.25,0.25,60.1494779,0.25,0.9583333,1.0,0.8517632,1e-06,0.8496039,1.0,0.001066,-
2,route_planner_greedy_local:RoutePlanner,"Interlaken, Switzerland","St. Moritz, Switzerland",3,summer,8,balanced,0.25,0.25,0.25,0.25,66.5774174,0.5,0.875,1.0,0.7644589,0.0237514,0.8496039,1.0,0.027952,-
3,route_planner:RoutePlanner,"Interlaken, Switzerland","St. Moritz, Switzerland",3,summer,8,balanced,0.25,0.25,0.25,0.25,72.0663197,0.6666667,0.7916667,1.0,0.8406638,1e-06,0.8496039,1.0,0.054307,-
1,route_planner_greedy:RoutePlanner,"Interlaken, Switzerland","St. Moritz, Switzerland",3,summer,8,nature_sport,0.4,0.1,0.2,0.3,69.5663197,0.5595238,0.875,1.0,0.8406638,1e-06,0.8496039,1.0,0.001064,-
2,route_planner_greedy_local:RoutePlanner,"Interlaken, Switzerland","St. Moritz, Switzerland",3,summer,8,nature_sport,0.4,0.1,0.2,0.3,70.8163197,0.6666667,0.7083333,1.0,0.8406638,1e-06,0.8496039,1.0,0.021706,-
3,route_planner:RoutePlanner,"Interlaken, Switzerland","St. Moritz, Switzerland",3,summer,8,nature_sport,0.4,0.1,0.2,0.3,71.2037037,0.712963,0.9166667,0.5,1.0,0.0,1.0,1.0,0.036817,-
1,route_planner_greedy:RoutePlanner,"Interlaken, Switzerland","St. Moritz, Switzerland",3,summer,8,culture_food,0.1,0.4,0.3,0.2,60.5661446,0.297619,0.875,1.0,0.8517632,1e-06,0.8496039,1.0,0.001087,-
2,route_planner_greedy_local:RoutePlanner,"Interlaken, Switzerland","St. Moritz, Switzerland",3,summer,8,culture_food,0.1,0.4,0.3,0.2,61.2704223,0.2884615,0.7916667,1.0,0.9095908,0.1407387,0.8496039,1.0,0.029014,-
3,route_planner:RoutePlanner,"Interlaken, Switzerland","St. Moritz, Switzerland",3,summer,8,culture_food,0.1,0.4,0.3,0.2,67.1875,0.5625,1.0,0.5,1.0,0.0,1.0,1.0,0.03598,-
1,route_planner_greedy:RoutePlanner,"Interlaken, Switzerland","St. Moritz, Switzerland",3,summer,8,sport_culture,0.2,0.3,0.1,0.4,77.2848946,0.7395833,0.9583333,1.0,0.8517632,1e-06,0.8496039,1.0,0.001178,-
2,route_planner_greedy_local:RoutePlanner,"Interlaken, Switzerland","St. Moritz, Switzerland",3,summer,8,sport_culture,0.2,0.3,0.1,0.4,77.2848946,0.7395833,0.9583333,1.0,0.8517632,1e-06,0.8496039,1.0,0.015958,-
3,route_planner:RoutePlanner,"Interlaken, Switzerland","St. Moritz, Switzerland",3,summer,8,sport_culture,0.2,0.3,0.1,0.4,77.2848946,0.7395833,0.9583333,1.0,0.8517632,1e-06,0.8496039,1.0,0.024221,-
1,route_planner_greedy:RoutePlanner,"Interlaken, Switzerland","St. Moritz, Switzerland",3,summer,10,balanced,0.25,0.25,0.25,0.25,75.8271564,0.7,0.8333333,1.0,0.8290235,0.2143784,0.8496039,1.0,0.001173,-
2,route_planner_greedy_local:RoutePlanner,"Interlaken, Switzerland","St. Moritz, Switzerland",3,summer,10,balanced,0.25,0.25,0.25,0.25,75.8271564,0.7,0.8333333,1.0,0.8290235,0.2143784,0.8496039,1.0,0.027051,-
3,route_planner:RoutePlanner,"Interlaken, Switzerland","St. Moritz, Switzerland",3,summer,10,balanced,0.25,0.25,0.25,0.25,75.8271564,0.7,0.8333333,1.0,0.8290235,0.2143784,0.8496039,1.0,0.039984,-
1,route_planner_greedy:RoutePlanner,"Interlaken, Switzerland","St. Moritz, Switzerland",3,summer,10,nature_sport,0.4,0.1,0.2,0.3,68.7665504,0.469697,0.9,1.0,0.8290235,0.2143784,0.8496039,1.0,0.001345,-
2,route_planner_greedy_local:RoutePlanner,"Interlaken, Switzerland","St. Moritz, Switzerland",3,summer,10,nature_sport,0.4,0.1,0.2,0.3,78.1382894,0.7651515,0.9666667,1.0,0.8406638,1e-06,0.8496039,1.0,0.08787,-
3,route_planner:RoutePlanner,"Interlaken, Switzerland","St. Moritz, Switzerland",3,summer,10,nature_sport,0.4,0.1,0.2,0.3,78.1382894,0.7651515,0.9666667,1.0,0.8406638,1e-06,0.8496039,1.0,0.111675,-
1,route_planner_greedy:RoutePlanner,"Interlaken, Switzerland","St. Moritz, Switzerland",3,summer,10,culture_food,0.1,0.4,0.3,0.2,65.8087439,0.4128788,0.9666667,1.0,0.8406638,1e-06,0.8496039,1.0,0.001513,-
2,route_planner_greedy_local:RoutePlanner,"Interlaken, Switzerland","St. Moritz, Switzerland",3,summer,10,culture_food,0.1,0.4,0.3,0.2,72.9072088,0.6041667,0.8666667,1.0,0.9226514,0.0673586,0.8496039,1.0,0.098377,-
3,route_planner:RoutePlanner,"Interlaken, Switzerland","St. Moritz, Switzerland",3,summer,10,culture_food,0.1,0.4,0.3,0.2,72.9072088,0.6041667,0.8666667,1.0,0.9226514,0.0673586,0.8496039,1.0,0.116361,-
1,route_planner_greedy:RoutePlanner,"Interlaken, Switzerland","St. Moritz, Switzerland",3,summer,10,sport_culture,0.2,0.3,0.1,0.4,61.1685924,0.280303,0.9666667,1.0,0.8406638,1e-06,0.8496039,1.0,0.001471,-
2,route_planner_greedy_local:RoutePlanner,"Interlaken, Switzerland","St. Moritz, Switzerland",3,summer,10,sport_culture,0.2,0.3,0.1,0.4,82.2820537,0.8787879,0.9666667,1.0,0.8517632,1e-06,0.8496039,1.0,0.119323,-
3,route_planner:RoutePlanner,"Interlaken, Switzerland","St. Moritz, Switzerland",3,summer,10,sport_culture,0.2,0.3,0.1,0.4,82.2820537,0.8787879,0.9666667,1.0,0.8517632,1e-06,0.8496039,1.0,0.129421,-
1,route_planner_greedy:RoutePlanner,"Zurich, Switzerland","Zurich, Switzerland",3,summer,6,balanced,0.25,0.25,0.25,0.25,70.8210227,0.6538462,0.8888889,0.5,0.5236703,1.0,0.8496039,1.0,0.001041,-
2,route_planner_greedy_local:RoutePlanner,"Zurich, Switzerland","Zurich, Switzerland",3,summer,6,balanced,0.25,0.25,0.25,0.25,70.8210227,0.6538462,0.8888889,0.5,0.5236703,1.0,0.8496039,1.0,0.007789,-
3,route_planner:RoutePlanner,"Zurich, Switzerland","Zurich, Switzerland",3,summer,6,balanced,0.25,0.25,0.25,0.25,70.8210227,0.6538462,0.8888889,0.5,0.5236703,1.0,0.8496039,1.0,0.009997,-
1,route_planner_greedy:RoutePlanner,"Zurich, Switzerland","Zurich, Switzerland",3,summer,6,nature_sport,0.4,0.1,0.2,0.3,68.0127667,0.5138889,0.8888889,0.5,0.6630202,1.0,0.8496039,1.0,0.001046,-
2,route_planner_greedy_local:RoutePlanner,"Zurich, Switzerland","Zurich, Switzerland",3,summer,6,nature_sport,0.4,0.1,0.2,0.3,68.0127667,0.5138889,0.8888889,0.5,0.6630202,1.0,0.8496039,1.0,0.016214,-
3,route_planner:RoutePlanner,"Zurich, Switzerland","Zurich, Switzerland",3,summer,6,nature_sport,0.4,0.1,0.2,0.3,68.0127667,0.5138889,0.8888889,0.5,0.6630202,1.0,0.8496039,1.0,0.018067,-
1,route_planner_greedy:RoutePlanner,"Zurich, Switzerland","Zurich, Switzerland",3,summer,6,culture_food,0.1,0.4,0.3,0.2,67.8661963,0.5138889,0.8888889,0.5,0.6532488,1.0,0.8496039,1.0,0.000996,-
2,route_planner_greedy_local:RoutePlanner,"Zurich, Switzerland","Zurich, Switzerland",3,summer,6,culture_food,0.1,0.4,0.3,0.2,67.8661963,0.5138889,0.8888889,0.5,0.6532488,1.0,0.8496039,1.0,0.017492,-
3,route_planner:RoutePlanner,"Zurich, Switzerland","Zurich, Switzerland",3,summer,6,culture_food,0.1,0.4,0.3,0.2,67.8661963,0.5138889,0.8888889,0.5,0.6532488,1.0,0.8496039,1.0,0.021953,-
1,route_planner_greedy:RoutePlanner,"Zurich, Switzerland","Zurich, Switzerland",3,summer,6,sport_culture,0.2,0.3,0.1,0.4,67.1099889,0.4404762,1.0,0.5,0.6630202,1.0,0.8496039,1.0,0.001041,-
2,route_planner_greedy_local:RoutePlanner,"Zurich, Switzerland","Zurich, Switzerland",3,summer,6,sport_culture,0.2,0.3,0.1,0.4,67.1099889,0.4404762,1.0,0.5,0.6630202,1.0,0.8496039,1.0,0.016013,-
3,route_planner:RoutePlanner,"Zurich, Switzerland","Zurich, Switzerland",3,summer,6,sport_culture,0.2,0.3,0.1,0.4,67.1099889,0.4404762,1.0,0.5,0.6630202,1.0,0.8496039,1.0,0.018056,-
1,route_planner_greedy:RoutePlanner,"Zurich, Switzerland","Zurich, Switzerland",3,summer,8,balanced,0.25,0.25,0.25,0.25,75.4433223,0.7857143,0.75,0.5,0.6630202,1.0,0.8496039,1.0,0.001338,-
2,route_planner_greedy_local:RoutePlanner,"Zurich, Switzerland","Zurich, Switzerland",3,summer,8,balanced,0.25,0.25,0.25,0.25,75.4433223,0.7857143,0.75,0.5,0.6630202,1.0,0.8496039,1.0,0.018166,-
3,route_planner:RoutePlanner,"Zurich, Switzerland","Zurich, Switzerland",3,summer,8,balanced,0.25,0.25,0.25,0.25,75.4433223,0.7857143,0.75,0.5,0.6630202,1.0,0.8496039,1.0,0.018255,-
1,route_planner_greedy:RoutePlanner,"Zurich, Switzerland","Zurich, Switzerland",3,summer,8,nature_sport,0.4,0.1,0.2,0.3,69.5636926,0.5462963,0.9166667,0.5,0.6630202,1.0,0.8496039,1.0,0.001426,-
2,route_planner_greedy_local:RoutePlanner,"Zurich, Switzerland","Zurich, Switzerland",3,summer,8,nature_sport,0.4,0.1,0.2,0.3,69.5636926,0.5462963,0.9166667,0.5,0.6630202,1.0,0.8496039,1.0,0.017562,-
3,route_planner:RoutePlanner,"Zurich, Switzerland","Zurich, Switzerland",3,summer,8,nature_sport,0.4,0.1,0.2,0.3,69.5636926,0.5462963,0.9166667,0.5,0.6630202,1.0,0.8496039,1.0,0.027586,-
1,route_planner_greedy:RoutePlanner,"Zurich, Switzerland","Zurich, Switzerland",3,summer,8,culture_food,0.1,0.4,0.3,0.2,75.0266556,0.6666667,1.0,0.5,0.6630202,1.0,0.8496039,1.0,0.00145,-
2,route_planner_greedy_local:RoutePlanner,"Zurich, Switzerland","Zurich, Switzerland",3,summer,8,culture_food,0.1,0.4,0.3,0.2,75.0266556,0.6666667,1.0,0.5,0.6630202,1.0,0.8496039,1.0,0.020146,-
3,route_planner:RoutePlanner,"Zurich, Switzerland","Zurich, Switzerland",3,summer,8,culture_food,0.1,0.4,0.3,0.2,75.0266556,0.6666667,1.0,0.5,0.6630202,1.0,0.8496039,1.0,0.023757,-
1,route_planner_greedy:RoutePlanner,"Zurich, Switzerland","Zurich, Switzerland",3,summer,8,sport_culture,0.2,0.3,0.1,0.4,71.9839495,0.6666667,1.0,0.5,0.4601731,1.0,0.8496039,1.0,0.001366,-
2,route_planner_greedy_local:RoutePlanner,"Zurich, Switzerland","Zurich, Switzerland",3,summer,8,sport_culture,0.2,0.3,0.1,0.4,71.9839495,0.6666667,1.0,0.5,0.4601731,1.0,0.8496039,1.0,0.028886,-
3,route_planner:RoutePlanner,"Zurich, Switzerland","Zurich, Switzerland",3,summer,8,sport_culture,0.2,0.3,0.1,0.4,71.9839495,0.6666667,1.0,0.5,0.4601731,1.0,0.8496039,1.0,0.021344,-
1,route_planner_greedy:RoutePlanner,"Zurich, Switzerland","Zurich, Switzerland",3,summer,10,balanced,0.25,0.25,0.25,0.25,67.8127552,0.7857143,0.6666667,0.5,0.8222894,0.1230395,0.8496039,1.0,0.001437,-
2,route_planner_greedy_local:RoutePlanner,"Zurich, Switzerland","Zurich, Switzerland",3,summer,10,balanced,0.25,0.25,0.25,0.25,73.1933223,0.7,0.8,0.5,0.6630202,1.0,0.8496039,1.0,0.029408,-
3,route_planner:RoutePlanner,"Zurich, Switzerland","Zurich, Switzerland",3,summer,10,balanced,0.25,0.25,0.25,0.25,73.1933223,0.7,0.8,0.5,0.6630202,1.0,0.8496039,1.0,0.038597,-
1,route_planner_greedy:RoutePlanner,"Zurich, Switzerland","Zurich, Switzerland",3,summer,10,nature_sport,0.4,0.1,0.2,0.3,73.5703026,0.6721014,0.9,0.5,0.6532488,1.0,0.8496039,1.0,0.001727,-
2,route_planner_greedy_local:RoutePlanner,"Zurich, Switzerland","Zurich, Switzerland",3,summer,10,nature_sport,0.4,0.1,0.2,0.3,73.5703026,0.6721014,0.9,0.5,0.6532488,1.0,0.8496039,1.0,0.039659,-
3,route_planner:RoutePlanner,"Zurich, Switzerland","Zurich, Switzerland",3,summer,10,nature_sport,0.4,0.1,0.2,0.3,73.5703026,0.6721014,0.9,0.5,0.6532488,1.0,0.8496039,1.0,0.063362,-
1,route_planner_greedy:RoutePlanner,"Zurich, Switzerland","Zurich, Switzerland",3,summer,10,culture_food,0.1,0.4,0.3,0.2,68.6794334,0.5138889,0.9333333,0.5,0.6630202,1.0,0.8496039,1.0,0.001825,-
2,route_planner_greedy_local:RoutePlanner,"Zurich, Switzerland","Zurich, Switzerland",3,summer,10,culture_food,0.1,0.4,0.3,0.2,68.6794334,0.5138889,0.9333333,0.5,0.6630202,1.0,0.8496039,1.0,0.051756,-
3,route_planner:RoutePlanner,"Zurich, Switzerland","Zurich, Switzerland",3,summer,10,culture_food,0.1,0.4,0.3,0.2,68.6794334,0.5138889,0.9333333,0.5,0.6630202,1.0,0.8496039,1.0,0.082829,-
1,route_planner_greedy:RoutePlanner,"Zurich, Switzerland","Zurich, Switzerland",3,summer,10,sport_culture,0.2,0.3,0.1,0.4,71.6099889,0.5833333,0.9666667,0.5,0.6630202,1.0,0.8496039,1.0,0.00176,-
2,route_planner_greedy_local:RoutePlanner,"Zurich, Switzerland","Zurich, Switzerland",3,summer,10,sport_culture,0.2,0.3,0.1,0.4,71.6099889,0.5833333,0.9666667,0.5,0.6630202,1.0,0.8496039,1.0,0.164565,-
3,route_planner:RoutePlanner,"Zurich, Switzerland","Zurich, Switzerland",3,summer,10,sport_culture,0.2,0.3,0.1,0.4,71.6099889,0.5833333,0.9666667,0.5,0.6630202,1.0,0.8496039,1.0,0.089433,-
1,route_planner_greedy:RoutePlanner,"Lugano, Switzerland","Zurich, Switzerland",3,summer,6,balanced,0.25,0.25,0.25,0.25,86.0599526,0.7857143,0.9444444,1.0,0.6763511,1.0,0.8496039,1.0,0.00097,-
2,route_planner_greedy_local:RoutePlanner,"Lugano, Switzerland","Zurich, Switzerland",3,summer,6,balanced,0.25,0.25,0.25,0.25,86.0599526,0.7857143,0.9444444,1.0,0.6763511,1.0,0.8496039,1.0,0.022634,-
3,route_planner:RoutePlanner,"Lugano, Switzerland","Zurich, Switzerland",3,summer,6,balanced,0.25,0.25,0.25,0.25,86.0599526,0.7857143,0.9444444,1.0,0.6763511,1.0,0.8496039,1.0,0.047781,-
1,route_planner_greedy:RoutePlanner,"Lugano, Switzerland","Zurich, Switzerland",3,summer,6,nature_sport,0.4,0.1,0.2,0.3,78.7041833,0.599359,0.8888889,1.0,0.6763511,1.0,0.8496039,1.0,0.000933,-
2,route_planner_greedy_local:RoutePlanner,"Lugano, Switzerland","Zurich, Switzerland",3,summer,6,nature_sport,0.4,0.1,0.2,0.3,78.7041833,0.599359,0.8888889,1.0,0.6763511,1.0,0.8496039,1.0,0.015907,-
3,route_planner:RoutePlanner,"Lugano, Switzerland","Zurich, Switzerland",3,summer,6,nature_sport,0.4,0.1,0.2,0.3,78.7041833,0.599359,0.8888889,1.0,0.6763511,1.0,0.8496039,1.0,0.024938,-
1,route_planner_greedy:RoutePlanner,"Lugano, Switzerland","Zurich, Switzerland",3,summer,6,culture_food,0.1,0.4,0.3,0.2,83.7522603,0.7435897,0.8888889,1.0,0.6763511,1.0,0.8496039,1.0,0.00089,-
2,route_planner_greedy_local:RoutePlanner,"Lugano, Switzerland","Zurich, Switzerland",3,summer,6,culture_food,0.1,0.4,0.3,0.2,83.7522603,0.7435897,0.8888889,1.0,0.6763511,1.0,0.8496039,1.0,0.011149,-
3,route_planner:RoutePlanner,"Lugano, Switzerland","Zurich, Switzerland",3,summer,6,culture_food,0.1,0.4,0.3,0.2,83.7522603,0.7435897,0.8888889,1.0,0.6763511,1.0,0.8496039,1.0,0.020138,-
1,route_planner_greedy:RoutePlanner,"Lugano, Switzerland","Zurich, Switzerland",3,summer,6,sport_culture,0.2,0.3,0.1,0.4,72.7266192,0.4047619,0.9444444,1.0,0.6763511,1.0,0.8496039,1.0,0.000875,-
2,route_planner_greedy_local:RoutePlanner,"Lugano, Switzerland","Zurich, Switzerland",3,summer,6,sport_culture,0.2,0.3,0.1,0.4,74.8099526,0.4642857,0.9444444,1.0,0.6763511,1.0,0.8496039,1.0,0.02161,-
3,route_planner:RoutePlanner,"Lugano, Switzerland","Zurich, Switzerland",3,summer,6,sport_culture,0.2,0.3,0.1,0.4,74.8099526,0.4642857,0.9444444,1.0,0.6763511,1.0,0.8496039,1.0,0.029943,-
1,route_planner_greedy:RoutePlanner,"Lugano, Switzerland","Zurich, Switzerland",3,summer,8,balanced,0.25,0.25,0.25,0.25,77.1618971,0.5588235,0.875,1.0,0.688051,0.9909289,0.8496039,1.0,0.001193,-
2,route_planner_greedy_local:RoutePlanner,"Lugano, Switzerland","Zurich, Switzerland",3,summer,8,balanced,0.25,0.25,0.25,0.25,77.1618971,0.5588235,0.875,1.0,0.688051,0.9909289,0.8496039,1.0,0.019342,-
3,route_planner:RoutePlanner,"Lugano, Switzerland","Zurich, Switzerland",3,summer,8,balanced,0.25,0.25,0.25,0.25,77.1618971,0.5588235,0.875,1.0,0.688051,0.9909289,0.8496039,1.0,0.040901,-
1,route_planner_greedy:RoutePlanner,"Lugano, Switzerland","Zurich, Switzerland",3,summer,8,nature_sport,0.4,0.1,0.2,0.3,88.7105297,0.8530702,0.9583333,1.0,0.688051,0.9909289,0.8496039,1.0,0.002384,-
2,route_planner_greedy_local:RoutePlanner,"Lugano, Switzerland","Zurich, Switzerland",3,summer,8,nature_sport,0.4,0.1,0.2,0.3,88.7105297,0.8530702,0.9583333,1.0,0.688051,0.9909289,0.8496039,1.0,0.015923,-
3,route_planner:RoutePlanner,"Lugano, Switzerland","Zurich, Switzerland",3,summer,8,nature_sport,0.4,0.1,0.2,0.3,88.7105297,0.8530702,0.9583333,1.0,0.688051,0.9909289,0.8496039,1.0,0.032156,-
1,route_planner_greedy:RoutePlanner,"Lugano, Switzerland","Zurich, Switzerland",3,summer,8,culture_food,0.1,0.4,0.3,0.2,76.1988415,0.4801587,1.0,1.0,0.6763511,1.0,0.8496039,1.0,0.001243,-
2,route_planner_greedy_local:RoutePlanner,"Lugano, Switzerland","Zurich, Switzerland",3,summer,8,culture_food,0.1,0.4,0.3,0.2,81.1988415,0.6230159,1.0,1.0,0.6763511,1.0,0.8496039,1.0,0.05985,-
3,route_planner:RoutePlanner,"Lugano, Switzerland","Zurich, Switzerland",3,summer,8,culture_food,0.1,0.4,0.3,0.2,81.1988415,0.6230159,1.0,1.0,0.6763511,1.0,0.8496039,1.0,0.065694,-
1,route_planner_greedy:RoutePlanner,"Lugano, Switzerland","Zurich, Switzerland",3,summer,8,sport_culture,0.2,0.3,0.1,0.4,74.8099526,0.4583333,0.9583333,1.0,0.6763511,1.0,0.8496039,1.0,0.001169,-
2,route_planner_greedy_local:RoutePlanner,"Lugano, Switzerland","Zurich, Switzerland",3,summer,8,sport_culture,0.2,0.3,0.1,0.4,74.8099526,0.4583333,0.9583333,1.0,0.6763511,1.0,0.8496039,1.0,0.01765,-
3,route_planner:RoutePlanner,"Lugano, Switzerland","Zurich, Switzerland",3,summer,8,sport_culture,0.2,0.3,0.1,0.4,74.8099526,0.4583333,0.9583333,1.0,0.6763511,1.0,0.8496039,1.0,0.029028,-
1,route_planner_greedy:RoutePlanner,"Lugano, Switzerland","Zurich, Switzerland",3,summer,10,balanced,0.25,0.25,0.25,0.25,76.8669625,0.6111111,0.7333333,1.0,0.688051,0.9909289,0.8496039,1.0,0.001464,-
2,route_planner_greedy_local:RoutePlanner,"Lugano, Switzerland","Zurich, Switzerland",3,summer,10,balanced,0.25,0.25,0.25,0.25,76.8669625,0.6111111,0.7333333,1.0,0.688051,0.9909289,0.8496039,1.0,0.024629,-
3,route_planner:RoutePlanner,"Lugano, Switzerland","Zurich, Switzerland",3,summer,10,balanced,0.25,0.25,0.25,0.25,76.8669625,0.6111111,0.7333333,1.0,0.688051,0.9909289,0.8496039,1.0,0.042131,-
1,route_planner_greedy:RoutePlanner,"Lugano, Switzerland","Zurich, Switzerland",3,summer,10,nature_sport,0.4,0.1,0.2,0.3,73.9174675,0.469697,0.8666667,1.0,0.688051,0.9909289,0.8496039,1.0,0.001571,-
2,route_planner_greedy_local:RoutePlanner,"Lugano, Switzerland","Zurich, Switzerland",3,summer,10,nature_sport,0.4,0.1,0.2,0.3,73.9174675,0.469697,0.8666667,1.0,0.688051,0.9909289,0.8496039,1.0,0.032053,-
3,route_planner:RoutePlanner,"Lugano, Switzerland","Zurich, Switzerland",3,summer,10,nature_sport,0.4,0.1,0.2,0.3,73.9174675,0.469697,0.8666667,1.0,0.688051,0.9909289,0.8496039,1.0,0.046991,-
1,route_planner_greedy:RoutePlanner,"Lugano, Switzerland","Zurich, Switzerland",3,summer,10,culture_food,0.1,0.4,0.3,0.2,77.0599526,0.5333333,0.9333333,1.0,0.6763511,1.0,0.8496039,1.0,0.001749,-
2,route_planner_greedy_local:RoutePlanner,"Lugano, Switzerland","Zurich, Switzerland",3,summer,10,culture_food,0.1,0.4,0.3,0.2,77.0599526,0.5333333,0.9333333,1.0,0.6763511,1.0,0.8496039,1.0,0.031931,-
3,route_planner:RoutePlanner,"Lugano, Switzerland","Zurich, Switzerland",3,summer,10,culture_food,0.1,0.4,0.3,0.2,77.0599526,0.5333333,0.9333333,1.0,0.6763511,1.0,0.8496039,1.0,0.052331,-
1,route_planner_greedy:RoutePlanner,"Lugano, Switzerland","Zurich, Switzerland",3,summer,10,sport_culture,0.2,0.3,0.1,0.4,79.5252304,0.6180556,0.9,1.0,0.6763511,1.0,0.8496039,1.0,0.001588,-
2,route_planner_greedy_local:RoutePlanner,"Lugano, Switzerland","Zurich, Switzerland",3,summer,10,sport_culture,0.2,0.3,0.1,0.4,79.5252304,0.6180556,0.9,1.0,0.6763511,1.0,0.8496039,1.0,0.027592,-
3,route_planner:RoutePlanner,"Lugano, Switzerland","Zurich, Switzerland",3,summer,10,sport_culture,0.2,0.3,0.1,0.4,79.5252304,0.6180556,0.9,1.0,0.6763511,1.0,0.8496039,1.0,0.048309,-
1,route_planner_greedy:RoutePlanner,"Geneva, Switzerland","Lucerne, Switzerland",3,summer,6,balanced,0.25,0.25,0.25,0.25,86.5882923,0.7857143,1.0,1.0,0.6560182,1.0,0.8496039,1.0,0.001,-
2,route_planner_greedy_local:RoutePlanner,"Geneva, Switzerland","Lucerne, Switzerland",3,summer,6,balanced,0.25,0.25,0.25,0.25,86.5882923,0.7857143,1.0,1.0,0.6560182,1.0,0.8496039,1.0,0.015523,-
3,route_planner:RoutePlanner,"Geneva, Switzerland","Lucerne, Switzerland",3,summer,6,balanced,0.25,0.25,0.25,0.25,86.5882923,0.7857143,1.0,1.0,0.6560182,1.0,0.8496039,1.0,0.046123,-
1,route_planner_greedy:RoutePlanner,"Geneva, Switzerland","Lucerne, Switzerland",3,summer,6,nature_sport,0.4,0.1,0.2,0.3,78.6716257,0.5595238,1.0,1.0,0.6560182,1.0,0.8496039,1.0,0.002622,-
2,route_planner_greedy_local:RoutePlanner,"Geneva, Switzerland","Lucerne, Switzerland",3,summer,6,nature_sport,0.4,0.1,0.2,0.3,79.9216257,0.5952381,1.0,1.0,0.6560182,1.0,0.8496039,1.0,0.022071,-
3,route_planner:RoutePlanner,"Geneva, Switzerland","Lucerne, Switzerland",3,summer,6,nature_sport,0.4,0.1,0.2,0.3,79.9216257,0.5952381,1.0,1.0,0.6560182,1.0,0.8496039,1.0,0.040938,-
1,route_planner_greedy:RoutePlanner,"Geneva, Switzerland","Lucerne, Switzerland",3,summer,6,culture_food,0.1,0.4,0.3,0.2,73.254959,0.4047619,1.0,1.0,0.6560182,1.0,0.8496039,1.0,0.001541,-
2,route_planner_greedy_local:RoutePlanner,"Geneva, Switzerland","Lucerne, Switzerland",3,summer,6,culture_food,0.1,0.4,0.3,0.2,79.3913226,0.6515152,0.8333333,1.0,0.6560182,1.0,0.8496039,1.0,0.025616,-
3,route_planner:RoutePlanner,"Geneva, Switzerland","Lucerne, Switzerland",3,summer,6,culture_food,0.1,0.4,0.3,0.2,79.3913226,0.6515152,0.8333333,1.0,0.6560182,1.0,0.8496039,1.0,0.037499,-
1,route_planner_greedy:RoutePlanner,"Geneva, Switzerland","Lucerne, Switzerland",3,summer,6,sport_culture,0.2,0.3,0.1,0.4,73.254959,0.4047619,1.0,1.0,0.6560182,1.0,0.8496039,1.0,0.001186,-
2,route_planner_greedy_local:RoutePlanner,"Geneva, Switzerland","Lucerne, Switzerland",3,summer,6,sport_culture,0.2,0.3,0.1,0.4,75.4077368,0.5138889,0.8888889,1.0,0.6560182,1.0,0.8496039,1.0,0.026799,-
3,route_planner:RoutePlanner,"Geneva, Switzerland","Lucerne, Switzerland",3,summer,6,sport_culture,0.2,0.3,0.1,0.4,75.4077368,0.5138889,0.8888889,1.0,0.6560182,1.0,0.8496039,1.0,0.056247,-
1,route_planner_greedy:RoutePlanner,"Geneva, Switzerland","Lucerne, Switzerland",3,summer,8,balanced,0.25,0.25,0.25,0.25,79.2271812,0.6111111,0.9166667,1.0,0.6560182,1.0,0.8496039,1.0,0.002385,-
2,route_planner_greedy_local:RoutePlanner,"Geneva, Switzerland","Lucerne, Switzerland",3,summer,8,balanced,0.25,0.25,0.25,0.25,79.2271812,0.6111111,0.9166667,1.0,0.6560182,1.0,0.8496039,1.0,0.021092,-
3,route_planner:RoutePlanner,"Geneva, Switzerland","Lucerne, Switzerland",3,summer,8,balanced,0.25,0.25,0.25,0.25,79.2271812,0.6111111,0.9166667,1.0,0.6560182,1.0,0.8496039,1.0,0.036682,-
1,route_planner_greedy:RoutePlanner,"Geneva, Switzerland","Lucerne, Switzerland",3,summer,8,nature_sport,0.4,0.1,0.2,0.3,69.2966257,0.2916667,1.0,1.0,0.6560182,1.0,0.8496039,1.0,0.001298,-
2,route_planner_greedy_local:RoutePlanner,"Geneva, Switzerland","Lucerne, Switzerland",3,summer,8,nature_sport,0.4,0.1,0.2,0.3,80.2341257,0.6041667,1.0,1.0,0.6560182,1.0,0.8496039,1.0,0.041971,-
3,route_planner:RoutePlanner,"Geneva, Switzerland","Lucerne, Switzerland",3,summer,8,nature_sport,0.4,0.1,0.2,0.3,80.2341257,0.6041667,1.0,1.0,0.6560182,1.0,0.8496039,1.0,0.054808,-
1,route_planner_greedy:RoutePlanner,"Geneva, Switzerland","Lucerne, Switzerland",3,summer,8,culture_food,0.1,0.4,0.3,0.2,88.9841257,0.8541667,1.0,1.0,0.6560182,1.0,0.8496039,1.0,0.001353,-
2,route_planner_greedy_local:RoutePlanner,"Geneva, Switzerland","Lucerne, Switzerland",3,summer,8,culture_food,0.1,0.4,0.3,0.2,88.9841257,0.8541667,1.0,1.0,0.6560182,1.0,0.8496039,1.0,0.018415,-
3,route_planner:RoutePlanner,"Geneva, Switzerland","Lucerne, Switzerland",3,summer,8,culture_food,0.1,0.4,0.3,0.2,88.9841257,0.8541667,1.0,1.0,0.6560182,1.0,0.8496039,1.0,0.031364,-
1,route_planner_greedy:RoutePlanner,"Geneva, Switzerland","Lucerne, Switzerland",3,summer,8,sport_culture,0.2,0.3,0.1,0.4,78.0466257,0.5416667,1.0,1.0,0.6560182,1.0,0.8496039,1.0,0.001198,-
2,route_planner_greedy_local:RoutePlanner,"Geneva, Switzerland","Lucerne, Switzerland",3,summer,8,sport_culture,0.2,0.3,0.1,0.4,78.0466257,0.5416667,1.0,1.0,0.6560182,1.0,0.8496039,1.0,0.01799,-
3,route_planner:RoutePlanner,"Geneva, Switzerland","Lucerne, Switzerland",3,summer,8,sport_culture,0.2,0.3,0.1,0.4,78.0466257,0.5416667,1.0,1.0,0.6560182,1.0,0.8496039,1.0,0.037318,-
1,route_planner_greedy:RoutePlanner,"Geneva, Switzerland","Lucerne, Switzerland",3,summer,10,balanced,0.25,0.25,0.25,0.25,58.0011402,0.5588235,0.6666667,0.5,0.7289675,0.0007805,1.0,1.0,0.001727,-
2,route_planner_greedy_local:RoutePlanner,"Geneva, Switzerland","Lucerne, Switzerland",3,summer,10,balanced,0.25,0.25,0.25,0.25,58.0011402,0.5588235,0.6666667,0.5,0.7289675,0.0007805,1.0,1.0,0.00518,-
3,route_planner:RoutePlanner,"Geneva, Switzerland","Lucerne, Switzerland",3,summer,10,balanced,0.25,0.25,0.25,0.25,58.0011402,0.5588235,0.6666667,0.5,0.7289675,0.0007805,1.0,1.0,0.043247,-
1,route_planner_greedy:RoutePlanner,"Geneva, Switzerland","Lucerne, Switzerland",3,summer,10,nature_sport,0.4,0.1,0.2,0.3,78.129959,0.5583333,0.9666667,1.0,0.6560182,1.0,0.8496039,1.0,0.001517,-
2,route_planner_greedy_local:RoutePlanner,"Geneva, Switzerland","Lucerne, Switzerland",3,summer,10,nature_sport,0.4,0.1,0.2,0.3,78.129959,0.5583333,0.9666667,1.0,0.6560182,1.0,0.8496039,1.0,0.025452,-
3,route_planner:RoutePlanner,"Geneva, Switzerland","Lucerne, Switzerland",3,summer,10,nature_sport,0.4,0.1,0.2,0.3,78.129959,0.5583333,0.9666667,1.0,0.6560182,1.0,0.8496039,1.0,0.040798,-
1,route_planner_greedy:RoutePlanner,"Geneva, Switzerland","Lucerne, Switzerland",3,summer,10,culture_food,0.1,0.4,0.3,0.2,73.3350872,0.4070513,1.0,1.0,0.6560182,1.0,0.8496039,1.0,0.001591,-
2,route_planner_greedy_local:RoutePlanner,"Geneva, Switzerland","Lucerne, Switzerland",3,summer,10,culture_food,0.1,0.4,0.3,0.2,73.3350872,0.4070513,1.0,1.0,0.6560182,1.0,0.8496039,1.0,0.056842,-
3,route_planner:RoutePlanner,"Geneva, Switzerland","Lucerne, Switzerland",3,summer,10,culture_food,0.1,0.4,0.3,0.2,73.3350872,0.4070513,1.0,1.0,0.6560182,1.0,0.8496039,1.0,0.078502,-
1,route_planner_greedy:RoutePlanner,"Geneva, Switzerland","Lucerne, Switzerland",3,summer,10,sport_culture,0.2,0.3,0.1,0.4,68.2966257,0.2916667,0.9333333,1.0,0.6560182,1.0,0.8496039,1.0,0.001475,-
2,route_planner_greedy_local:RoutePlanner,"Geneva, Switzerland","Lucerne, Switzerland",3,summer,10,sport_culture,0.2,0.3,0.1,0.4,70.6716257,0.4166667,0.8,1.0,0.6560182,1.0,0.8496039,1.0,0.066246,-
3,route_planner:RoutePlanner,"Geneva, Switzerland","Lucerne, Switzerland",3,summer,10,sport_culture,0.2,0.3,0.1,0.4,70.6716257,0.4166667,0.8,1.0,0.6560182,1.0,0.8496039,1.0,0.122143,-
1,route_planner_greedy:RoutePlanner,"Bern, Switzerland","Zermatt, Switzerland",3,summer,6,balanced,0.25,0.25,0.25,0.25,67.5639981,0.5,0.9444444,1.0,0.7559095,0.0310669,0.8496039,1.0,0.003506,-
2,route_planner_greedy_local:RoutePlanner,"Bern, Switzerland","Zermatt, Switzerland",3,summer,6,balanced,0.25,0.25,0.25,0.25,79.4449124,0.5714286,1.0,1.0,0.6797929,1.0,0.8496039,1.0,0.056254,-
3,route_planner:RoutePlanner,"Bern, Switzerland","Zermatt, Switzerland",3,summer,6,balanced,0.25,0.25,0.25,0.25,79.4449124,0.5714286,1.0,1.0,0.6797929,1.0,0.8496039,1.0,0.071044,-
1,route_planner_greedy:RoutePlanner,"Bern, Switzerland","Zermatt, Switzerland",3,summer,6,nature_sport,0.4,0.1,0.2,0.3,58.6056648,0.2916667,0.8333333,1.0,0.7559095,0.0310669,0.8496039,1.0,0.000969,-
2,route_planner_greedy_local:RoutePlanner,"Bern, Switzerland","Zermatt, Switzerland",3,summer,6,nature_sport,0.4,0.1,0.2,0.3,83.0560235,0.7222222,0.8888889,1.0,0.6797929,1.0,0.8496039,1.0,0.028472,-
3,route_planner:RoutePlanner,"Bern, Switzerland","Zermatt, Switzerland",3,summer,6,nature_sport,0.4,0.1,0.2,0.3,83.0560235,0.7222222,0.8888889,1.0,0.6797929,1.0,0.8496039,1.0,0.037702,-
1,route_planner_greedy:RoutePlanner,"Bern, Switzerland","Zermatt, Switzerland",3,summer,6,culture_food,0.1,0.4,0.3,0.2,62.9806648,0.4166667,0.8333333,1.0,0.7559095,0.0310669,0.8496039,1.0,0.000889,-
2,route_planner_greedy_local:RoutePlanner,"Bern, Switzerland","Zermatt, Switzerland",3,summer,6,culture_food,0.1,0.4,0.3,0.2,72.1185235,0.4097222,0.8888889,1.0,0.6797929,1.0,0.8496039,1.0,0.025545,-
3,route_planner:RoutePlanner,"Bern, Switzerland","Zermatt, Switzerland",3,summer,6,culture_food,0.1,0.4,0.3,0.2,72.1185235,0.4097222,0.8888889,1.0,0.6797929,1.0,0.8496039,1.0,0.035384,-
1,route_planner_greedy:RoutePlanner,"Bern, Switzerland","Zermatt, Switzerland",3,summer,6,sport_culture,0.2,0.3,0.1,0.4,62.9806648,0.4166667,0.8333333,1.0,0.7559095,0.0310669,0.8496039,1.0,0.000892,-
2,route_planner_greedy_local:RoutePlanner,"Bern, Switzerland","Zermatt, Switzerland",3,summer,6,sport_culture,0.2,0.3,0.1,0.4,78.1737743,0.6666667,0.7222222,1.0,0.6506059,1.0,0.8496039,1.0,0.019337,-
3,route_planner:RoutePlanner,"Bern, Switzerland","Zermatt, Switzerland",3,summer,6,sport_culture,0.2,0.3,0.1,0.4,78.1737743,0.6666667,0.7222222,1.0,0.6506059,1.0,0.8496039,1.0,0.025862,-
1,route_planner_greedy:RoutePlanner,"Bern, Switzerland","Zermatt, Switzerland",3,summer,8,balanced,0.25,0.25,0.25,0.25,71.6612203,0.6111111,0.9583333,1.0,0.7559095,0.0310669,0.8496039,1.0,0.001176,-
2,route_planner_greedy_local:RoutePlanner,"Bern, Switzerland","Zermatt, Switzerland",3,summer,8,balanced,0.25,0.25,0.25,0.25,73.7504679,0.4444444,0.9166667,1.0,0.6797929,1.0,0.8496039,1.0,0.026956,-
3,route_planner:RoutePlanner,"Bern, Switzerland","Zermatt, Switzerland",3,summer,8,balanced,0.25,0.25,0.25,0.25,80.5925844,0.6111111,0.9166667,1.0,0.7470451,1.0,0.8496039,1.0,0.043453,-
1,route_planner_greedy:RoutePlanner,"Bern, Switzerland","Zermatt, Switzerland",3,summer,8,nature_sport,0.4,0.1,0.2,0.3,67.4482573,0.4907407,0.9583333,1.0,0.7559095,0.0310669,0.8496039,1.0,0.001196,-
2,route_planner_greedy_local:RoutePlanner,"Bern, Switzerland","Zermatt, Switzerland",3,summer,8,nature_sport,0.4,0.1,0.2,0.3,79.2962881,0.5740741,0.9166667,1.0,0.7470451,1.0,0.8496039,1.0,0.028308,-
3,route_planner:RoutePlanner,"Bern, Switzerland","Zermatt, Switzerland",3,summer,8,nature_sport,0.4,0.1,0.2,0.3,79.2962881,0.5740741,0.9166667,1.0,0.7470451,1.0,0.8496039,1.0,0.036121,-
1,route_planner_greedy:RoutePlanner,"Bern, Switzerland","Zermatt, Switzerland",3,summer,8,culture_food,0.1,0.4,0.3,0.2,58.3741833,0.2314815,0.9583333,1.0,0.7559095,0.0310669,0.8496039,1.0,0.001194,-
2,route_planner_greedy_local:RoutePlanner,"Bern, Switzerland","Zermatt, Switzerland",3,summer,8,culture_food,0.1,0.4,0.3,0.2,78.1620288,0.6130952,0.75,1.0,0.7470451,1.0,0.8496039,1.0,0.055498,-
3,route_planner:RoutePlanner,"Bern, Switzerland","Zermatt, Switzerland",3,summer,8,culture_food,0.1,0.4,0.3,0.2,78.1620288,0.6130952,0.75,1.0,0.7470451,1.0,0.8496039,1.0,0.065895,-
1,route_planner_greedy:RoutePlanner,"Bern, Switzerland","Zermatt, Switzerland",3,summer,8,sport_culture,0.2,0.3,0.1,0.4,64.6158179,0.4074074,1.0,1.0,0.7333825,0.0107801,0.8496039,1.0,0.001162,-
2,route_planner_greedy_local:RoutePlanner,"Bern, Switzerland","Zermatt, Switzerland",3,summer,8,sport_culture,0.2,0.3,0.1,0.4,78.8255588,0.7222222,0.7083333,1.0,0.6931885,0.8276934,0.8496039,1.0,0.056487,-
3,route_planner:RoutePlanner,"Bern, Switzerland","Zermatt, Switzerland",3,summer,8,sport_culture,0.2,0.3,0.1,0.4,78.8255588,0.7222222,0.7083333,1.0,0.6931885,0.8276934,0.8496039,1.0,0.062187,-
1,route_planner_greedy:RoutePlanner,"Bern, Switzerland","Zermatt, Switzerland",3,summer,10,balanced,0.25,0.25,0.25,0.25,63.4423738,0.4090909,0.9333333,1.0,0.7250738,6.6e-06,0.8496039,1.0,0.001203,-
2,route_planner_greedy_local:RoutePlanner,"Bern, Switzerland","Zermatt, Switzerland",3,summer,10,balanced,0.25,0.25,0.25,0.25,85.6203622,0.8333333,0.7333333,1.0,0.7470451,1.0,0.8496039,1.0,0.117131,-
3,route_planner:RoutePlanner,"Bern, Switzerland","Zermatt, Switzerland",3,summer,10,balanced,0.25,0.25,0.25,0.25,85.6203622,0.8333333,0.7333333,1.0,0.7470451,1.0,0.8496039,1.0,0.152236,-
1,route_planner_greedy:RoutePlanner,"Bern, Switzerland","Zermatt, Switzerland",3,summer,10,nature_sport,0.4,0.1,0.2,0.3,68.3834425,0.5138889,0.9666667,1.0,0.7559095,0.0310669,0.8496039,1.0,0.001614,-
2,route_planner_greedy_local:RoutePlanner,"Bern, Switzerland","Zermatt, Switzerland",3,summer,10,nature_sport,0.4,0.1,0.2,0.3,79.5907457,0.6041667,0.9333333,1.0,0.6797929,1.0,0.8496039,1.0,0.073838,-
3,route_planner:RoutePlanner,"Bern, Switzerland","Zermatt, Switzerland",3,summer,10,nature_sport,0.4,0.1,0.2,0.3,79.5907457,0.6041667,0.9333333,1.0,0.6797929,1.0,0.8496039,1.0,0.07209,-
1,route_planner_greedy:RoutePlanner,"Bern, Switzerland","Zermatt, Switzerland",3,summer,10,culture_food,0.1,0.4,0.3,0.2,61.4617254,0.344697,0.9,1.0,0.7559095,0.0310669,0.8496039,1.0,0.001406,-
2,route_planner_greedy_local:RoutePlanner,"Bern, Switzerland","Zermatt, Switzerland",3,summer,10,culture_food,0.1,0.4,0.3,0.2,71.2327912,0.3939394,0.8666667,1.0,0.6797929,1.0,0.8496039,1.0,0.055525,-
3,route_planner:RoutePlanner,"Bern, Switzerland","Zermatt, Switzerland",3,summer,10,culture_food,0.1,0.4,0.3,0.2,75.3648134,0.8833333,0.9333333,0.5,0.8091514,0.0810876,1.0,1.0,0.077147,-
1,route_planner_greedy:RoutePlanner,"Bern, Switzerland","Zermatt, Switzerland",3,summer,10,sport_culture,0.2,0.3,0.1,0.4,59.1671648,0.280303,0.9333333,1.0,0.7333825,0.0107801,0.8496039,1.0,0.001263,-
2,route_planner_greedy_local:RoutePlanner,"Bern, Switzerland","Zermatt, Switzerland",3,summer,10,sport_culture,0.2,0.3,0.1,0.4,83.203084,0.7651515,0.9,1.0,0.6931885,0.8276934,0.8496039,1.0,0.105386,-
3,route_planner:RoutePlanner,"Bern, Switzerland","Zermatt, Switzerland",3,summer,10,sport_culture,0.2,0.3,0.1,0.4,83.203084,0.7651515,0.9,1.0,0.6931885,0.8276934,0.8496039,1.0,0.129874,-
1,route_planner_greedy:RoutePlanner,"St. Moritz, Switzerland","St. Moritz, Switzerland",3,summer,6,balanced,0.25,0.25,0.25,0.25,61.2289835,0.6111111,0.8333333,0.5,0.6931839,0.0194317,0.8496039,1.0,0.001656,-
2,route_planner_greedy_local:RoutePlanner,"St. Moritz, Switzerland","St. Moritz, Switzerland",3,summer,6,balanced,0.25,0.25,0.25,0.25,59.9210349,0.5,0.7777778,0.5,0.64383,0.4348898,0.8496039,1.0,0.012431,-
3,route_planner:RoutePlanner,"St. Moritz, Switzerland","St. Moritz, Switzerland",3,summer,6,balanced,0.25,0.25,0.25,0.25,59.9210349,0.5,0.7777778,0.5,0.64383,0.4348898,0.8496039,1.0,0.012857,-
1,route_planner_greedy:RoutePlanner,"St. Moritz, Switzerland","St. Moritz, Switzerland",3,summer,6,nature_sport,0.4,0.1,0.2,0.3,60.3215761,0.5851852,0.8333333,0.5,0.6931839,0.0194317,0.8496039,1.0,0.001411,-
2,route_planner_greedy_local:RoutePlanner,"St. Moritz, Switzerland","St. Moritz, Switzerland",3,summer,6,nature_sport,0.4,0.1,0.2,0.3,50.8333333,0.5595238,0.7777778,0.0,0.0,1.0,1.0,0.9166667,0.010825,-
3,route_planner:RoutePlanner,"St. Moritz, Switzerland","St. Moritz, Switzerland",3,summer,6,nature_sport,0.4,0.1,0.2,0.3,50.8333333,0.5595238,0.7777778,0.0,0.0,1.0,1.0,0.9166667,0.01375,-
1,route_planner_greedy:RoutePlanner,"St. Moritz, Switzerland","St. Moritz, Switzerland",3,summer,6,culture_food,0.1,0.4,0.3,0.2,52.5564515,0.2895833,0.7777778,0.5,0.64383,0.4348898,0.8496039,1.0,0.001155,-
2,route_planner_greedy_local:RoutePlanner,"St. Moritz, Switzerland","St. Moritz, Switzerland",3,summer,6,culture_food,0.1,0.4,0.3,0.2,52.5564515,0.2895833,0.7777778,0.5,0.64383,0.4348898,0.8496039,1.0,0.009309,-
3,route_planner:RoutePlanner,"St. Moritz, Switzerland","St. Moritz, Switzerland",3,summer,6,culture_food,0.1,0.4,0.3,0.2,52.5564515,0.2895833,0.7777778,0.5,0.64383,0.4348898,0.8496039,1.0,0.014305,-
1,route_planner_greedy:RoutePlanner,"St. Moritz, Switzerland","St. Moritz, Switzerland",3,summer,6,sport_culture,0.2,0.3,0.1,0.4,56.2752015,0.3958333,0.7777778,0.5,0.64383,0.4348898,0.8496039,1.0,0.000931,-
2,route_planner_greedy_local:RoutePlanner,"St. Moritz, Switzerland","St. Moritz, Switzerland",3,summer,6,sport_culture,0.2,0.3,0.1,0.4,56.2752015,0.3958333,0.7777778,0.5,0.64383,0.4348898,0.8496039,1.0,0.010042,-
3,route_planner:RoutePlanner,"St. Moritz, Switzerland","St. Moritz, Switzerland",3,summer,6,sport_culture,0.2,0.3,0.1,0.4,56.2752015,0.3958333,0.7777778,0.5,0.64383,0.4348898,0.8496039,1.0,0.00885,-
1,route_planner_greedy:RoutePlanner,"St. Moritz, Switzerland","St. Moritz, Switzerland",3,summer,8,balanced,0.25,0.25,0.25,0.25,63.1934379,0.5588235,0.9583333,0.5,0.6567448,0.2660423,0.8496039,1.0,0.001013,-
2,route_planner_greedy_local:RoutePlanner,"St. Moritz, Switzerland","St. Moritz, Switzerland",3,summer,8,balanced,0.25,0.25,0.25,0.25,63.1934379,0.5588235,0.9583333,0.5,0.6567448,0.2660423,0.8496039,1.0,0.008229,-
3,route_planner:RoutePlanner,"St. Moritz, Switzerland","St. Moritz, Switzerland",3,summer,8,balanced,0.25,0.25,0.25,0.25,63.1934379,0.5588235,0.9583333,0.5,0.6567448,0.2660423,0.8496039,1.0,0.009128,-
1,route_planner_greedy:RoutePlanner,"St. Moritz, Switzerland","St. Moritz, Switzerland",3,summer,8,nature_sport,0.4,0.1,0.2,0.3,55.1297124,0.3284314,0.9583333,0.5,0.6567448,0.2660423,0.8496039,1.0,0.001136,-
2,route_planner_greedy_local:RoutePlanner,"St. Moritz, Switzerland","St. Moritz, Switzerland",3,summer,8,nature_sport,0.4,0.1,0.2,0.3,64.9210349,0.5833333,0.9166667,0.5,0.64383,0.4348898,0.8496039,1.0,0.015926,-
3,route_planner:RoutePlanner,"St. Moritz, Switzerland","St. Moritz, Switzerland",3,summer,8,nature_sport,0.4,0.1,0.2,0.3,64.9210349,0.5833333,0.9166667,0.5,0.64383,0.4348898,0.8496039,1.0,0.02076,-
1,route_planner_greedy:RoutePlanner,"St. Moritz, Switzerland","St. Moritz, Switzerland",3,summer,8,culture_food,0.1,0.4,0.3,0.2,63.426281,0.5833333,0.9166667,0.5,0.6567448,0.2660423,0.8496039,1.0,0.00121,-
2,route_planner_greedy_local:RoutePlanner,"St. Moritz, Switzerland","St. Moritz, Switzerland",3,summer,8,culture_food,0.1,0.4,0.3,0.2,64.9210349,0.5833333,0.9166667,0.5,0.64383,0.4348898,0.8496039,1.0,0.016526,-
3,route_planner:RoutePlanner,"St. Moritz, Switzerland","St. Moritz, Switzerland",3,summer,8,culture_food,0.1,0.4,0.3,0.2,64.9210349,0.5833333,0.9166667,0.5,0.64383,0.4348898,0.8496039,1.0,0.015621,-
1,route_planner_greedy:RoutePlanner,"St. Moritz, Switzerland","St. Moritz, Switzerland",3,summer,8,sport_culture,0.2,0.3,0.1,0.4,64.9210349,0.5833333,0.9166667,0.5,0.64383,0.4348898,0.8496039,1.0,0.001059,-
2,route_planner_greedy_local:RoutePlanner,"St. Moritz, Switzerland","St. Moritz, Switzerland",3,summer,8,sport_culture,0.2,0.3,0.1,0.4,64.9210349,0.5833333,0.9166667,0.5,0.64383,0.4348898,0.8496039,1.0,0.009942,-
3,route_planner:RoutePlanner,"St. Moritz, Switzerland","St. Moritz, Switzerland",3,summer,8,sport_culture,0.2,0.3,0.1,0.4,64.9210349,0.5833333,0.9166667,0.5,0.64383,0.4348898,0.8496039,1.0,0.010448,-
1,route_planner_greedy:RoutePlanner,"St. Moritz, Switzerland","St. Moritz, Switzerland",3,summer,10,balanced,0.25,0.25,0.25,0.25,64.1432571,0.6111111,0.8,0.5,0.64383,0.4348898,0.8496039,1.0,0.001284,-
2,route_planner_greedy_local:RoutePlanner,"St. Moritz, Switzerland","St. Moritz, Switzerland",3,summer,10,balanced,0.25,0.25,0.25,0.25,64.1432571,0.6111111,0.8,0.5,0.64383,0.4348898,0.8496039,1.0,0.016965,-
3,route_planner:RoutePlanner,"St. Moritz, Switzerland","St. Moritz, Switzerland",3,summer,10,balanced,0.25,0.25,0.25,0.25,64.1432571,0.6111111,0.8,0.5,0.64383,0.4348898,0.8496039,1.0,0.023049,-
1,route_planner_greedy:RoutePlanner,"St. Moritz, Switzerland","St. Moritz, Switzerland",3,summer,10,nature_sport,0.4,0.1,0.2,0.3,67.0877015,0.6666667,0.8666667,0.5,0.64383,0.4348898,0.8496039,1.0,0.001472,-
2,route_planner_greedy_local:RoutePlanner,"St. Moritz, Switzerland","St. Moritz, Switzerland",3,summer,10,nature_sport,0.4,0.1,0.2,0.3,67.0877015,0.6666667,0.8666667,0.5,0.64383,0.4348898,0.8496039,1.0,0.043165,-
3,route_planner:RoutePlanner,"St. Moritz, Switzerland","St. Moritz, Switzerland",3,summer,10,nature_sport,0.4,0.1,0.2,0.3,67.0877015,0.6666667,0.8666667,0.5,0.64383,0.4348898,0.8496039,1.0,0.044809,-
1,route_planner_greedy:RoutePlanner,"St. Moritz, Switzerland","St. Moritz, Switzerland",3,summer,10,culture_food,0.1,0.4,0.3,0.2,63.176281,0.5833333,0.9,0.5,0.6567448,0.2660423,0.8496039,1.0,0.003418,-
2,route_planner_greedy_local:RoutePlanner,"St. Moritz, Switzerland","St. Moritz, Switzerland",3,summer,10,culture_food,0.1,0.4,0.3,0.2,61.9835349,0.5208333,0.8666667,0.5,0.64383,0.4348898,0.8496039,1.0,0.032226,-
3,route_planner:RoutePlanner,"St. Moritz, Switzerland","St. Moritz, Switzerland",3,summer,10,culture_food,0.1,0.4,0.3,0.2,61.9835349,0.5208333,0.8666667,0.5,0.64383,0.4348898,0.8496039,1.0,0.02811,-
1,route_planner_greedy:RoutePlanner,"St. Moritz, Switzerland","St. Moritz, Switzerland",3,summer,10,sport_culture,0.2,0.3,0.1,0.4,72.569183,0.8518519,0.8,0.5,0.64383,0.4348898,0.8496039,1.0,0.004276,-
2,route_planner_greedy_local:RoutePlanner,"St. Moritz, Switzerland","St. Moritz, Switzerland",3,summer,10,sport_culture,0.2,0.3,0.1,0.4,72.569183,0.8518519,0.8,0.5,0.64383,0.4348898,0.8496039,1.0,0.029565,-
3,route_planner:RoutePlanner,"St. Moritz, Switzerland","St. Moritz, Switzerland",3,summer,10,sport_culture,0.2,0.3,0.1,0.4,72.569183,0.8518519,0.8,0.5,0.64383,0.4348898,0.8496039,1.0,0.022163,-
1,route_planner_greedy:RoutePlanner,"Interlaken, Switzerland","St. Moritz, Switzerland",3,winter,6,balanced,0.25,0.25,0.25,0.25,74.2221915,0.6111111,1.0,1.0,0.9056853,3e-07,0.8496039,1.0,0.000761,-
2,route_planner_greedy_local:RoutePlanner,"Interlaken, Switzerland","St. Moritz, Switzerland",3,winter,6,balanced,0.25,0.25,0.25,0.25,67.0244779,0.5,0.8333333,1.0,0.8517632,1e-06,0.8496039,1.0,0.017122,-
3,route_planner:RoutePlanner,"Interlaken, Switzerland","St. Moritz, Switzerland",3,winter,6,balanced,0.25,0.25,0.25,0.25,75.0,0.7857143,1.0,0.5,1.0,0.0,1.0,1.0,0.015768,-
1,route_planner_greedy:RoutePlanner,"Interlaken, Switzerland","St. Moritz, Switzerland",3,winter,6,nature_sport,0.4,0.1,0.2,0.3,61.3994779,0.2916667,0.9444444,1.0,0.8517632,1e-06,0.8496039,1.0,0.000765,-
2,route_planner_greedy_local:RoutePlanner,"Interlaken, Switzerland","St. Moritz, Switzerland",3,winter,6,nature_sport,0.4,0.1,0.2,0.3,77.8842286,0.7157407,1.0,1.0,0.9056853,3e-07,0.8496039,1.0,0.031549,-
3,route_planner:RoutePlanner,"Interlaken, Switzerland","St. Moritz, Switzerland",3,winter,6,nature_sport,0.4,0.1,0.2,0.3,77.8842286,0.7157407,1.0,1.0,0.9056853,3e-07,0.8496039,1.0,0.035578,-
1,route_planner_greedy:RoutePlanner,"Interlaken, Switzerland","St. Moritz, Switzerland",3,winter,6,culture_food,0.1,0.4,0.3,0.2,61.3994779,0.2916667,0.9444444,1.0,0.8517632,1e-06,0.8496039,1.0,0.000733,-
2,route_planner_greedy_local:RoutePlanner,"Interlaken, Switzerland","St. Moritz, Switzerland",3,winter,6,culture_food,0.1,0.4,0.3,0.2,65.6079863,0.4166667,0.9444444,1.0,0.8406638,1e-06,0.8496039,1.0,0.017508,-
3,route_planner:RoutePlanner,"Interlaken, Switzerland","St. Moritz, Switzerland",3,winter,6,culture_food,0.1,0.4,0.3,0.2,72.0833333,0.702381,1.0,0.5,1.0,0.0,1.0,1.0,0.020697,-
1,route_planner_greedy:RoutePlanner,"Interlaken, Switzerland","St. Moritz, Switzerland",3,winter,6,sport_culture,0.2,0.3,0.1,0.4,65.7744779,0.4166667,0.9444444,1.0,0.8517632,1e-06,0.8496039,1.0,0.000618,-
2,route_planner_greedy_local:RoutePlanner,"Interlaken, Switzerland","St. Moritz, Switzerland",3,winter,6,sport_culture,0.2,0.3,0.1,0.4,73.145334,0.6345238,0.8888889,1.0,0.8903761,6e-07,0.8496039,1.0,0.014164,-
3,route_planner:RoutePlanner,"Interlaken, Switzerland","St. Moritz, Switzerland",3,winter,6,sport_culture,0.2,0.3,0.1,0.4,73.145334,0.6345238,0.8888889,1.0,0.8903761,6e-07,0.8496039,1.0,0.019221,-
1,route_planner_greedy:RoutePlanner,"Interlaken, Switzerland","St. Moritz, Switzerland",3,winter,8,balanced,0.25,0.25,0.25,0.25,68.8994779,0.5,0.9583333,1.0,0.8517632,1e-06,0.8496039,1.0,0.000747,-
2,route_planner_greedy_local:RoutePlanner,"Interlaken, Switzerland","St. Moritz, Switzerland",3,winter,8,balanced,0.25,0.25,0.25,0.25,68.8994779,0.5,0.9583333,1.0,0.8517632,1e-06,0.8496039,1.0,0.010398,-
3,route_planner:RoutePlanner,"Interlaken, Switzerland","St. Moritz, Switzerland",3,winter,8,balanced,0.25,0.25,0.25,0.25,71.25,0.75,0.8333333,0.5,1.0,0.0,1.0,1.0,0.018241,-
1,route_planner_greedy:RoutePlanner,"Interlaken, Switzerland","St. Moritz, Switzerland",3,winter,8,nature_sport,0.4,0.1,0.2,0.3,70.399653,0.5833333,0.875,1.0,0.8406638,1e-06,0.8496039,1.0,0.000774,-
2,route_planner_greedy_local:RoutePlanner,"Interlaken, Switzerland","St. Moritz, Switzerland",3,winter,8,nature_sport,0.4,0.1,0.2,0.3,70.399653,0.5833333,0.875,1.0,0.8406638,1e-06,0.8496039,1.0,0.010524,-
3,route_planner:RoutePlanner,"Interlaken, Switzerland","St. Moritz, Switzerland",3,winter,8,nature_sport,0.4,0.1,0.2,0.3,71.4583333,0.7916667,0.75,0.5,1.0,0.0,1.0,1.0,0.017745,-
1,route_planner_greedy:RoutePlanner,"Interlaken, Switzerland","St. Moritz, Switzerland",3,winter,8,culture_food,0.1,0.4,0.3,0.2,63.0819447,0.3385417,0.9583333,1.0,0.8406638,1e-06,0.8496039,1.0,0.000744,-
2,route_planner_greedy_local:RoutePlanner,"Interlaken, Switzerland","St. Moritz, Switzerland",3,winter,8,culture_food,0.1,0.4,0.3,0.2,70.1561669,0.6180556,0.7083333,1.0,0.8124204,0.1464897,0.8496039,1.0,0.035518,-
3,route_planner:RoutePlanner,"Interlaken, Switzerland","St. Moritz, Switzerland",3,winter,8,culture_food,0.1,0.4,0.3,0.2,70.15625,0.71875,0.8333333,0.5,1.0,0.0,1.0,1.0,0.045046,-
1,route_planner_greedy:RoutePlanner,"Interlaken, Switzerland","St. Moritz, Switzerland",3,winter,8,sport_culture,0.2,0.3,0.1,0.4,67.821528,0.4739583,0.9583333,1.0,0.8406638,1e-06,0.8496039,1.0,0.000775,-
2,route_planner_greedy_local:RoutePlanner,"Interlaken, Switzerland","St. Moritz, Switzerland",3,winter,8,sport_culture,0.2,0.3,0.1,0.4,67.821528,0.4739583,0.9583333,1.0,0.8406638,1e-06,0.8496039,1.0,0.009828,-
3,route_planner:RoutePlanner,"Interlaken, Switzerland","St. Moritz, Switzerland",3,winter,8,sport_culture,0.2,0.3,0.1,0.4,67.9166667,0.5833333,1.0,0.5,1.0,0.0,1.0,1.0,0.015312,-
1,route_planner_greedy:RoutePlanner,"Interlaken, Switzerland","St. Moritz, Switzerland",3,winter,10,balanced,0.25,0.25,0.25,0.25,75.0244779,0.7,0.9,1.0,0.8517632,1e-06,0.8496039,1.0,0.000824,-
2,route_planner_greedy_local:RoutePlanner,"Interlaken, Switzerland","St. Moritz, Switzerland",3,winter,10,balanced,0.25,0.25,0.25,0.25,75.0244779,0.7,0.9,1.0,0.8517632,1e-06,0.8496039,1.0,0.011512,-
3,route_planner:RoutePlanner,"Interlaken, Switzerland","St. Moritz, Switzerland",3,winter,10,balanced,0.25,0.25,0.25,0.25,75.0244779,0.7,0.9,1.0,0.8517632,1e-06,0.8496039,1.0,0.020515,-
1,route_planner_greedy:RoutePlanner,"Interlaken, Switzerland","St. Moritz, Switzerland",3,winter,10,nature_sport,0.4,0.1,0.2,0.3,77.6770002,0.7222222,0.9666667,1.0,0.8124204,0.1464897,0.8496039,1.0,0.000861,-
2,route_planner_greedy_local:RoutePlanner,"Interlaken, Switzerland","St. Moritz, Switzerland",3,winter,10,nature_sport,0.4,0.1,0.2,0.3,77.6770002,0.7222222,0.9666667,1.0,0.8124204,0.1464897,0.8496039,1.0,0.015312,-
3,route_planner:RoutePlanner,"Interlaken, Switzerland","St. Moritz, Switzerland",3,winter,10,nature_sport,0.4,0.1,0.2,0.3,77.6770002,0.7222222,0.9666667,1.0,0.8124204,0.1464897,0.8496039,1.0,0.021394,-
1,route_planner_greedy:RoutePlanner,"Interlaken, Switzerland","St. Moritz, Switzerland",3,winter,10,culture_food,0.1,0.4,0.3,0.2,73.3792398,0.5729167,0.9666667,1.0,0.8290235,0.2143784,0.8496039,1.0,0.00092,-
2,route_planner_greedy_local:RoutePlanner,"Interlaken, Switzerland","St. Moritz, Switzerland",3,winter,10,culture_food,0.1,0.4,0.3,0.2,73.3792398,0.5729167,0.9666667,1.0,0.8290235,0.2143784,0.8496039,1.0,0.015139,-
3,route_planner:RoutePlanner,"Interlaken, Switzerland","St. Moritz, Switzerland",3,winter,10,culture_food,0.1,0.4,0.3,0.2,73.3792398,0.5729167,0.9666667,1.0,0.8290235,0.2143784,0.8496039,1.0,0.023734,-
1,route_planner_greedy:RoutePlanner,"Interlaken, Switzerland","St. Moritz, Switzerland",3,winter,10,sport_culture,0.2,0.3,0.1,0.4,71.6006114,0.5486111,0.9666667,1.0,0.8124204,0.1464897,0.8496039,1.0,0.000854,-
2,route_planner_greedy_local:RoutePlanner,"Interlaken, Switzerland","St. Moritz, Switzerland",3,winter,10,sport_culture,0.2,0.3,0.1,0.4,79.7378649,0.7982456,0.8333333,1.0,0.9095908,0.1407387,0.8496039,1.0,0.053506,-
3,route_planner:RoutePlanner,"Interlaken, Switzerland","St. Moritz, Switzerland",3,winter,10,sport_culture,0.2,0.3,0.1,0.4,79.7378649,0.7982456,0.8333333,1.0,0.9095908,0.1407387,0.8496039,1.0,0.059373,-
1,route_planner_greedy:RoutePlanner,"Zurich, Switzerland","Zurich, Switzerland",3,winter,6,balanced,0.25,0.25,0.25,0.25,70.8210227,0.6538462,0.8888889,0.5,0.5236703,1.0,0.8496039,1.0,0.000667,-
2,route_planner_greedy_local:RoutePlanner,"Zurich, Switzerland","Zurich, Switzerland",3,winter,6,balanced,0.25,0.25,0.25,0.25,70.8210227,0.6538462,0.8888889,0.5,0.5236703,1.0,0.8496039,1.0,0.006578,-
3,route_planner:RoutePlanner,"Zurich, Switzerland","Zurich, Switzerland",3,winter,6,balanced,0.25,0.25,0.25,0.25,70.8210227,0.6538462,0.8888889,0.5,0.5236703,1.0,0.8496039,1.0,0.007742,-
1,route_planner_greedy:RoutePlanner,"Zurich, Switzerland","Zurich, Switzerland",3,winter,6,nature_sport,0.4,0.1,0.2,0.3,64.9602134,0.4070513,0.9444444,0.5,0.6532488,1.0,0.8496039,1.0,0.000656,-
2,route_planner_greedy_local:RoutePlanner,"Zurich, Switzerland","Zurich, Switzerland",3,winter,6,nature_sport,0.4,0.1,0.2,0.3,64.9602134,0.4070513,0.9444444,0.5,0.6532488,1.0,0.8496039,1.0,0.006928,-
3,route_planner:RoutePlanner,"Zurich, Switzerland","Zurich, Switzerland",3,winter,6,nature_sport,0.4,0.1,0.2,0.3,64.9602134,0.4070513,0.9444444,0.5,0.6532488,1.0,0.8496039,1.0,0.008023,-
1,route_planner_greedy:RoutePlanner,"Zurich, Switzerland","Zurich, Switzerland",3,winter,6,culture_food,0.1,0.4,0.3,0.2,67.8661963,0.5138889,0.8888889,0.5,0.6532488,1.0,0.8496039,1.0,0.000654,-
2,route_planner_greedy_local:RoutePlanner,"Zurich, Switzerland","Zurich, Switzerland",3,winter,6,culture_food,0.1,0.4,0.3,0.2,67.8661963,0.5138889,0.8888889,0.5,0.6532488,1.0,0.8496039,1.0,0.011873,-
3,route_planner:RoutePlanner,"Zurich, Switzerland","Zurich, Switzerland",3,winter,6,culture_food,0.1,0.4,0.3,0.2,67.8661963,0.5138889,0.8888889,0.5,0.6532488,1.0,0.8496039,1.0,0.013866,-
1,route_planner_greedy:RoutePlanner,"Zurich, Switzerland","Zurich, Switzerland",3,winter,6,sport_culture,0.2,0.3,0.1,0.4,66.9634186,0.4404762,1.0,0.5,0.6532488,1.0,0.8496039,1.0,0.000652,-
2,route_planner_greedy_local:RoutePlanner,"Zurich, Switzerland","Zurich, Switzerland",3,winter,6,sport_culture,0.2,0.3,0.1,0.4,66.9634186,0.4404762,1.0,0.5,0.6532488,1.0,0.8496039,1.0,0.013205,-
3,route_planner:RoutePlanner,"Zurich, Switzerland","Zurich, Switzerland",3,winter,6,sport_culture,0.2,0.3,0.1,0.4,66.9634186,0.4404762,1.0,0.5,0.6532488,1.0,0.8496039,1.0,0.014511,-
1,route_planner_greedy:RoutePlanner,"Zurich, Switzerland","Zurich, Switzerland",3,winter,8,balanced,0.25,0.25,0.25,0.25,75.4433223,0.7857143,0.75,0.5,0.6630202,1.0,0.8496039,1.0,0.000885,-
2,route_planner_greedy_local:RoutePlanner,"Zurich, Switzerland","Zurich, Switzerland",3,winter,8,balanced,0.25,0.25,0.25,0.25,75.4433223,0.7857143,0.75,0.5,0.6630202,1.0,0.8496039,1.0,0.007445,-
3,route_planner:RoutePlanner,"Zurich, Switzerland","Zurich, Switzerland",3,winter,8,balanced,0.25,0.25,0.25,0.25,75.4433223,0.7857143,0.75,0.5,0.6630202,1.0,0.8496039,1.0,0.025406,-
1,route_planner_greedy:RoutePlanner,"Zurich, Switzerland","Zurich, Switzerland",3,winter,8,nature_sport,0.4,0.1,0.2,0.3,71.1081554,0.5767544,0.9583333,0.5,0.6532488,1.0,0.8496039,1.0,0.001235,-
2,route_planner_greedy_local:RoutePlanner,"Zurich, Switzerland","Zurich, Switzerland",3,winter,8,nature_sport,0.4,0.1,0.2,0.3,71.1081554,0.5767544,0.9583333,0.5,0.6532488,1.0,0.8496039,1.0,0.011878,-
3,route_planner:RoutePlanner,"Zurich, Switzerland","Zurich, Switzerland",3,winter,8,nature_sport,0.4,0.1,0.2,0.3,71.1081554,0.5767544,0.9583333,0.5,0.6532488,1.0,0.8496039,1.0,0.013128,-
1,route_planner_greedy:RoutePlanner,"Zurich, Switzerland","Zurich, Switzerland",3,winter,8,culture_food,0.1,0.4,0.3,0.2,76.0902521,0.7149123,0.9583333,0.5,0.6630202,1.0,0.8496039,1.0,0.000887,-
2,route_planner_greedy_local:RoutePlanner,"Zurich, Switzerland","Zurich, Switzerland",3,winter,8,culture_food,0.1,0.4,0.3,0.2,76.0902521,0.7149123,0.9583333,0.5,0.6630202,1.0,0.8496039,1.0,0.010544,-
3,route_planner:RoutePlanner,"Zurich, Switzerland","Zurich, Switzerland",3,winter,8,culture_food,0.1,0.4,0.3,0.2,76.0902521,0.7149123,0.9583333,0.5,0.6630202,1.0,0.8496039,1.0,0.012244,-
1,route_planner_greedy:RoutePlanner,"Zurich, Switzerland","Zurich, Switzerland",3,winter,8,sport_culture,0.2,0.3,0.1,0.4,73.5683223,0.625,1.0,0.5,0.6630202,1.0,0.8496039,1.0,0.000887,-
2,route_planner_greedy_local:RoutePlanner,"Zurich, Switzerland","Zurich, Switzerland",3,winter,8,sport_culture,0.2,0.3,0.1,0.4,73.5683223,0.625,1.0,0.5,0.6630202,1.0,0.8496039,1.0,0.009833,-
3,route_planner:RoutePlanner,"Zurich, Switzerland","Zurich, Switzerland",3,winter,8,sport_culture,0.2,0.3,0.1,0.4,73.5683223,0.625,1.0,0.5,0.6630202,1.0,0.8496039,1.0,0.011695,-
1,route_planner_greedy:RoutePlanner,"Zurich, Switzerland","Zurich, Switzerland",3,winter,10,balanced,0.25,0.25,0.25,0.25,64.1618976,0.5588235,0.6666667,0.5,0.5236703,1.0,0.8496039,1.0,0.000849,-
2,route_planner_greedy_local:RoutePlanner,"Zurich, Switzerland","Zurich, Switzerland",3,winter,10,balanced,0.25,0.25,0.25,0.25,64.1618976,0.5588235,0.6666667,0.5,0.5236703,1.0,0.8496039,1.0,0.009287,-
3,route_planner:RoutePlanner,"Zurich, Switzerland","Zurich, Switzerland",3,winter,10,balanced,0.25,0.25,0.25,0.25,64.1618976,0.5588235,0.6666667,0.5,0.5236703,1.0,0.8496039,1.0,0.012039,-
1,route_planner_greedy:RoutePlanner,"Zurich, Switzerland","Zurich, Switzerland",3,winter,10,nature_sport,0.4,0.1,0.2,0.3,72.0405445,0.6527778,0.8333333,0.5,0.6630202,1.0,0.8496039,1.0,0.000978,-
2,route_planner_greedy_local:RoutePlanner,"Zurich, Switzerland","Zurich, Switzerland",3,winter,10,nature_sport,0.4,0.1,0.2,0.3,72.0405445,0.6527778,0.8333333,0.5,0.6630202,1.0,0.8496039,1.0,0.012575,-
3,route_planner:RoutePlanner,"Zurich, Switzerland","Zurich, Switzerland",3,winter,10,nature_sport,0.4,0.1,0.2,0.3,72.0405445,0.6527778,0.8333333,0.5,0.6630202,1.0,0.8496039,1.0,0.014942,-
1,route_planner_greedy:RoutePlanner,"Zurich, Switzerland","Zurich, Switzerland",3,winter,10,culture_food,0.1,0.4,0.3,0.2,62.8947407,0.4083333,0.9333333,0.5,0.5236703,1.0,0.8496039,1.0,0.001068,-
2,route_planner_greedy_local:RoutePlanner,"Zurich, Switzerland","Zurich, Switzerland",3,winter,10,culture_food,0.1,0.4,0.3,0.2,62.8947407,0.4083333,0.9333333,0.5,0.5236703,1.0,0.8496039,1.0,0.01413,-
3,route_planner:RoutePlanner,"Zurich, Switzerland","Zurich, Switzerland",3,winter,10,culture_food,0.1,0.4,0.3,0.2,62.8947407,0.4083333,0.9333333,0.5,0.5236703,1.0,0.8496039,1.0,0.018121,-
1,route_planner_greedy:RoutePlanner,"Zurich, Switzerland","Zurich, Switzerland",3,winter,10,sport_culture,0.2,0.3,0.1,0.4,68.1099889,0.4833333,0.9666667,0.5,0.6630202,1.0,0.8496039,1.0,0.00106,-
2,route_planner_greedy_local:RoutePlanner,"Zurich, Switzerland","Zurich, Switzerland",3,winter,10,sport_culture,0.2,0.3,0.1,0.4,68.1099889,0.4833333,0.9666667,0.5,0.6630202,1.0,0.8496039,1.0,0.015956,-
3,route_planner:RoutePlanner,"Zurich, Switzerland","Zurich, Switzerland",3,winter,10,sport_culture,0.2,0.3,0.1,0.4,68.1099889,0.4833333,0.9666667,0.5,0.6630202,1.0,0.8496039,1.0,0.01756,-
1,route_planner_greedy:RoutePlanner,"Lugano, Switzerland","Zurich, Switzerland",3,winter,6,balanced,0.25,0.25,0.25,0.25,80.6112346,0.6538462,0.8888889,1.0,0.6763511,1.0,0.8496039,1.0,0.000664,-
2,route_planner_greedy_local:RoutePlanner,"Lugano, Switzerland","Zurich, Switzerland",3,winter,6,balanced,0.25,0.25,0.25,0.25,80.6112346,0.6538462,0.8888889,1.0,0.6763511,1.0,0.8496039,1.0,0.005299,-
3,route_planner:RoutePlanner,"Lugano, Switzerland","Zurich, Switzerland",3,winter,6,balanced,0.25,0.25,0.25,0.25,80.6112346,0.6538462,0.8888889,1.0,0.6763511,1.0,0.8496039,1.0,0.007843,-
1,route_planner_greedy:RoutePlanner,"Lugano, Switzerland","Zurich, Switzerland",3,winter,6,nature_sport,0.4,0.1,0.2,0.3,78.7041833,0.599359,0.8888889,1.0,0.6763511,1.0,0.8496039,1.0,0.000598,-
2,route_planner_greedy_local:RoutePlanner,"Lugano, Switzerland","Zurich, Switzerland",3,winter,6,nature_sport,0.4,0.1,0.2,0.3,78.7041833,0.599359,0.8888889,1.0,0.6763511,1.0,0.8496039,1.0,0.007903,-
3,route_planner:RoutePlanner,"Lugano, Switzerland","Zurich, Switzerland",3,winter,6,nature_sport,0.4,0.1,0.2,0.3,78.7041833,0.599359,0.8888889,1.0,0.6763511,1.0,0.8496039,1.0,0.011231,-
1,route_planner_greedy:RoutePlanner,"Lugano, Switzerland","Zurich, Switzerland",3,winter,6,culture_food,0.1,0.4,0.3,0.2,83.7522603,0.7435897,0.8888889,1.0,0.6763511,1.0,0.8496039,1.0,0.000606,-
2,route_planner_greedy_local:RoutePlanner,"Lugano, Switzerland","Zurich, Switzerland",3,winter,6,culture_food,0.1,0.4,0.3,0.2,83.7522603,0.7435897,0.8888889,1.0,0.6763511,1.0,0.8496039,1.0,0.008618,-
3,route_planner:RoutePlanner,"Lugano, Switzerland","Zurich, Switzerland",3,winter,6,culture_food,0.1,0.4,0.3,0.2,83.7522603,0.7435897,0.8888889,1.0,0.6763511,1.0,0.8496039,1.0,0.011904,-
1,route_planner_greedy:RoutePlanner,"Lugano, Switzerland","Zurich, Switzerland",3,winter,6,sport_culture,0.2,0.3,0.1,0.4,76.3484141,0.5320513,0.8888889,1.0,0.6763511,1.0,0.8496039,1.0,0.000577,-
2,route_planner_greedy_local:RoutePlanner,"Lugano, Switzerland","Zurich, Switzerland",3,winter,6,sport_culture,0.2,0.3,0.1,0.4,76.3484141,0.5320513,0.8888889,1.0,0.6763511,1.0,0.8496039,1.0,0.006693,-
3,route_planner:RoutePlanner,"Lugano, Switzerland","Zurich, Switzerland",3,winter,6,sport_culture,0.2,0.3,0.1,0.4,76.3484141,0.5320513,0.8888889,1.0,0.6763511,1.0,0.8496039,1.0,0.016116,-
1,route_planner_greedy:RoutePlanner,"Lugano, Switzerland","Zurich, Switzerland",3,winter,8,balanced,0.25,0.25,0.25,0.25,91.9780736,1.0,0.8333333,1.0,0.688051,0.9909289,0.8496039,1.0,0.000818,-
2,route_planner_greedy_local:RoutePlanner,"Lugano, Switzerland","Zurich, Switzerland",3,winter,8,balanced,0.25,0.25,0.25,0.25,91.9780736,1.0,0.8333333,1.0,0.688051,0.9909289,0.8496039,1.0,0.01022,-
3,route_planner:RoutePlanner,"Lugano, Switzerland","Zurich, Switzerland",3,winter,8,balanced,0.25,0.25,0.25,0.25,91.9780736,1.0,0.8333333,1.0,0.688051,0.9909289,0.8496039,1.0,0.013927,-
1,route_planner_greedy:RoutePlanner,"Lugano, Switzerland","Zurich, Switzerland",3,winter,8,nature_sport,0.4,0.1,0.2,0.3,79.0692118,0.6157407,0.875,1.0,0.6763511,1.0,0.8496039,1.0,0.00081,-
2,route_planner_greedy_local:RoutePlanner,"Lugano, Switzerland","Zurich, Switzerland",3,winter,8,nature_sport,0.4,0.1,0.2,0.3,79.0692118,0.6157407,0.875,1.0,0.6763511,1.0,0.8496039,1.0,0.012369,-
3,route_planner:RoutePlanner,"Lugano, Switzerland","Zurich, Switzerland",3,winter,8,nature_sport,0.4,0.1,0.2,0.3,79.0692118,0.6157407,0.875,1.0,0.6763511,1.0,0.8496039,1.0,0.016694,-
1,route_planner_greedy:RoutePlanner,"Lugano, Switzerland","Zurich, Switzerland",3,winter,8,culture_food,0.1,0.4,0.3,0.2,81.3421087,0.6425439,0.9583333,1.0,0.688051,0.9909289,0.8496039,1.0,0.00081,-
2,route_planner_greedy_local:RoutePlanner,"Lugano, Switzerland","Zurich, Switzerland",3,winter,8,culture_food,0.1,0.4,0.3,0.2,81.3421087,0.6425439,0.9583333,1.0,0.688051,0.9909289,0.8496039,1.0,0.008645,-
3,route_planner:RoutePlanner,"Lugano, Switzerland","Zurich, Switzerland",3,winter,8,culture_food,0.1,0.4,0.3,0.2,81.3421087,0.6425439,0.9583333,1.0,0.688051,0.9909289,0.8496039,1.0,0.011367,-
1,route_planner_greedy:RoutePlanner,"Lugano, Switzerland","Zurich, Switzerland",3,winter,8,sport_culture,0.2,0.3,0.1,0.4,81.8932859,0.6428571,1.0,1.0,0.6763511,1.0,0.8496039,1.0,0.000793,-
2,route_planner_greedy_local:RoutePlanner,"Lugano, Switzerland","Zurich, Switzerland",3,winter,8,sport_culture,0.2,0.3,0.1,0.4,81.8932859,0.6428571,1.0,1.0,0.6763511,1.0,0.8496039,1.0,0.010694,-
3,route_planner:RoutePlanner,"Lugano, Switzerland","Zurich, Switzerland",3,winter,8,sport_culture,0.2,0.3,0.1,0.4,81.8932859,0.6428571,1.0,1.0,0.6763511,1.0,0.8496039,1.0,0.013976,-
1,route_planner_greedy:RoutePlanner,"Lugano, Switzerland","Zurich, Switzerland",3,winter,10,balanced,0.25,0.25,0.25,0.25,80.3932859,0.7,0.7666667,1.0,0.6763511,1.0,0.8496039,1.0,0.000917,-
2,route_planner_greedy_local:RoutePlanner,"Lugano, Switzerland","Zurich, Switzerland",3,winter,10,balanced,0.25,0.25,0.25,0.25,83.8932859,0.8,0.7666667,1.0,0.6763511,1.0,0.8496039,1.0,0.034661,-
3,route_planner:RoutePlanner,"Lugano, Switzerland","Zurich, Switzerland",3,winter,10,balanced,0.25,0.25,0.25,0.25,80.3932859,0.7,0.7666667,1.0,0.6763511,1.0,0.8496039,1.0,0.012563,-
1,route_planner_greedy:RoutePlanner,"Lugano, Switzerland","Zurich, Switzerland",3,winter,10,nature_sport,0.4,0.1,0.2,0.3,76.7682859,0.525,0.9333333,1.0,0.6763511,1.0,0.8496039,1.0,0.000859,-
2,route_planner_greedy_local:RoutePlanner,"Lugano, Switzerland","Zurich, Switzerland",3,winter,10,nature_sport,0.4,0.1,0.2,0.3,84.9349526,0.7583333,0.9333333,1.0,0.6763511,1.0,0.8496039,1.0,0.032929,-
3,route_planner:RoutePlanner,"Lugano, Switzerland","Zurich, Switzerland",3,winter,10,nature_sport,0.4,0.1,0.2,0.3,84.9349526,0.7583333,0.9333333,1.0,0.6763511,1.0,0.8496039,1.0,0.043215,-
1,route_planner_greedy:RoutePlanner,"Lugano, Switzerland","Zurich, Switzerland",3,winter,10,culture_food,0.1,0.4,0.3,0.2,79.8833766,0.6401515,0.8666667,1.0,0.688051,0.9909289,0.8496039,1.0,0.000987,-
2,route_planner_greedy_local:RoutePlanner,"Lugano, Switzerland","Zurich, Switzerland",3,winter,10,culture_food,0.1,0.4,0.3,0.2,79.8833766,0.6401515,0.8666667,1.0,0.688051,0.9909289,0.8496039,1.0,0.011692,-
3,route_planner:RoutePlanner,"Lugano, Switzerland","Zurich, Switzerland",3,winter,10,culture_food,0.1,0.4,0.3,0.2,79.8833766,0.6401515,0.8666667,1.0,0.688051,0.9909289,0.8496039,1.0,0.015264,-
1,route_planner_greedy:RoutePlanner,"Lugano, Switzerland","Zurich, Switzerland",3,winter,10,sport_culture,0.2,0.3,0.1,0.4,79.5252304,0.6180556,0.9,1.0,0.6763511,1.0,0.8496039,1.0,0.001413,-
2,route_planner_greedy_local:RoutePlanner,"Lugano, Switzerland","Zurich, Switzerland",3,winter,10,sport_culture,0.2,0.3,0.1,0.4,79.5252304,0.6180556,0.9,1.0,0.6763511,1.0,0.8496039,1.0,0.010517,-
3,route_planner:RoutePlanner,"Lugano, Switzerland","Zurich, Switzerland",3,winter,10,sport_culture,0.2,0.3,0.1,0.4,79.5252304,0.6180556,0.9,1.0,0.6763511,1.0,0.8496039,1.0,0.012989,-
1,route_planner_greedy:RoutePlanner,"Geneva, Switzerland","Lucerne, Switzerland",3,winter,6,balanced,0.25,0.25,0.25,0.25,71.5882923,0.3571429,1.0,1.0,0.6560182,1.0,0.8496039,1.0,0.000609,-
2,route_planner_greedy_local:RoutePlanner,"Geneva, Switzerland","Lucerne, Switzerland",3,winter,6,balanced,0.25,0.25,0.25,0.25,73.0202284,0.6666667,0.9444444,1.0,0.7508914,0.0008838,0.8496039,1.0,0.014279,-
3,route_planner:RoutePlanner,"Geneva, Switzerland","Lucerne, Switzerland",3,winter,6,balanced,0.25,0.25,0.25,0.25,71.5882923,0.3571429,1.0,1.0,0.6560182,1.0,0.8496039,1.0,0.011436,-
1,route_planner_greedy:RoutePlanner,"Geneva, Switzerland","Lucerne, Switzerland",3,winter,6,nature_sport,0.4,0.1,0.2,0.3,69.2350213,0.3993056,0.9444444,1.0,0.6030026,0.7799601,0.8496039,1.0,0.001047,-
2,route_planner_greedy_local:RoutePlanner,"Geneva, Switzerland","Lucerne, Switzerland",3,winter,6,nature_sport,0.4,0.1,0.2,0.3,69.2350213,0.3993056,0.9444444,1.0,0.6030026,0.7799601,0.8496039,1.0,0.009213,-
3,route_planner:RoutePlanner,"Geneva, Switzerland","Lucerne, Switzerland",3,winter,6,nature_sport,0.4,0.1,0.2,0.3,69.2350213,0.3993056,0.9444444,1.0,0.6030026,0.7799601,0.8496039,1.0,0.012624,-
1,route_planner_greedy:RoutePlanner,"Geneva, Switzerland","Lucerne, Switzerland",3,winter,6,culture_food,0.1,0.4,0.3,0.2,69.504959,0.297619,1.0,1.0,0.6560182,1.0,0.8496039,1.0,0.000597,-
2,route_planner_greedy_local:RoutePlanner,"Geneva, Switzerland","Lucerne, Switzerland",3,winter,6,culture_food,0.1,0.4,0.3,0.2,69.504959,0.297619,1.0,1.0,0.6560182,1.0,0.8496039,1.0,0.010035,-
3,route_planner:RoutePlanner,"Geneva, Switzerland","Lucerne, Switzerland",3,winter,6,culture_food,0.1,0.4,0.3,0.2,69.504959,0.297619,1.0,1.0,0.6560182,1.0,0.8496039,1.0,0.012932,-
1,route_planner_greedy:RoutePlanner,"Geneva, Switzerland","Lucerne, Switzerland",3,winter,6,sport_culture,0.2,0.3,0.1,0.4,60.3114102,0.2395833,0.7222222,1.0,0.6030026,0.7799601,0.8496039,1.0,0.00059,-
2,route_planner_greedy_local:RoutePlanner,"Geneva, Switzerland","Lucerne, Switzerland",3,winter,6,sport_culture,0.2,0.3,0.1,0.4,74.6968268,0.7458333,0.5,1.0,0.6030026,0.7799601,0.8496039,1.0,0.022417,-
3,route_planner:RoutePlanner,"Geneva, Switzerland","Lucerne, Switzerland",3,winter,6,sport_culture,0.2,0.3,0.1,0.4,74.6968268,0.7458333,0.5,1.0,0.6030026,0.7799601,0.8496039,1.0,0.025204,-
1,route_planner_greedy:RoutePlanner,"Geneva, Switzerland","Lucerne, Switzerland",3,winter,8,balanced,0.25,0.25,0.25,0.25,73.0882923,0.4,1.0,1.0,0.6560182,1.0,0.8496039,1.0,0.000778,-
2,route_planner_greedy_local:RoutePlanner,"Geneva, Switzerland","Lucerne, Switzerland",3,winter,8,balanced,0.25,0.25,0.25,0.25,73.6838806,0.4705882,0.875,1.0,0.6560182,1.0,0.8496039,1.0,0.021006,-
3,route_planner:RoutePlanner,"Geneva, Switzerland","Lucerne, Switzerland",3,winter,8,balanced,0.25,0.25,0.25,0.25,73.6838806,0.4705882,0.875,1.0,0.6560182,1.0,0.8496039,1.0,0.030475,-
1,route_planner_greedy:RoutePlanner,"Geneva, Switzerland","Lucerne, Switzerland",3,winter,8,nature_sport,0.4,0.1,0.2,0.3,68.3733619,0.3508772,1.0,1.0,0.6030026,0.7799601,0.8496039,1.0,0.000814,-
2,route_planner_greedy_local:RoutePlanner,"Geneva, Switzerland","Lucerne, Switzerland",3,winter,8,nature_sport,0.4,0.1,0.2,0.3,70.168181,0.4557292,0.875,1.0,0.6030026,0.7799601,0.8496039,1.0,0.02297,-
3,route_planner:RoutePlanner,"Geneva, Switzerland","Lucerne, Switzerland",3,winter,8,nature_sport,0.4,0.1,0.2,0.3,70.168181,0.4557292,0.875,1.0,0.6030026,0.7799601,0.8496039,1.0,0.030665,-
1,route_planner_greedy:RoutePlanner,"Geneva, Switzerland","Lucerne, Switzerland",3,winter,8,culture_food,0.1,0.4,0.3,0.2,73.4537713,0.5138889,0.9583333,1.0,0.6030026,0.7799601,0.8496039,1.0,0.00084,-
2,route_planner_greedy_local:RoutePlanner,"Geneva, Switzerland","Lucerne, Switzerland",3,winter,8,culture_food,0.1,0.4,0.3,0.2,79.8426602,0.75,0.8333333,1.0,0.6030026,0.7799601,0.8496039,1.0,0.021511,-
3,route_planner:RoutePlanner,"Geneva, Switzerland","Lucerne, Switzerland",3,winter,8,culture_food,0.1,0.4,0.3,0.2,79.8426602,0.75,0.8333333,1.0,0.6030026,0.7799601,0.8496039,1.0,0.02504,-
1,route_planner_greedy:RoutePlanner,"Geneva, Switzerland","Lucerne, Switzerland",3,winter,8,sport_culture,0.2,0.3,0.1,0.4,67.8382923,0.25,1.0,1.0,0.6560182,1.0,0.8496039,1.0,0.000754,-
2,route_planner_greedy_local:RoutePlanner,"Geneva, Switzerland","Lucerne, Switzerland",3,winter,8,sport_culture,0.2,0.3,0.1,0.4,67.8382923,0.25,1.0,1.0,0.6560182,1.0,0.8496039,1.0,0.011036,-
3,route_planner:RoutePlanner,"Geneva, Switzerland","Lucerne, Switzerland",3,winter,8,sport_culture,0.2,0.3,0.1,0.4,67.8382923,0.25,1.0,1.0,0.6560182,1.0,0.8496039,1.0,0.018843,-
1,route_planner_greedy:RoutePlanner,"Geneva, Switzerland","Lucerne, Switzerland",3,winter,10,balanced,0.25,0.25,0.25,0.25,63.1568778,0.5,0.7,1.0,0.652982,0.1114129,0.8496039,1.0,0.000812,-
2,route_planner_greedy_local:RoutePlanner,"Geneva, Switzerland","Lucerne, Switzerland",3,winter,10,balanced,0.25,0.25,0.25,0.25,71.5882923,0.5,0.6666667,1.0,0.6560182,1.0,0.8496039,1.0,0.023398,-
3,route_planner:RoutePlanner,"Geneva, Switzerland","Lucerne, Switzerland",3,winter,10,balanced,0.25,0.25,0.25,0.25,71.5882923,0.5,0.6666667,1.0,0.6560182,1.0,0.8496039,1.0,0.06674,-
1,route_planner_greedy:RoutePlanner,"Geneva, Switzerland","Lucerne, Switzerland",3,winter,10,nature_sport,0.4,0.1,0.2,0.3,66.1985444,0.4583333,1.0,1.0,0.652982,0.1114129,0.8496039,1.0,0.000898,-
2,route_planner_greedy_local:RoutePlanner,"Geneva, Switzerland","Lucerne, Switzerland",3,winter,10,nature_sport,0.4,0.1,0.2,0.3,73.4632923,0.425,0.9666667,1.0,0.6560182,1.0,0.8496039,1.0,0.028185,-
3,route_planner:RoutePlanner,"Geneva, Switzerland","Lucerne, Switzerland",3,winter,10,nature_sport,0.4,0.1,0.2,0.3,69.9632923,0.325,0.9666667,1.0,0.6560182,1.0,0.8496039,1.0,0.034482,-
1,route_planner_greedy:RoutePlanner,"Geneva, Switzerland","Lucerne, Switzerland",3,winter,10,culture_food,0.1,0.4,0.3,0.2,66.3061833,0.4756944,0.9666667,1.0,0.652982,0.1114129,0.8496039,1.0,0.0009,-
2,route_planner_greedy_local:RoutePlanner,"Geneva, Switzerland","Lucerne, Switzerland",3,winter,10,culture_food,0.1,0.4,0.3,0.2,77.0875063,0.797619,0.9333333,1.0,0.7281262,9.27e-05,0.8496039,1.0,0.040619,-
3,route_planner:RoutePlanner,"Geneva, Switzerland","Lucerne, Switzerland",3,winter,10,culture_food,0.1,0.4,0.3,0.2,77.0875063,0.797619,0.9333333,1.0,0.7281262,9.27e-05,0.8496039,1.0,0.072389,-
1,route_planner_greedy:RoutePlanner,"Geneva, Switzerland","Lucerne, Switzerland",3,winter,10,sport_culture,0.2,0.3,0.1,0.4,66.0735444,0.5833333,0.7,1.0,0.652982,0.1114129,0.8496039,1.0,0.000964,-
2,route_planner_greedy_local:RoutePlanner,"Geneva, Switzerland","Lucerne, Switzerland",3,winter,10,sport_culture,0.2,0.3,0.1,0.4,66.4785618,0.6130952,0.6333333,1.0,0.7508914,0.0008838,0.8496039,1.0,0.028558,-
3,route_planner:RoutePlanner,"Geneva, Switzerland","Lucerne, Switzerland",3,winter,10,sport_culture,0.2,0.3,0.1,0.4,66.4785618,0.6130952,0.6333333,1.0,0.7508914,0.0008838,0.8496039,1.0,0.039345,-
1,route_planner_greedy:RoutePlanner,"Bern, Switzerland","Zermatt, Switzerland",3,winter,6,balanced,0.25,0.25,0.25,0.25,76.2870288,0.5,0.8888889,1.0,0.7470451,1.0,0.8496039,1.0,0.00072,-
2,route_planner_greedy_local:RoutePlanner,"Bern, Switzerland","Zermatt, Switzerland",3,winter,6,balanced,0.25,0.25,0.25,0.25,76.2870288,0.5,0.8888889,1.0,0.7470451,1.0,0.8496039,1.0,0.007003,-
3,route_planner:RoutePlanner,"Bern, Switzerland","Zermatt, Switzerland",3,winter,6,balanced,0.25,0.25,0.25,0.25,76.2870288,0.5,0.8888889,1.0,0.7470451,1.0,0.8496039,1.0,0.011975,-
1,route_planner_greedy:RoutePlanner,"Bern, Switzerland","Zermatt, Switzerland",3,winter,6,nature_sport,0.4,0.1,0.2,0.3,72.8476902,0.4305556,0.8888889,1.0,0.6797929,1.0,0.8496039,1.0,0.000758,-
2,route_planner_greedy_local:RoutePlanner,"Bern, Switzerland","Zermatt, Switzerland",3,winter,6,nature_sport,0.4,0.1,0.2,0.3,79.4449124,0.6666667,0.7777778,1.0,0.6797929,1.0,0.8496039,1.0,0.013457,-
3,route_planner:RoutePlanner,"Bern, Switzerland","Zermatt, Switzerland",3,winter,6,nature_sport,0.4,0.1,0.2,0.3,79.4449124,0.6666667,0.7777778,1.0,0.6797929,1.0,0.8496039,1.0,0.016314,-
1,route_planner_greedy:RoutePlanner,"Bern, Switzerland","Zermatt, Switzerland",3,winter,6,culture_food,0.1,0.4,0.3,0.2,77.2226902,0.5555556,0.8888889,1.0,0.6797929,1.0,0.8496039,1.0,0.000745,-
2,route_planner_greedy_local:RoutePlanner,"Bern, Switzerland","Zermatt, Switzerland",3,winter,6,culture_food,0.1,0.4,0.3,0.2,77.2226902,0.5555556,0.8888889,1.0,0.6797929,1.0,0.8496039,1.0,0.007266,-
3,route_planner:RoutePlanner,"Bern, Switzerland","Zermatt, Switzerland",3,winter,6,culture_food,0.1,0.4,0.3,0.2,77.2226902,0.5555556,0.8888889,1.0,0.6797929,1.0,0.8496039,1.0,0.012629,-
1,route_planner_greedy:RoutePlanner,"Bern, Switzerland","Zermatt, Switzerland",3,winter,6,sport_culture,0.2,0.3,0.1,0.4,65.9074846,0.5157407,0.8333333,1.0,0.7333825,0.0107801,0.8496039,1.0,0.001071,-
2,route_planner_greedy_local:RoutePlanner,"Bern, Switzerland","Zermatt, Switzerland",3,winter,6,sport_culture,0.2,0.3,0.1,0.4,72.0580336,0.5157407,0.6666667,1.0,0.6506059,1.0,0.8496039,1.0,0.026374,-
3,route_planner:RoutePlanner,"Bern, Switzerland","Zermatt, Switzerland",3,winter,6,sport_culture,0.2,0.3,0.1,0.4,72.0580336,0.5157407,0.6666667,1.0,0.6506059,1.0,0.8496039,1.0,0.034035,-
1,route_planner_greedy:RoutePlanner,"Bern, Switzerland","Zermatt, Switzerland",3,winter,8,balanced,0.25,0.25,0.25,0.25,65.9121142,0.4444444,1.0,1.0,0.7333825,0.0107801,0.8496039,1.0,0.000893,-
2,route_planner_greedy_local:RoutePlanner,"Bern, Switzerland","Zermatt, Switzerland",3,winter,8,balanced,0.25,0.25,0.25,0.25,73.7504679,0.4444444,0.9166667,1.0,0.6797929,1.0,0.8496039,1.0,0.031467,-
3,route_planner:RoutePlanner,"Bern, Switzerland","Zermatt, Switzerland",3,winter,8,balanced,0.25,0.25,0.25,0.25,74.8599114,0.9117647,0.8333333,0.5,0.8091514,0.0810876,1.0,1.0,0.060362,-
1,route_planner_greedy:RoutePlanner,"Bern, Switzerland","Zermatt, Switzerland",3,winter,8,nature_sport,0.4,0.1,0.2,0.3,64.1297068,0.3935185,1.0,1.0,0.7333825,0.0107801,0.8496039,1.0,0.001816,-
2,route_planner_greedy_local:RoutePlanner,"Bern, Switzerland","Zermatt, Switzerland",3,winter,8,nature_sport,0.4,0.1,0.2,0.3,76.2252154,0.6401515,0.625,1.0,0.6797929,1.0,0.8496039,1.0,0.053758,-
3,route_planner:RoutePlanner,"Bern, Switzerland","Zermatt, Switzerland",3,winter,8,nature_sport,0.4,0.1,0.2,0.3,76.2252154,0.6401515,0.625,1.0,0.6797929,1.0,0.8496039,1.0,0.054387,-
1,route_planner_greedy:RoutePlanner,"Bern, Switzerland","Zermatt, Switzerland",3,winter,8,culture_food,0.1,0.4,0.3,0.2,72.0674614,0.4142157,0.875,1.0,0.6797929,1.0,0.8496039,1.0,0.001351,-
2,route_planner_greedy_local:RoutePlanner,"Bern, Switzerland","Zermatt, Switzerland",3,winter,8,culture_food,0.1,0.4,0.3,0.2,72.0674614,0.4142157,0.875,1.0,0.6797929,1.0,0.8496039,1.0,0.010423,-
3,route_planner:RoutePlanner,"Bern, Switzerland","Zermatt, Switzerland",3,winter,8,culture_food,0.1,0.4,0.3,0.2,72.0674614,0.4142157,0.875,1.0,0.6797929,1.0,0.8496039,1.0,0.01624,-
1,route_planner_greedy:RoutePlanner,"Bern, Switzerland","Zermatt, Switzerland",3,winter,8,sport_culture,0.2,0.3,0.1,0.4,67.5324846,0.4907407,1.0,1.0,0.7333825,0.0107801,0.8496039,1.0,0.000835,-
2,route_planner_greedy_local:RoutePlanner,"Bern, Switzerland","Zermatt, Switzerland",3,winter,8,sport_culture,0.2,0.3,0.1,0.4,77.9865791,0.6369048,0.75,1.0,0.6797929,1.0,0.8496039,1.0,0.035339,-
3,route_planner:RoutePlanner,"Bern, Switzerland","Zermatt, Switzerland",3,winter,8,sport_culture,0.2,0.3,0.1,0.4,77.9865791,0.6369048,0.75,1.0,0.6797929,1.0,0.8496039,1.0,0.047119,-
1,route_planner_greedy:RoutePlanner,"Bern, Switzerland","Zermatt, Switzerland",3,winter,10,balanced,0.25,0.25,0.25,0.25,72.624192,0.7,0.8666667,1.0,0.7250738,6.6e-06,0.8496039,1.0,0.000885,-
2,route_planner_greedy_local:RoutePlanner,"Bern, Switzerland","Zermatt, Switzerland",3,winter,10,balanced,0.25,0.25,0.25,0.25,72.624192,0.7,0.8666667,1.0,0.7250738,6.6e-06,0.8496039,1.0,0.014197,-
3,route_planner:RoutePlanner,"Bern, Switzerland","Zermatt, Switzerland",3,winter,10,balanced,0.25,0.25,0.25,0.25,72.624192,0.7,0.8666667,1.0,0.7250738,6.6e-06,0.8496039,1.0,0.023191,-
1,route_planner_greedy:RoutePlanner,"Bern, Switzerland","Zermatt, Switzerland",3,winter,10,nature_sport,0.4,0.1,0.2,0.3,62.2989158,0.4166667,0.8666667,1.0,0.6959789,0.0027879,0.8496039,1.0,0.00094,-
2,route_planner_greedy_local:RoutePlanner,"Bern, Switzerland","Zermatt, Switzerland",3,winter,10,nature_sport,0.4,0.1,0.2,0.3,74.3811144,0.5416667,0.8333333,1.0,0.6931885,0.8276934,0.8496039,1.0,0.030037,-
3,route_planner:RoutePlanner,"Bern, Switzerland","Zermatt, Switzerland",3,winter,10,nature_sport,0.4,0.1,0.2,0.3,74.3811144,0.5416667,0.8333333,1.0,0.6931885,0.8276934,0.8496039,1.0,0.042308,-
1,route_planner_greedy:RoutePlanner,"Bern, Switzerland","Zermatt, Switzerland",3,winter,10,culture_food,0.1,0.4,0.3,0.2,71.4575253,0.6666667,0.8666667,1.0,0.7250738,6.6e-06,0.8496039,1.0,0.001014,-
2,route_planner_greedy_local:RoutePlanner,"Bern, Switzerland","Zermatt, Switzerland",3,winter,10,culture_food,0.1,0.4,0.3,0.2,71.4575253,0.6666667,0.8666667,1.0,0.7250738,6.6e-06,0.8496039,1.0,0.016701,-
3,route_planner:RoutePlanner,"Bern, Switzerland","Zermatt, Switzerland",3,winter,10,culture_food,0.1,0.4,0.3,0.2,71.4575253,0.6666667,0.8666667,1.0,0.7250738,6.6e-06,0.8496039,1.0,0.022888,-
1,route_planner_greedy:RoutePlanner,"Bern, Switzerland","Zermatt, Switzerland",3,winter,10,sport_culture,0.2,0.3,0.1,0.4,77.4398066,0.5138889,0.9333333,1.0,0.7470451,1.0,0.8496039,1.0,0.000947,-
2,route_planner_greedy_local:RoutePlanner,"Bern, Switzerland","Zermatt, Switzerland",3,winter,10,sport_culture,0.2,0.3,0.1,0.4,77.4398066,0.5138889,0.9333333,1.0,0.7470451,1.0,0.8496039,1.0,0.012561,-
3,route_planner:RoutePlanner,"Bern, Switzerland","Zermatt, Switzerland",3,winter,10,sport_culture,0.2,0.3,0.1,0.4,77.4398066,0.5138889,0.9333333,1.0,0.7470451,1.0,0.8496039,1.0,0.021131,-
1,route_planner_greedy:RoutePlanner,"St. Moritz, Switzerland","St. Moritz, Switzerland",3,winter,6,balanced,0.25,0.25,0.25,0.25,58.0877015,0.4,0.8888889,0.5,0.64383,0.4348898,0.8496039,1.0,0.000583,-
2,route_planner_greedy_local:RoutePlanner,"St. Moritz, Switzerland","St. Moritz, Switzerland",3,winter,6,balanced,0.25,0.25,0.25,0.25,58.0877015,0.4,0.8888889,0.5,0.64383,0.4348898,0.8496039,1.0,0.010787,-
3,route_planner:RoutePlanner,"St. Moritz, Switzerland","St. Moritz, Switzerland",3,winter,6,balanced,0.25,0.25,0.25,0.25,58.0877015,0.4,0.8888889,0.5,0.64383,0.4348898,0.8496039,1.0,0.021333,-
1,route_planner_greedy:RoutePlanner,"St. Moritz, Switzerland","St. Moritz, Switzerland",3,winter,6,nature_sport,0.4,0.1,0.2,0.3,64.0067613,0.6666667,0.8888889,0.5,0.6931839,0.0194317,0.8496039,1.0,0.000975,-
2,route_planner_greedy_local:RoutePlanner,"St. Moritz, Switzerland","St. Moritz, Switzerland",3,winter,6,nature_sport,0.4,0.1,0.2,0.3,58.8020833,0.7395833,0.8888889,0.0,0.0,1.0,1.0,0.9166667,0.007484,-
3,route_planner:RoutePlanner,"St. Moritz, Switzerland","St. Moritz, Switzerland",3,winter,6,nature_sport,0.4,0.1,0.2,0.3,58.8020833,0.7395833,0.8888889,0.0,0.0,1.0,1.0,0.9166667,0.009438,-
1,route_planner_greedy:RoutePlanner,"St. Moritz, Switzerland","St. Moritz, Switzerland",3,winter,6,culture_food,0.1,0.4,0.3,0.2,49.9210349,0.1666667,0.8888889,0.5,0.64383,0.4348898,0.8496039,1.0,0.000708,-
2,route_planner_greedy_local:RoutePlanner,"St. Moritz, Switzerland","St. Moritz, Switzerland",3,winter,6,culture_food,0.1,0.4,0.3,0.2,51.328125,0.5260417,0.8888889,0.0,0.0,1.0,1.0,0.9166667,0.002282,-
3,route_planner:RoutePlanner,"St. Moritz, Switzerland","St. Moritz, Switzerland",3,winter,6,culture_food,0.1,0.4,0.3,0.2,51.328125,0.5260417,0.8888889,0.0,0.0,1.0,1.0,0.9166667,0.003442,-
1,route_planner_greedy:RoutePlanner,"St. Moritz, Switzerland","St. Moritz, Switzerland",3,winter,6,sport_culture,0.2,0.3,0.1,0.4,56.2752015,0.3958333,0.7777778,0.5,0.64383,0.4348898,0.8496039,1.0,0.000549,-
2,route_planner_greedy_local:RoutePlanner,"St. Moritz, Switzerland","St. Moritz, Switzerland",3,winter,6,sport_culture,0.2,0.3,0.1,0.4,56.25,0.6666667,0.8888889,0.0,0.0,1.0,1.0,0.9166667,0.00342,-
3,route_planner:RoutePlanner,"St. Moritz, Switzerland","St. Moritz, Switzerland",3,winter,6,sport_culture,0.2,0.3,0.1,0.4,56.25,0.6666667,0.8888889,0.0,0.0,1.0,1.0,0.9166667,0.00511,-
1,route_planner_greedy:RoutePlanner,"St. Moritz, Switzerland","St. Moritz, Switzerland",3,winter,8,balanced,0.25,0.25,0.25,0.25,63.1934379,0.5588235,0.9583333,0.5,0.6567448,0.2660423,0.8496039,1.0,0.000793,-
2,route_planner_greedy_local:RoutePlanner,"St. Moritz, Switzerland","St. Moritz, Switzerland",3,winter,8,balanced,0.25,0.25,0.25,0.25,63.1934379,0.5588235,0.9583333,0.5,0.6567448,0.2660423,0.8496039,1.0,0.007454,-
3,route_planner:RoutePlanner,"St. Moritz, Switzerland","St. Moritz, Switzerland",3,winter,8,balanced,0.25,0.25,0.25,0.25,63.1934379,0.5588235,0.9583333,0.5,0.6567448,0.2660423,0.8496039,1.0,0.00781,-
1,route_planner_greedy:RoutePlanner,"St. Moritz, Switzerland","St. Moritz, Switzerland",3,winter,8,nature_sport,0.4,0.1,0.2,0.3,57.1885359,0.3872549,0.9583333,0.5,0.6567448,0.2660423,0.8496039,1.0,0.000761,-
2,route_planner_greedy_local:RoutePlanner,"St. Moritz, Switzerland","St. Moritz, Switzerland",3,winter,8,nature_sport,0.4,0.1,0.2,0.3,59.4522849,0.4270833,0.9166667,0.5,0.64383,0.4348898,0.8496039,1.0,0.009528,-
3,route_planner:RoutePlanner,"St. Moritz, Switzerland","St. Moritz, Switzerland",3,winter,8,nature_sport,0.4,0.1,0.2,0.3,59.4522849,0.4270833,0.9166667,0.5,0.64383,0.4348898,0.8496039,1.0,0.011293,-
1,route_planner_greedy:RoutePlanner,"St. Moritz, Switzerland","St. Moritz, Switzerland",3,winter,8,culture_food,0.1,0.4,0.3,0.2,58.5408265,0.4010417,0.9166667,0.5,0.64383,0.4348898,0.8496039,1.0,0.002609,-
2,route_planner_greedy_local:RoutePlanner,"St. Moritz, Switzerland","St. Moritz, Switzerland",3,winter,8,culture_food,0.1,0.4,0.3,0.2,58.5408265,0.4010417,0.9166667,0.5,0.64383,0.4348898,0.8496039,1.0,0.012086,-
3,route_planner:RoutePlanner,"St. Moritz, Switzerland","St. Moritz, Switzerland",3,winter,8,culture_food,0.1,0.4,0.3,0.2,58.5408265,0.4010417,0.9166667,0.5,0.64383,0.4348898,0.8496039,1.0,0.01097,-
1,route_planner_greedy:RoutePlanner,"St. Moritz, Switzerland","St. Moritz, Switzerland",3,winter,8,sport_culture,0.2,0.3,0.1,0.4,63.426281,0.5833333,0.9166667,0.5,0.6567448,0.2660423,0.8496039,1.0,0.000725,-
2,route_planner_greedy_local:RoutePlanner,"St. Moritz, Switzerland","St. Moritz, Switzerland",3,winter,8,sport_culture,0.2,0.3,0.1,0.4,45.2777778,0.3055556,1.0,0.0,0.0,1.0,1.0,0.9166667,0.00286,-
3,route_planner:RoutePlanner,"St. Moritz, Switzerland","St. Moritz, Switzerland",3,winter,8,sport_culture,0.2,0.3,0.1,0.4,45.2777778,0.3055556,1.0,0.0,0.0,1.0,1.0,0.9166667,0.003777,-
1,route_planner_greedy:RoutePlanner,"St. Moritz, Switzerland","St. Moritz, Switzerland",3,winter,10,balanced,0.25,0.25,0.25,0.25,64.1432571,0.6111111,0.8,0.5,0.64383,0.4348898,0.8496039,1.0,0.000819,-
2,route_planner_greedy_local:RoutePlanner,"St. Moritz, Switzerland","St. Moritz, Switzerland",3,winter,10,balanced,0.25,0.25,0.25,0.25,64.1432571,0.6111111,0.8,0.5,0.64383,0.4348898,0.8496039,1.0,0.009425,-
3,route_planner:RoutePlanner,"St. Moritz, Switzerland","St. Moritz, Switzerland",3,winter,10,balanced,0.25,0.25,0.25,0.25,64.1432571,0.6111111,0.8,0.5,0.64383,0.4348898,0.8496039,1.0,0.010434,-
1,route_planner_greedy:RoutePlanner,"St. Moritz, Switzerland","St. Moritz, Switzerland",3,winter,10,nature_sport,0.4,0.1,0.2,0.3,71.4627015,0.7916667,0.8666667,0.5,0.64383,0.4348898,0.8496039,1.0,0.000923,-
2,route_planner_greedy_local:RoutePlanner,"St. Moritz, Switzerland","St. Moritz, Switzerland",3,winter,10,nature_sport,0.4,0.1,0.2,0.3,71.4627015,0.7916667,0.8666667,0.5,0.64383,0.4348898,0.8496039,1.0,0.014349,-
3,route_planner:RoutePlanner,"St. Moritz, Switzerland","St. Moritz, Switzerland",3,winter,10,nature_sport,0.4,0.1,0.2,0.3,71.4627015,0.7916667,0.8666667,0.5,0.64383,0.4348898,0.8496039,1.0,0.015862,-
1,route_planner_greedy:RoutePlanner,"St. Moritz, Switzerland","St. Moritz, Switzerland",3,winter,10,culture_food,0.1,0.4,0.3,0.2,67.0353908,0.7173913,0.9666667,0.5,0.689931,0.0329711,0.8496039,1.0,0.000824,-
2,route_planner_greedy_local:RoutePlanner,"St. Moritz, Switzerland","St. Moritz, Switzerland",3,winter,10,culture_food,0.1,0.4,0.3,0.2,57.6458333,0.6875,0.9333333,0.0,0.0,1.0,1.0,0.9166667,0.010423,-
3,route_planner:RoutePlanner,"St. Moritz, Switzerland","St. Moritz, Switzerland",3,winter,10,culture_food,0.1,0.4,0.3,0.2,57.6458333,0.6875,0.9333333,0.0,0.0,1.0,1.0,0.9166667,0.009536,-
1,route_planner_greedy:RoutePlanner,"St. Moritz, Switzerland","St. Moritz, Switzerland",3,winter,10,sport_culture,0.2,0.3,0.1,0.4,68.5460349,0.7083333,0.8666667,0.5,0.64383,0.4348898,0.8496039,1.0,0.000848,-
2,route_planner_greedy_local:RoutePlanner,"St. Moritz, Switzerland","St. Moritz, Switzerland",3,winter,10,sport_culture,0.2,0.3,0.1,0.4,68.5460349,0.7083333,0.8666667,0.5,0.64383,0.4348898,0.8496039,1.0,0.01308,-
3,route_planner:RoutePlanner,"St. Moritz, Switzerland","St. Moritz, Switzerland",3,winter,10,sport_culture,0.2,0.3,0.1,0.4,68.5460349,0.7083333,0.8666667,0.5,0.64383,0.4348898,0.8496039,1.0,0.01859,-
1,route_planner_greedy:RoutePlanner,"Interlaken, Switzerland","St. Moritz, Switzerland",6,summer,6,balanced,0.25,0.25,0.25,0.25,74.7626333,0.6666667,1.0,1.0,0.8114187,0.001,0.8496039,1.0,0.002844,-
2,route_planner_greedy_local:RoutePlanner,"Interlaken, Switzerland","St. Moritz, Switzerland",6,summer,6,balanced,0.25,0.25,0.25,0.25,72.7902947,0.7272727,0.9166667,0.75,0.8473828,9.98e-05,0.9248019,1.0,0.048897,-
3,route_planner:RoutePlanner,"Interlaken, Switzerland","St. Moritz, Switzerland",6,summer,6,balanced,0.25,0.25,0.25,0.25,83.0389234,0.7857143,0.9722222,0.75,0.8344499,0.7564832,0.9248019,1.0,0.14381,-
1,route_planner_greedy:RoutePlanner,"Interlaken, Switzerland","St. Moritz, Switzerland",6,summer,6,nature_sport,0.4,0.1,0.2,0.3,73.1589357,0.7222222,0.9444444,0.75,0.8308994,0.0001,1.0,1.0,0.002524,-
2,route_planner_greedy_local:RoutePlanner,"Interlaken, Switzerland","St. Moritz, Switzerland",6,summer,6,nature_sport,0.4,0.1,0.2,0.3,73.1589357,0.7222222,0.9444444,0.75,0.8308994,0.0001,1.0,1.0,0.068104,-
3,route_planner:RoutePlanner,"Interlaken, Switzerland","St. Moritz, Switzerland",6,summer,6,nature_sport,0.4,0.1,0.2,0.3,80.9418238,0.8784722,1.0,1.0,0.7429083,0.001,0.8083343,1.0,0.435642,-
1,route_planner_greedy:RoutePlanner,"Interlaken, Switzerland","St. Moritz, Switzerland",6,summer,6,culture_food,0.1,0.4,0.3,0.2,72.2128314,0.6682099,1.0,0.75,0.838299,0.0001,1.0,1.0,0.003573,-
2,route_planner_greedy_local:RoutePlanner,"Interlaken, Switzerland","St. Moritz, Switzerland",6,summer,6,culture_food,0.1,0.4,0.3,0.2,77.0739425,0.8070988,1.0,0.75,0.838299,0.0001,1.0,1.0,0.136827,-
3,route_planner:RoutePlanner,"Interlaken, Switzerland","St. Moritz, Switzerland",6,summer,6,culture_food,0.1,0.4,0.3,0.2,82.9347568,0.7827381,0.9722222,0.75,0.8344499,0.7564832,0.9248019,1.0,0.456091,-
1,route_planner_greedy:RoutePlanner,"Interlaken, Switzerland","St. Moritz, Switzerland",6,summer,6,sport_culture,0.2,0.3,0.1,0.4,73.3263669,0.7115385,1.0,0.75,0.8114347,0.0001,1.0,1.0,0.002651,-
2,route_planner_greedy_local:RoutePlanner,"Interlaken, Switzerland","St. Moritz, Switzerland",6,summer,6,sport_culture,0.2,0.3,0.1,0.4,73.3263669,0.7115385,1.0,0.75,0.8114347,0.0001,1.0,1.0,0.038677,-
3,route_planner:RoutePlanner,"Interlaken, Switzerland","St. Moritz, Switzerland",6,summer,6,sport_culture,0.2,0.3,0.1,0.4,76.1639234,0.5892857,0.9722222,0.75,0.8344499,0.7564832,0.9248019,1.0,0.153351,-
1,route_planner_greedy:RoutePlanner,"Interlaken, Switzerland","St. Moritz, Switzerland",6,summer,8,balanced,0.25,0.25,0.25,0.25,72.158819,0.6666667,1.0,0.75,0.838299,0.0001,1.0,1.0,0.004117,-
2,route_planner_greedy_local:RoutePlanner,"Interlaken, Switzerland","St. Moritz, Switzerland",6,summer,8,balanced,0.25,0.25,0.25,0.25,75.2998446,0.7564103,1.0,0.75,0.838299,0.0001,1.0,1.0,0.154225,-
3,route_planner:RoutePlanner,"Interlaken, Switzerland","St. Moritz, Switzerland",6,summer,8,balanced,0.25,0.25,0.25,0.25,76.0548059,0.8292683,0.9791667,0.5,0.9095908,0.1407387,1.0,0.9583333,0.165935,-
1,route_planner_greedy:RoutePlanner,"Interlaken, Switzerland","St. Moritz, Switzerland",6,summer,8,nature_sport,0.4,0.1,0.2,0.3,66.4451709,0.5109649,1.0,0.75,0.8206933,0.0001,1.0,1.0,0.004068,-
2,route_planner_greedy_local:RoutePlanner,"Interlaken, Switzerland","St. Moritz, Switzerland",6,summer,8,nature_sport,0.4,0.1,0.2,0.3,67.9900606,0.5997475,0.8958333,0.75,0.8206933,0.0001,1.0,1.0,0.145986,-
3,route_planner:RoutePlanner,"Interlaken, Switzerland","St. Moritz, Switzerland",6,summer,8,nature_sport,0.4,0.1,0.2,0.3,83.434944,0.8125,0.9791667,0.75,0.7914068,0.7564832,0.9248019,1.0,0.188977,-
1,route_planner_greedy:RoutePlanner,"Interlaken, Switzerland","St. Moritz, Switzerland",6,summer,8,culture_food,0.1,0.4,0.3,0.2,80.1983489,0.8963675,1.0,0.75,0.838299,0.0001,1.0,1.0,0.003362,-
2,route_planner_greedy_local:RoutePlanner,"Interlaken, Switzerland","St. Moritz, Switzerland",6,summer,8,culture_food,0.1,0.4,0.3,0.2,82.8158703,0.9711538,1.0,0.75,0.838299,0.0001,1.0,1.0,0.098674,-
3,route_planner:RoutePlanner,"Interlaken, Switzerland","St. Moritz, Switzerland",6,summer,8,culture_food,0.1,0.4,0.3,0.2,82.8158703,0.9711538,1.0,0.75,0.838299,0.0001,1.0,1.0,0.200262,-
1,route_planner_greedy:RoutePlanner,"Interlaken, Switzerland","St. Moritz, Switzerland",6,summer,8,sport_culture,0.2,0.3,0.1,0.4,67.4472805,0.5320513,1.0,0.75,0.838299,0.0001,1.0,1.0,0.003333,-
2,route_planner_greedy_local:RoutePlanner,"Interlaken, Switzerland","St. Moritz, Switzerland",6,summer,8,sport_culture,0.2,0.3,0.1,0.4,67.4472805,0.5320513,1.0,0.75,0.838299,0.0001,1.0,1.0,0.070828,-
3,route_planner:RoutePlanner,"Interlaken, Switzerland","St. Moritz, Switzerland",6,summer,8,sport_culture,0.2,0.3,0.1,0.4,86.3516107,0.8958333,0.9791667,0.75,0.7914068,0.7564832,0.9248019,1.0,0.247412,-
1,route_planner_greedy:RoutePlanner,"Interlaken, Switzerland","St. Moritz, Switzerland",6,summer,10,balanced,0.25,0.25,0.25,0.25,76.9149137,0.6666667,0.8166667,0.75,0.8344499,0.7564832,1.0,1.0,0.006122,-
2,route_planner_greedy_local:RoutePlanner,"Interlaken, Switzerland","St. Moritz, Switzerland",6,summer,10,balanced,0.25,0.25,0.25,0.25,76.9149137,0.6666667,0.8166667,0.75,0.8344499,0.7564832,1.0,1.0,0.124136,-
3,route_planner:RoutePlanner,"Interlaken, Switzerland","St. Moritz, Switzerland",6,summer,10,balanced,0.25,0.25,0.25,0.25,85.359944,0.88,0.95,0.75,0.7914068,0.7564832,0.9248019,1.0,0.167822,-
1,route_planner_greedy:RoutePlanner,"Interlaken, Switzerland","St. Moritz, Switzerland",6,summer,10,nature_sport,0.4,0.1,0.2,0.3,79.0539066,0.8317308,0.9666667,0.75,0.7609626,0.2778891,1.0,1.0,0.003715,-
2,route_planner_greedy_local:RoutePlanner,"Interlaken, Switzerland","St. Moritz, Switzerland",6,summer,10,nature_sport,0.4,0.1,0.2,0.3,79.4849963,0.8583333,0.9333333,0.75,0.7609626,0.2778891,1.0,1.0,0.200546,-
3,route_planner:RoutePlanner,"Interlaken, Switzerland","St. Moritz, Switzerland",6,summer,10,nature_sport,0.4,0.1,0.2,0.3,85.0966158,0.8397436,0.9833333,0.75,0.8344499,0.7564832,0.9248019,1.0,0.297556,-
1,route_planner_greedy:RoutePlanner,"Interlaken, Switzerland","St. Moritz, Switzerland",6,summer,10,culture_food,0.1,0.4,0.3,0.2,70.1609199,0.619898,0.9833333,0.75,0.8308994,0.0001,1.0,1.0,0.003845,-
2,route_planner_greedy_local:RoutePlanner,"Interlaken, Switzerland","St. Moritz, Switzerland",6,summer,10,culture_food,0.1,0.4,0.3,0.2,70.1609199,0.619898,0.9833333,0.75,0.8308994,0.0001,1.0,1.0,0.075618,-
3,route_planner:RoutePlanner,"Interlaken, Switzerland","St. Moritz, Switzerland",6,summer,10,culture_food,0.1,0.4,0.3,0.2,79.0389234,0.6666667,0.9833333,0.75,0.8344499,0.7564832,0.9248019,1.0,0.220373,-
1,route_planner_greedy:RoutePlanner,"Interlaken, Switzerland","St. Moritz, Switzerland",6,summer,10,sport_culture,0.2,0.3,0.1,0.4,64.8149451,0.4858156,0.95,0.75,0.8206933,0.0001,1.0,1.0,0.003612,-
2,route_planner_greedy_local:RoutePlanner,"Interlaken, Switzerland","St. Moritz, Switzerland",6,summer,10,sport_culture,0.2,0.3,0.1,0.4,68.2455075,0.6124031,0.8833333,0.75,0.8206933,0.0001,1.0,1.0,0.18023,-
3,route_planner:RoutePlanner,"Interlaken, Switzerland","St. Moritz, Switzerland",6,summer,10,sport_culture,0.2,0.3,0.1,0.4,85.0966158,0.8397436,0.9833333,0.75,0.8344499,0.7564832,0.9248019,1.0,0.40599,-
1,route_planner_greedy:RoutePlanner,"Zurich, Switzerland","Zurich, Switzerland",6,summer,6,balanced,0.25,0.25,0.25,0.25,76.3140109,0.8148148,0.8611111,0.5,0.4919217,1.0,1.0,1.0,0.00232,-
2,route_planner_greedy_local:RoutePlanner,"Zurich, Switzerland","Zurich, Switzerland",6,summer,6,balanced,0.25,0.25,0.25,0.25,76.3140109,0.8148148,0.8611111,0.5,0.4919217,1.0,1.0,1.0,0.037404,-
3,route_planner:RoutePlanner,"Zurich, Switzerland","Zurich, Switzerland",6,summer,6,balanced,0.25,0.25,0.25,0.25,76.3140109,0.8148148,0.8611111,0.5,0.4919217,1.0,1.0,1.0,0.044714,-
1,route_planner_greedy:RoutePlanner,"Zurich, Switzerland","Zurich, Switzerland",6,summer,6,nature_sport,0.4,0.1,0.2,0.3,63.8777366,0.507716,0.9444444,0.5,0.7523171,0.3156252,1.0,1.0,0.002591,-
2,route_planner_greedy_local:RoutePlanner,"Zurich, Switzerland","Zurich, Switzerland",6,summer,6,nature_sport,0.4,0.1,0.2,0.3,63.8777366,0.507716,0.9444444,0.5,0.7523171,0.3156252,1.0,1.0,0.050792,-
3,route_planner:RoutePlanner,"Zurich, Switzerland","Zurich, Switzerland",6,summer,6,nature_sport,0.4,0.1,0.2,0.3,63.8777366,0.507716,0.9444444,0.5,0.7523171,0.3156252,1.0,1.0,0.050501,-
1,route_planner_greedy:RoutePlanner,"Zurich, Switzerland","Zurich, Switzerland",6,summer,6,culture_food,0.1,0.4,0.3,0.2,71.4752694,0.7916667,0.9444444,0.5,0.7954505,0.0168512,1.0,1.0,0.002375,-
2,route_planner_greedy_local:RoutePlanner,"Zurich, Switzerland","Zurich, Switzerland",6,summer,6,culture_food,0.1,0.4,0.3,0.2,71.4752694,0.7916667,0.9444444,0.5,0.7954505,0.0168512,1.0,1.0,0.042454,-
3,route_planner:RoutePlanner,"Zurich, Switzerland","Zurich, Switzerland",6,summer,6,culture_food,0.1,0.4,0.3,0.2,71.4752694,0.7916667,0.9444444,0.5,0.7954505,0.0168512,1.0,1.0,0.042242,-
1,route_planner_greedy:RoutePlanner,"Zurich, Switzerland","Zurich, Switzerland",6,summer,6,sport_culture,0.2,0.3,0.1,0.4,70.3749163,0.6695402,1.0,0.5,0.7523171,0.3156252,1.0,1.0,0.002331,-
2,route_planner_greedy_local:RoutePlanner,"Zurich, Switzerland","Zurich, Switzerland",6,summer,6,sport_culture,0.2,0.3,0.1,0.4,70.3749163,0.6695402,1.0,0.5,0.7523171,0.3156252,1.0,1.0,0.044717,-
3,route_planner:RoutePlanner,"Zurich, Switzerland","Zurich, Switzerland",6,summer,6,sport_culture,0.2,0.3,0.1,0.4,70.3749163,0.6695402,1.0,0.5,0.7523171,0.3156252,1.0,1.0,0.047636,-
1,route_planner_greedy:RoutePlanner,"Zurich, Switzerland","Zurich, Switzerland",6,summer,8,balanced,0.25,0.25,0.25,0.25,70.8434473,0.6829268,1.0,0.5,0.7523171,0.3156252,1.0,1.0,0.003196,-
2,route_planner_greedy_local:RoutePlanner,"Zurich, Switzerland","Zurich, Switzerland",6,summer,8,balanced,0.25,0.25,0.25,0.25,70.8434473,0.6829268,1.0,0.5,0.7523171,0.3156252,1.0,1.0,0.068388,-
3,route_planner:RoutePlanner,"Zurich, Switzerland","Zurich, Switzerland",6,summer,8,balanced,0.25,0.25,0.25,0.25,70.8434473,0.6829268,1.0,0.5,0.7523171,0.3156252,1.0,1.0,0.076341,-
1,route_planner_greedy:RoutePlanner,"Zurich, Switzerland","Zurich, Switzerland",6,summer,8,nature_sport,0.4,0.1,0.2,0.3,67.7489351,0.5945122,1.0,0.5,0.7523171,0.3156252,1.0,1.0,0.003568,-
2,route_planner_greedy_local:RoutePlanner,"Zurich, Switzerland","Zurich, Switzerland",6,summer,8,nature_sport,0.4,0.1,0.2,0.3,67.7489351,0.5945122,1.0,0.5,0.7523171,0.3156252,1.0,1.0,0.068034,-
3,route_planner:RoutePlanner,"Zurich, Switzerland","Zurich, Switzerland",6,summer,8,nature_sport,0.4,0.1,0.2,0.3,67.7489351,0.5945122,1.0,0.5,0.7523171,0.3156252,1.0,1.0,0.075622,-
1,route_planner_greedy:RoutePlanner,"Zurich, Switzerland","Zurich, Switzerland",6,summer,8,culture_food,0.1,0.4,0.3,0.2,69.9618416,0.6666667,0.9791667,0.5,0.7523171,0.3156252,1.0,1.0,0.003438,-
2,route_planner_greedy_local:RoutePlanner,"Zurich, Switzerland","Zurich, Switzerland",6,summer,8,culture_food,0.1,0.4,0.3,0.2,69.9618416,0.6666667,0.9791667,0.5,0.7523171,0.3156252,1.0,1.0,0.057403,-
3,route_planner:RoutePlanner,"Zurich, Switzerland","Zurich, Switzerland",6,summer,8,culture_food,0.1,0.4,0.3,0.2,69.9618416,0.6666667,0.9791667,0.5,0.7523171,0.3156252,1.0,1.0,0.063598,-
1,route_planner_greedy:RoutePlanner,"Zurich, Switzerland","Zurich, Switzerland",6,summer,8,sport_culture,0.2,0.3,0.1,0.4,73.3905485,0.7947154,0.9791667,0.5,0.6495269,0.3645105,1.0,1.0,0.003201,-
2,route_planner_greedy_local:RoutePlanner,"Zurich, Switzerland","Zurich, Switzerland",6,summer,8,sport_culture,0.2,0.3,0.1,0.4,73.3905485,0.7947154,0.9791667,0.5,0.6495269,0.3645105,1.0,1.0,0.063527,-
3,route_planner:RoutePlanner,"Zurich, Switzerland","Zurich, Switzerland",6,summer,8,sport_culture,0.2,0.3,0.1,0.4,73.3905485,0.7947154,0.9791667,0.5,0.6495269,0.3645105,1.0,1.0,0.071087,-
1,route_planner_greedy:RoutePlanner,"Zurich, Switzerland","Zurich, Switzerland",6,summer,10,balanced,0.25,0.25,0.25,0.25,72.2795366,0.7888889,0.9,0.5,0.9111447,0.0001255,1.0,1.0,0.003624,-
2,route_planner_greedy_local:RoutePlanner,"Zurich, Switzerland","Zurich, Switzerland",6,summer,10,balanced,0.25,0.25,0.25,0.25,77.3342618,0.8627451,0.9666667,0.5,0.7426548,0.4582685,0.9248019,0.9583333,0.10945,-
3,route_planner:RoutePlanner,"Zurich, Switzerland","Zurich, Switzerland",6,summer,10,balanced,0.25,0.25,0.25,0.25,77.3342618,0.8627451,0.9666667,0.5,0.7426548,0.4582685,0.9248019,0.9583333,0.118686,-
1,route_planner_greedy:RoutePlanner,"Zurich, Switzerland","Zurich, Switzerland",6,summer,10,nature_sport,0.4,0.1,0.2,0.3,68.0823457,0.6061321,1.0,0.5,0.7474314,0.3156252,1.0,1.0,0.003746,-
2,route_planner_greedy_local:RoutePlanner,"Zurich, Switzerland","Zurich, Switzerland",6,summer,10,nature_sport,0.4,0.1,0.2,0.3,68.0823457,0.6061321,1.0,0.5,0.7474314,0.3156252,1.0,1.0,0.104862,-
3,route_planner:RoutePlanner,"Zurich, Switzerland","Zurich, Switzerland",6,summer,10,nature_sport,0.4,0.1,0.2,0.3,68.0823457,0.6061321,1.0,0.5,0.7474314,0.3156252,1.0,1.0,0.11715,-
1,route_planner_greedy:RoutePlanner,"Zurich, Switzerland","Zurich, Switzerland",6,summer,10,culture_food,0.1,0.4,0.3,0.2,73.1391737,0.7333333,0.95,0.5,0.7426548,0.4582685,1.0,1.0,0.003698,-
2,route_planner_greedy_local:RoutePlanner,"Zurich, Switzerland","Zurich, Switzerland",6,summer,10,culture_food,0.1,0.4,0.3,0.2,73.1391737,0.7333333,0.95,0.5,0.7426548,0.4582685,1.0,1.0,0.121962,-
3,route_planner:RoutePlanner,"Zurich, Switzerland","Zurich, Switzerland",6,summer,10,culture_food,0.1,0.4,0.3,0.2,73.1391737,0.7333333,0.95,0.5,0.7426548,0.4582685,1.0,1.0,0.148117,-
1,route_planner_greedy:RoutePlanner,"Zurich, Switzerland","Zurich, Switzerland",6,summer,10,sport_culture,0.2,0.3,0.1,0.4,72.1424417,0.6977124,0.9666667,0.5,0.7426548,0.4582685,1.0,1.0,0.003933,-
2,route_planner_greedy_local:RoutePlanner,"Zurich, Switzerland","Zurich, Switzerland",6,summer,10,sport_culture,0.2,0.3,0.1,0.4,72.1424417,0.6977124,0.9666667,0.5,0.7426548,0.4582685,1.0,1.0,0.115666,-
3,route_planner:RoutePlanner,"Zurich, Switzerland","Zurich, Switzerland",6,summer,10,sport_culture,0.2,0.3,0.1,0.4,72.1424417,0.6977124,0.9666667,0.5,0.7426548,0.4582685,1.0,1.0,0.116229,-
1,route_planner_greedy:RoutePlanner,"Lugano, Switzerland","Zurich, Switzerland",6,summer,6,balanced,0.25,0.25,0.25,0.25,83.749712,0.7857143,0.9444444,0.75,0.722203,1.0,1.0,1.0,0.002181,-
2,route_planner_greedy_local:RoutePlanner,"Lugano, Switzerland","Zurich, Switzerland",6,summer,6,balanced,0.25,0.25,0.25,0.25,83.749712,0.7857143,0.9444444,0.75,0.722203,1.0,1.0,1.0,0.047411,-
3,route_planner:RoutePlanner,"Lugano, Switzerland","Zurich, Switzerland",6,summer,6,balanced,0.25,0.25,0.25,0.25,83.749712,0.7857143,0.9444444,0.75,0.722203,1.0,1.0,1.0,0.121147,-
1,route_planner_greedy:RoutePlanner,"Lugano, Switzerland","Zurich, Switzerland",6,summer,6,nature_sport,0.4,0.1,0.2,0.3,80.8330453,0.702381,0.9444444,0.75,0.722203,1.0,1.0,1.0,0.002092,-
2,route_planner_greedy_local:RoutePlanner,"Lugano, Switzerland","Zurich, Switzerland",6,summer,6,nature_sport,0.4,0.1,0.2,0.3,81.5413786,0.7583333,0.8611111,0.75,0.722203,1.0,1.0,1.0,0.081786,-
3,route_planner:RoutePlanner,"Lugano, Switzerland","Zurich, Switzerland",6,summer,6,nature_sport,0.4,0.1,0.2,0.3,81.5413786,0.7583333,0.8611111,0.75,0.722203,1.0,1.0,1.0,0.116837,-
1,route_planner_greedy:RoutePlanner,"Lugano, Switzerland","Zurich, Switzerland",6,summer,6,culture_food,0.1,0.4,0.3,0.2,83.6455453,0.7827381,0.9444444,0.75,0.722203,1.0,1.0,1.0,0.002159,-
2,route_planner_greedy_local:RoutePlanner,"Lugano, Switzerland","Zurich, Switzerland",6,summer,6,culture_food,0.1,0.4,0.3,0.2,85.0413786,0.8583333,0.8611111,0.75,0.722203,1.0,1.0,1.0,0.070885,-
3,route_planner:RoutePlanner,"Lugano, Switzerland","Zurich, Switzerland",6,summer,6,culture_food,0.1,0.4,0.3,0.2,85.0413786,0.8583333,0.8611111,0.75,0.722203,1.0,1.0,1.0,0.219819,-
1,route_planner_greedy:RoutePlanner,"Lugano, Switzerland","Zurich, Switzerland",6,summer,6,sport_culture,0.2,0.3,0.1,0.4,86.0341947,0.8390805,0.9722222,0.75,0.722203,1.0,1.0,1.0,0.002266,-
2,route_planner_greedy_local:RoutePlanner,"Lugano, Switzerland","Zurich, Switzerland",6,summer,6,sport_culture,0.2,0.3,0.1,0.4,86.0341947,0.8390805,0.9722222,0.75,0.722203,1.0,1.0,1.0,0.04613,-
3,route_planner:RoutePlanner,"Lugano, Switzerland","Zurich, Switzerland",6,summer,6,sport_culture,0.2,0.3,0.1,0.4,86.0341947,0.8390805,0.9722222,0.75,0.722203,1.0,1.0,1.0,0.116018,-
1,route_planner_greedy:RoutePlanner,"Lugano, Switzerland","Zurich, Switzerland",6,summer,8,balanced,0.25,0.25,0.25,0.25,73.649135,0.5857143,0.8958333,0.75,0.7372666,0.7986959,0.9248019,0.9583333,0.003217,-
2,route_planner_greedy_local:RoutePlanner,"Lugano, Switzerland","Zurich, Switzerland",6,summer,8,balanced,0.25,0.25,0.25,0.25,73.649135,0.5857143,0.8958333,0.75,0.7372666,0.7986959,0.9248019,0.9583333,0.048739,-
3,route_planner:RoutePlanner,"Lugano, Switzerland","Zurich, Switzerland",6,summer,8,balanced,0.25,0.25,0.25,0.25,80.9383176,0.7368421,0.9166667,0.75,0.7016556,1.0,0.9248019,1.0,0.210253,-
1,route_planner_greedy:RoutePlanner,"Lugano, Switzerland","Zurich, Switzerland",6,summer,8,nature_sport,0.4,0.1,0.2,0.3,73.7060464,0.5438596,0.9583333,0.75,0.7372666,0.7986959,1.0,1.0,0.003298,-
2,route_planner_greedy_local:RoutePlanner,"Lugano, Switzerland","Zurich, Switzerland",6,summer,8,nature_sport,0.4,0.1,0.2,0.3,79.8425273,0.754902,0.875,0.75,0.7372666,0.7986959,1.0,1.0,0.095529,-
3,route_planner:RoutePlanner,"Lugano, Switzerland","Zurich, Switzerland",6,summer,8,nature_sport,0.4,0.1,0.2,0.3,85.1598088,0.8574561,0.9166667,0.75,0.7016556,1.0,0.9248019,1.0,0.222919,-
1,route_planner_greedy:RoutePlanner,"Lugano, Switzerland","Zurich, Switzerland",6,summer,8,culture_food,0.1,0.4,0.3,0.2,78.9018904,0.6560078,0.9791667,0.75,0.6669413,1.0,1.0,1.0,0.00316,-
2,route_planner_greedy_local:RoutePlanner,"Lugano, Switzerland","Zurich, Switzerland",6,summer,8,culture_food,0.1,0.4,0.3,0.2,78.9018904,0.6560078,0.9791667,0.75,0.6669413,1.0,1.0,1.0,0.05327,-
3,route_planner:RoutePlanner,"Lugano, Switzerland","Zurich, Switzerland",6,summer,8,culture_food,0.1,0.4,0.3,0.2,85.0419889,0.8524775,0.9166667,0.75,0.7094556,0.9939434,0.9248019,1.0,0.177174,-
1,route_planner_greedy:RoutePlanner,"Lugano, Switzerland","Zurich, Switzerland",6,summer,8,sport_culture,0.2,0.3,0.1,0.4,87.0830453,0.8571429,1.0,0.75,0.722203,1.0,1.0,1.0,0.003413,-
2,route_planner_greedy_local:RoutePlanner,"Lugano, Switzerland","Zurich, Switzerland",6,summer,8,sport_culture,0.2,0.3,0.1,0.4,87.0830453,0.8571429,1.0,0.75,0.722203,1.0,1.0,1.0,0.063234,-
3,route_planner:RoutePlanner,"Lugano, Switzerland","Zurich, Switzerland",6,summer,8,sport_culture,0.2,0.3,0.1,0.4,87.0830453,0.8571429,1.0,0.75,0.722203,1.0,1.0,1.0,0.108453,-
1,route_planner_greedy:RoutePlanner,"Lugano, Switzerland","Zurich, Switzerland",6,summer,10,balanced,0.25,0.25,0.25,0.25,77.8715401,0.7093023,0.85,0.75,0.7372666,0.7986959,1.0,1.0,0.003889,-
2,route_planner_greedy_local:RoutePlanner,"Lugano, Switzerland","Zurich, Switzerland",6,summer,10,balanced,0.25,0.25,0.25,0.25,82.5587792,0.8717949,0.7833333,0.75,0.7372666,0.7986959,1.0,1.0,0.172434,-
3,route_planner:RoutePlanner,"Lugano, Switzerland","Zurich, Switzerland",6,summer,10,balanced,0.25,0.25,0.25,0.25,86.1475433,0.8780488,0.8166667,1.0,0.7091304,0.8487208,0.8083343,1.0,0.196508,-
1,route_planner_greedy:RoutePlanner,"Lugano, Switzerland","Zurich, Switzerland",6,summer,10,nature_sport,0.4,0.1,0.2,0.3,79.4311453,0.6583333,0.95,0.75,0.730003,0.9939434,1.0,1.0,0.003541,-
2,route_planner_greedy_local:RoutePlanner,"Lugano, Switzerland","Zurich, Switzerland",6,summer,10,nature_sport,0.4,0.1,0.2,0.3,86.521725,0.8894928,0.8833333,0.75,0.730003,0.9939434,1.0,1.0,0.271725,-
3,route_planner:RoutePlanner,"Lugano, Switzerland","Zurich, Switzerland",6,summer,10,nature_sport,0.4,0.1,0.2,0.3,87.2847649,0.9148936,0.9,0.75,0.730003,0.9939434,0.9248019,1.0,0.262504,-
1,route_planner_greedy:RoutePlanner,"Lugano, Switzerland","Zurich, Switzerland",6,summer,10,culture_food,0.1,0.4,0.3,0.2,82.4114724,0.7435897,0.9666667,0.75,0.7090554,1.0,1.0,1.0,0.003606,-
2,route_planner_greedy_local:RoutePlanner,"Lugano, Switzerland","Zurich, Switzerland",6,summer,10,culture_food,0.1,0.4,0.3,0.2,82.4114724,0.7435897,0.9666667,0.75,0.7090554,1.0,1.0,1.0,0.076766,-
3,route_planner:RoutePlanner,"Lugano, Switzerland","Zurich, Switzerland",6,summer,10,culture_food,0.1,0.4,0.3,0.2,82.4114724,0.7435897,0.9666667,0.75,0.7090554,1.0,1.0,1.0,0.292344,-
1,route_planner_greedy:RoutePlanner,"Lugano, Switzerland","Zurich, Switzerland",6,summer,10,sport_culture,0.2,0.3,0.1,0.4,81.1214083,0.7067308,0.9666667,0.75,0.7090554,1.0,1.0,1.0,0.003509,-
2,route_planner_greedy_local:RoutePlanner,"Lugano, Switzerland","Zurich, Switzerland",6,summer,10,sport_culture,0.2,0.3,0.1,0.4,81.1214083,0.7067308,0.9666667,0.75,0.7090554,1.0,1.0,1.0,0.077953,-
3,route_planner:RoutePlanner,"Lugano, Switzerland","Zurich, Switzerland",6,summer,10,sport_culture,0.2,0.3,0.1,0.4,83.438908,0.786859,0.9666667,0.75,0.7016556,1.0,0.9248019,1.0,0.260145,-
1,route_planner_greedy:RoutePlanner,"Geneva, Switzerland","Lucerne, Switzerland",6,summer,6,balanced,0.25,0.25,0.25,0.25,85.4242585,0.8571429,0.9166667,0.75,0.6949506,1.0,1.0,1.0,0.002732,-
2,route_planner_greedy_local:RoutePlanner,"Geneva, Switzerland","Lucerne, Switzerland",6,summer,6,balanced,0.25,0.25,0.25,0.25,85.4242585,0.8571429,0.9166667,0.75,0.6949506,1.0,1.0,1.0,0.042379,-
3,route_planner:RoutePlanner,"Geneva, Switzerland","Lucerne, Switzerland",6,summer,6,balanced,0.25,0.25,0.25,0.25,85.4242585,0.8571429,0.9166667,0.75,0.6949506,1.0,1.0,1.0,0.268949,-
1,route_planner_greedy:RoutePlanner,"Geneva, Switzerland","Lucerne, Switzerland",6,summer,6,nature_sport,0.4,0.1,0.2,0.3,87.3687029,0.8888889,0.9722222,0.75,0.6949506,1.0,1.0,1.0,0.002815,-
2,route_planner_greedy_local:RoutePlanner,"Geneva, Switzerland","Lucerne, Switzerland",6,summer,6,nature_sport,0.4,0.1,0.2,0.3,87.3687029,0.8888889,0.9722222,0.75,0.6949506,1.0,1.0,1.0,0.048389,-
3,route_planner:RoutePlanner,"Geneva, Switzerland","Lucerne, Switzerland",6,summer,6,nature_sport,0.4,0.1,0.2,0.3,87.3687029,0.8888889,0.9722222,0.75,0.6949506,1.0,1.0,1.0,0.097521,-
1,route_planner_greedy:RoutePlanner,"Geneva, Switzerland","Lucerne, Switzerland",6,summer,6,culture_food,0.1,0.4,0.3,0.2,87.2051725,0.8723118,1.0,0.75,0.6949506,1.0,1.0,1.0,0.00228,-
2,route_planner_greedy_local:RoutePlanner,"Geneva, Switzerland","Lucerne, Switzerland",6,summer,6,culture_food,0.1,0.4,0.3,0.2,87.2051725,0.8723118,1.0,0.75,0.6949506,1.0,1.0,1.0,0.03803,-
3,route_planner:RoutePlanner,"Geneva, Switzerland","Lucerne, Switzerland",6,summer,6,culture_food,0.1,0.4,0.3,0.2,87.2051725,0.8723118,1.0,0.75,0.6949506,1.0,1.0,1.0,0.185422,-
1,route_planner_greedy:RoutePlanner,"Geneva, Switzerland","Lucerne, Switzerland",6,summer,6,sport_culture,0.2,0.3,0.1,0.4,88.2871617,0.9032258,1.0,0.75,0.6949506,1.0,1.0,1.0,0.002381,-
2,route_planner_greedy_local:RoutePlanner,"Geneva, Switzerland","Lucerne, Switzerland",6,summer,6,sport_culture,0.2,0.3,0.1,0.4,88.2871617,0.9032258,1.0,0.75,0.6949506,1.0,1.0,1.0,0.045441,-
3,route_planner:RoutePlanner,"Geneva, Switzerland","Lucerne, Switzerland",6,summer,6,sport_culture,0.2,0.3,0.1,0.4,88.2871617,0.9032258,1.0,0.75,0.6949506,1.0,1.0,1.0,0.104335,-
1,route_planner_greedy:RoutePlanner,"Geneva, Switzerland","Lucerne, Switzerland",6,summer,8,balanced,0.25,0.25,0.25,0.25,83.1776369,0.8108108,0.875,0.75,0.6949506,1.0,1.0,1.0,0.002808,-
2,route_planner_greedy_local:RoutePlanner,"Geneva, Switzerland","Lucerne, Switzerland",6,summer,8,balanced,0.25,0.25,0.25,0.25,83.1776369,0.8108108,0.875,0.75,0.6949506,1.0,1.0,1.0,0.047066,-
3,route_planner:RoutePlanner,"Geneva, Switzerland","Lucerne, Switzerland",6,summer,8,balanced,0.25,0.25,0.25,0.25,83.1776369,0.8108108,0.875,0.75,0.6949506,1.0,1.0,1.0,0.118364,-
1,route_planner_greedy:RoutePlanner,"Geneva, Switzerland","Lucerne, Switzerland",6,summer,8,nature_sport,0.4,0.1,0.2,0.3,78.7228696,0.6388889,0.9791667,0.75,0.6949506,1.0,1.0,1.0,0.003132,-
2,route_planner_greedy_local:RoutePlanner,"Geneva, Switzerland","Lucerne, Switzerland",6,summer,8,nature_sport,0.4,0.1,0.2,0.3,77.4060624,0.7697368,0.875,0.5,0.6560182,1.0,1.0,1.0,0.051449,-
3,route_planner:RoutePlanner,"Geneva, Switzerland","Lucerne, Switzerland",6,summer,8,nature_sport,0.4,0.1,0.2,0.3,80.4276255,0.7697368,0.9166667,0.75,0.6296776,1.0,0.8083343,1.0,0.149058,-
1,route_planner_greedy:RoutePlanner,"Geneva, Switzerland","Lucerne, Switzerland",6,summer,8,culture_food,0.1,0.4,0.3,0.2,78.1045624,0.6981707,1.0,0.75,0.5963581,0.8473216,1.0,1.0,0.003523,-
2,route_planner_greedy_local:RoutePlanner,"Geneva, Switzerland","Lucerne, Switzerland",6,summer,8,culture_food,0.1,0.4,0.3,0.2,78.1045624,0.6981707,1.0,0.75,0.5963581,0.8473216,1.0,1.0,0.052942,-
3,route_planner:RoutePlanner,"Geneva, Switzerland","Lucerne, Switzerland",6,summer,8,culture_food,0.1,0.4,0.3,0.2,79.3188467,0.6981707,0.9791667,0.75,0.5963581,1.0,1.0,1.0,0.207793,-
1,route_planner_greedy:RoutePlanner,"Geneva, Switzerland","Lucerne, Switzerland",6,summer,8,sport_culture,0.2,0.3,0.1,0.4,80.7563418,0.6984127,0.9791667,0.75,0.6916265,1.0,1.0,1.0,0.003225,-
2,route_planner_greedy_local:RoutePlanner,"Geneva, Switzerland","Lucerne, Switzerland",6,summer,8,sport_culture,0.2,0.3,0.1,0.4,80.7563418,0.6984127,0.9791667,0.75,0.6916265,1.0,1.0,1.0,0.051366,-
3,route_planner:RoutePlanner,"Geneva, Switzerland","Lucerne, Switzerland",6,summer,8,sport_culture,0.2,0.3,0.1,0.4,80.7563418,0.6984127,0.9791667,0.75,0.6916265,1.0,1.0,1.0,0.168631,-
1,route_planner_greedy:RoutePlanner,"Geneva, Switzerland","Lucerne, Switzerland",6,summer,10,balanced,0.25,0.25,0.25,0.25,81.0753301,0.7307692,0.95,0.75,0.6916265,1.0,0.9248019,1.0,0.003336,-
2,route_planner_greedy_local:RoutePlanner,"Geneva, Switzerland","Lucerne, Switzerland",6,summer,10,balanced,0.25,0.25,0.25,0.25,83.6650737,0.8333333,0.8833333,0.75,0.6916265,1.0,0.9248019,1.0,0.120565,-
3,route_planner:RoutePlanner,"Geneva, Switzerland","Lucerne, Switzerland",6,summer,10,balanced,0.25,0.25,0.25,0.25,83.6650737,0.8333333,0.8833333,0.75,0.6916265,1.0,0.9248019,1.0,0.17023,-
1,route_planner_greedy:RoutePlanner,"Geneva, Switzerland","Lucerne, Switzerland",6,summer,10,nature_sport,0.4,0.1,0.2,0.3,77.9737563,0.6314103,0.95,0.75,0.6916265,1.0,1.0,1.0,0.003551,-
2,route_planner_greedy_local:RoutePlanner,"Geneva, Switzerland","Lucerne, Switzerland",6,summer,10,nature_sport,0.4,0.1,0.2,0.3,78.6468332,0.650641,0.95,0.75,0.6916265,1.0,1.0,1.0,0.162795,-
3,route_planner:RoutePlanner,"Geneva, Switzerland","Lucerne, Switzerland",6,summer,10,nature_sport,0.4,0.1,0.2,0.3,78.6468332,0.650641,0.95,0.75,0.6916265,1.0,1.0,1.0,0.245736,-
1,route_planner_greedy:RoutePlanner,"Geneva, Switzerland","Lucerne, Switzerland",6,summer,10,culture_food,0.1,0.4,0.3,0.2,79.0297004,0.6401515,1.0,0.75,0.6916265,1.0,1.0,1.0,0.003498,-
2,route_planner_greedy_local:RoutePlanner,"Geneva, Switzerland","Lucerne, Switzerland",6,summer,10,culture_food,0.1,0.4,0.3,0.2,83.368445,0.8069728,0.9,0.75,0.6916265,1.0,1.0,1.0,0.163354,-
3,route_planner:RoutePlanner,"Geneva, Switzerland","Lucerne, Switzerland",6,summer,10,culture_food,0.1,0.4,0.3,0.2,83.368445,0.8069728,0.9,0.75,0.6916265,1.0,1.0,1.0,0.24704,-
1,route_planner_greedy:RoutePlanner,"Geneva, Switzerland","Lucerne, Switzerland",6,summer,10,sport_culture,0.2,0.3,0.1,0.4,78.6821201,0.6430818,0.9666667,0.75,0.6949506,1.0,1.0,1.0,0.003582,-
2,route_planner_greedy_local:RoutePlanner,"Geneva, Switzerland","Lucerne, Switzerland",6,summer,10,sport_culture,0.2,0.3,0.1,0.4,78.6821201,0.6430818,0.9666667,0.75,0.6949506,1.0,1.0,1.0,0.075661,-
3,route_planner:RoutePlanner,"Geneva, Switzerland","Lucerne, Switzerland",6,summer,10,sport_culture,0.2,0.3,0.1,0.4,78.6821201,0.6430818,0.9666667,0.75,0.6949506,1.0,1.0,1.0,0.238267,-
1,route_planner_greedy:RoutePlanner,"Bern, Switzerland","Zermatt, Switzerland",6,summer,6,balanced,0.25,0.25,0.25,0.25,81.4004559,0.7142857,0.9444444,0.75,0.7322526,1.0,1.0,1.0,0.002271,-
2,route_planner_greedy_local:RoutePlanner,"Bern, Switzerland","Zermatt, Switzerland",6,summer,6,balanced,0.25,0.25,0.25,0.25,86.4004559,0.8571429,0.9444444,0.75,0.7322526,1.0,1.0,1.0,0.067019,-
3,route_planner:RoutePlanner,"Bern, Switzerland","Zermatt, Switzerland",6,summer,6,balanced,0.25,0.25,0.25,0.25,89.3436424,0.8571429,1.0,1.0,0.6867981,1.0,0.8083343,1.0,0.17229,-
1,route_planner_greedy:RoutePlanner,"Bern, Switzerland","Zermatt, Switzerland",6,summer,6,nature_sport,0.4,0.1,0.2,0.3,84.9581483,0.8397436,0.8888889,0.75,0.7322526,1.0,1.0,1.0,0.002918,-
2,route_planner_greedy_local:RoutePlanner,"Bern, Switzerland","Zermatt, Switzerland",6,summer,6,nature_sport,0.4,0.1,0.2,0.3,84.9581483,0.8397436,0.8888889,0.75,0.7322526,1.0,1.0,1.0,0.036124,-
3,route_planner:RoutePlanner,"Bern, Switzerland","Zermatt, Switzerland",6,summer,6,nature_sport,0.4,0.1,0.2,0.3,85.8682156,0.858631,0.9444444,0.75,0.7322526,1.0,0.9248019,0.9583333,0.08258,-
1,route_planner_greedy:RoutePlanner,"Bern, Switzerland","Zermatt, Switzerland",6,summer,6,culture_food,0.1,0.4,0.3,0.2,80.9837893,0.702381,0.9444444,0.75,0.7322526,1.0,1.0,1.0,0.002724,-
2,route_planner_greedy_local:RoutePlanner,"Bern, Switzerland","Zermatt, Switzerland",6,summer,6,culture_food,0.1,0.4,0.3,0.2,84.1087893,0.7916667,0.9444444,0.75,0.7322526,1.0,1.0,1.0,0.067545,-
3,route_planner:RoutePlanner,"Bern, Switzerland","Zermatt, Switzerland",6,summer,6,culture_food,0.1,0.4,0.3,0.2,84.1087893,0.7916667,0.9444444,0.75,0.7322526,1.0,1.0,1.0,0.168209,-
1,route_planner_greedy:RoutePlanner,"Bern, Switzerland","Zermatt, Switzerland",6,summer,6,sport_culture,0.2,0.3,0.1,0.4,85.4282337,0.8055556,1.0,0.75,0.7322526,1.0,1.0,1.0,0.004872,-
2,route_planner_greedy_local:RoutePlanner,"Bern, Switzerland","Zermatt, Switzerland",6,summer,6,sport_culture,0.2,0.3,0.1,0.4,85.4282337,0.8055556,1.0,0.75,0.7322526,1.0,1.0,1.0,0.069671,-
3,route_planner:RoutePlanner,"Bern, Switzerland","Zermatt, Switzerland",6,summer,6,sport_culture,0.2,0.3,0.1,0.4,85.4282337,0.8055556,1.0,0.75,0.7322526,1.0,1.0,1.0,0.139995,-
1,route_planner_greedy:RoutePlanner,"Bern, Switzerland","Zermatt, Switzerland",6,summer,8,balanced,0.25,0.25,0.25,0.25,81.9966879,0.7777778,0.875,0.75,0.7322526,1.0,0.9248019,0.9583333,0.003657,-
2,route_planner_greedy_local:RoutePlanner,"Bern, Switzerland","Zermatt, Switzerland",6,summer,8,balanced,0.25,0.25,0.25,0.25,81.9966879,0.7777778,0.875,0.75,0.7322526,1.0,0.9248019,0.9583333,0.067147,-
3,route_planner:RoutePlanner,"Bern, Switzerland","Zermatt, Switzerland",6,summer,8,balanced,0.25,0.25,0.25,0.25,85.0814832,0.8421053,0.9166667,0.75,0.7322526,1.0,0.9248019,1.0,0.326336,-
1,route_planner_greedy:RoutePlanner,"Bern, Switzerland","Zermatt, Switzerland",6,summer,8,nature_sport,0.4,0.1,0.2,0.3,82.1643448,0.7123016,1.0,0.75,0.7322526,1.0,1.0,1.0,0.003381,-
2,route_planner_greedy_local:RoutePlanner,"Bern, Switzerland","Zermatt, Switzerland",6,summer,8,nature_sport,0.4,0.1,0.2,0.3,82.9245788,0.7697368,0.9166667,0.75,0.7322526,1.0,1.0,1.0,0.138479,-
3,route_planner:RoutePlanner,"Bern, Switzerland","Zermatt, Switzerland",6,summer,8,nature_sport,0.4,0.1,0.2,0.3,86.615759,0.9230769,0.9166667,0.75,0.6456038,1.0,0.9248019,1.0,0.191442,-
1,route_planner_greedy:RoutePlanner,"Bern, Switzerland","Zermatt, Switzerland",6,summer,8,culture_food,0.1,0.4,0.3,0.2,79.7053248,0.7002033,0.9791667,0.75,0.6963482,0.8815487,1.0,1.0,0.003305,-
2,route_planner_greedy_local:RoutePlanner,"Bern, Switzerland","Zermatt, Switzerland",6,summer,8,culture_food,0.1,0.4,0.3,0.2,79.7053248,0.7002033,0.9791667,0.75,0.6963482,0.8815487,1.0,1.0,0.054773,-
3,route_planner:RoutePlanner,"Bern, Switzerland","Zermatt, Switzerland",6,summer,8,culture_food,0.1,0.4,0.3,0.2,86.5879604,0.9298246,0.9166667,0.75,0.6280061,1.0,0.9248019,1.0,0.173001,-
1,route_planner_greedy:RoutePlanner,"Bern, Switzerland","Zermatt, Switzerland",6,summer,8,sport_culture,0.2,0.3,0.1,0.4,74.4692313,0.75,1.0,0.75,0.7933039,0.0069673,1.0,1.0,0.003472,-
2,route_planner_greedy_local:RoutePlanner,"Bern, Switzerland","Zermatt, Switzerland",6,summer,8,sport_culture,0.2,0.3,0.1,0.4,76.4751073,0.8162393,0.9791667,0.75,0.7933039,0.0069673,1.0,1.0,0.11684,-
3,route_planner:RoutePlanner,"Bern, Switzerland","Zermatt, Switzerland",6,summer,8,sport_culture,0.2,0.3,0.1,0.4,88.0718786,0.9365079,1.0,0.75,0.6280061,1.0,0.9248019,1.0,0.158168,-
1,route_planner_greedy:RoutePlanner,"Bern, Switzerland","Zermatt, Switzerland",6,summer,10,balanced,0.25,0.25,0.25,0.25,72.7559437,0.7857143,0.85,0.75,0.7503296,0.0001,1.0,1.0,0.003736,-
2,route_planner_greedy_local:RoutePlanner,"Bern, Switzerland","Zermatt, Switzerland",6,summer,10,balanced,0.25,0.25,0.25,0.25,72.7559437,0.7857143,0.85,0.75,0.7503296,0.0001,1.0,1.0,0.10837,-
3,route_planner:RoutePlanner,"Bern, Switzerland","Zermatt, Switzerland",6,summer,10,balanced,0.25,0.25,0.25,0.25,84.9706469,0.8555556,0.9,1.0,0.60549,0.9097766,0.6692175,1.0,0.423586,-
1,route_planner_greedy:RoutePlanner,"Bern, Switzerland","Zermatt, Switzerland",6,summer,10,nature_sport,0.4,0.1,0.2,0.3,86.2754559,0.8583333,0.9333333,0.75,0.7322526,1.0,1.0,1.0,0.003686,-
2,route_planner_greedy_local:RoutePlanner,"Bern, Switzerland","Zermatt, Switzerland",6,summer,10,nature_sport,0.4,0.1,0.2,0.3,86.2754559,0.8583333,0.9333333,0.75,0.7322526,1.0,1.0,1.0,0.077026,-
3,route_planner:RoutePlanner,"Bern, Switzerland","Zermatt, Switzerland",6,summer,10,nature_sport,0.4,0.1,0.2,0.3,86.2754559,0.8583333,0.9333333,0.75,0.7322526,1.0,1.0,1.0,0.319246,-
1,route_planner_greedy:RoutePlanner,"Bern, Switzerland","Zermatt, Switzerland",6,summer,10,culture_food,0.1,0.4,0.3,0.2,86.1158325,0.8611111,1.0,0.75,0.6874178,1.0,0.9248019,0.9583333,0.004171,-
2,route_planner_greedy_local:RoutePlanner,"Bern, Switzerland","Zermatt, Switzerland",6,summer,10,culture_food,0.1,0.4,0.3,0.2,86.6019436,0.875,1.0,0.75,0.6874178,1.0,0.9248019,0.9583333,0.152891,-
3,route_planner:RoutePlanner,"Bern, Switzerland","Zermatt, Switzerland",6,summer,10,culture_food,0.1,0.4,0.3,0.2,86.6019436,0.875,1.0,0.75,0.6874178,1.0,0.9248019,0.9583333,0.265176,-
1,route_planner_greedy:RoutePlanner,"Bern, Switzerland","Zermatt, Switzerland",6,summer,10,sport_culture,0.2,0.3,0.1,0.4,76.2137918,0.8477564,0.9833333,0.75,0.7025871,0.0003511,1.0,1.0,0.003608,-
2,route_planner_greedy_local:RoutePlanner,"Bern, Switzerland","Zermatt, Switzerland",6,summer,10,sport_culture,0.2,0.3,0.1,0.4,76.2137918,0.8477564,0.9833333,0.75,0.7025871,0.0003511,1.0,1.0,0.101615,-
3,route_planner:RoutePlanner,"Bern, Switzerland","Zermatt, Switzerland",6,summer,10,sport_culture,0.2,0.3,0.1,0.4,86.4779913,0.8605769,0.9666667,0.75,0.7322526,1.0,0.9248019,1.0,0.269679,-
1,route_planner_greedy:RoutePlanner,"St. Moritz, Switzerland","St. Moritz, Switzerland",6,summer,6,balanced,0.25,0.25,0.25,0.25,70.4417047,0.8333333,0.8611111,0.5,0.7095639,0.0214913,1.0,1.0,0.002137,-
2,route_planner_greedy_local:RoutePlanner,"St. Moritz, Switzerland","St. Moritz, Switzerland",6,summer,6,balanced,0.25,0.25,0.25,0.25,59.9911838,0.5454545,0.8333333,0.5,0.684887,0.062697,1.0,1.0,0.03611,-
3,route_planner:RoutePlanner,"St. Moritz, Switzerland","St. Moritz, Switzerland",6,summer,6,balanced,0.25,0.25,0.25,0.25,59.9911838,0.5454545,0.8333333,0.5,0.684887,0.062697,1.0,1.0,0.037995,-
1,route_planner_greedy:RoutePlanner,"St. Moritz, Switzerland","St. Moritz, Switzerland",6,summer,6,nature_sport,0.4,0.1,0.2,0.3,68.5361573,0.725,0.9444444,0.5,0.766282,2.6e-05,1.0,1.0,0.002198,-
2,route_planner_greedy_local:RoutePlanner,"St. Moritz, Switzerland","St. Moritz, Switzerland",6,summer,6,nature_sport,0.4,0.1,0.2,0.3,67.3992844,0.7916667,0.7777778,0.5,0.684887,0.062697,0.9248019,1.0,0.03865,-
3,route_planner:RoutePlanner,"St. Moritz, Switzerland","St. Moritz, Switzerland",6,summer,6,nature_sport,0.4,0.1,0.2,0.3,67.3992844,0.7916667,0.7777778,0.5,0.684887,0.062697,0.9248019,1.0,0.040946,-
1,route_planner_greedy:RoutePlanner,"St. Moritz, Switzerland","St. Moritz, Switzerland",6,summer,6,culture_food,0.1,0.4,0.3,0.2,65.7448168,0.575,0.8888889,0.5,0.6502874,0.5032172,1.0,1.0,0.001919,-
2,route_planner_greedy_local:RoutePlanner,"St. Moritz, Switzerland","St. Moritz, Switzerland",6,summer,6,culture_food,0.1,0.4,0.3,0.2,56.9044798,0.4565217,0.8611111,0.5,0.6913444,0.0515377,0.9248019,1.0,0.041598,-
3,route_planner:RoutePlanner,"St. Moritz, Switzerland","St. Moritz, Switzerland",6,summer,6,culture_food,0.1,0.4,0.3,0.2,56.9044798,0.4565217,0.8611111,0.5,0.6913444,0.0515377,0.9248019,1.0,0.04369,-
1,route_planner_greedy:RoutePlanner,"St. Moritz, Switzerland","St. Moritz, Switzerland",6,summer,6,sport_culture,0.2,0.3,0.1,0.4,67.0113858,0.7222222,0.8888889,0.5,0.684887,0.062697,1.0,1.0,0.002064,-
2,route_planner_greedy_local:RoutePlanner,"St. Moritz, Switzerland","St. Moritz, Switzerland",6,summer,6,sport_culture,0.2,0.3,0.1,0.4,67.0113858,0.7222222,0.8888889,0.5,0.684887,0.062697,1.0,1.0,0.057721,-
3,route_planner:RoutePlanner,"St. Moritz, Switzerland","St. Moritz, Switzerland",6,summer,6,sport_culture,0.2,0.3,0.1,0.4,67.0113858,0.7222222,0.8888889,0.5,0.684887,0.062697,1.0,1.0,0.059727,-
1,route_planner_greedy:RoutePlanner,"St. Moritz, Switzerland","St. Moritz, Switzerland",6,summer,8,balanced,0.25,0.25,0.25,0.25,61.7387189,0.5857143,0.8958333,0.5,0.6913444,0.0515377,0.9248019,0.9583333,0.002919,-
2,route_planner_greedy_local:RoutePlanner,"St. Moritz, Switzerland","St. Moritz, Switzerland",6,summer,8,balanced,0.25,0.25,0.25,0.25,61.7387189,0.5857143,0.8958333,0.5,0.6913444,0.0515377,0.9248019,0.9583333,0.032022,-
3,route_planner:RoutePlanner,"St. Moritz, Switzerland","St. Moritz, Switzerland",6,summer,8,balanced,0.25,0.25,0.25,0.25,61.7387189,0.5857143,0.8958333,0.5,0.6913444,0.0515377,0.9248019,0.9583333,0.035898,-
1,route_planner_greedy:RoutePlanner,"St. Moritz, Switzerland","St. Moritz, Switzerland",6,summer,8,nature_sport,0.4,0.1,0.2,0.3,60.4234553,0.4679487,0.9791667,0.5,0.6749643,0.1733285,1.0,1.0,0.003051,-
2,route_planner_greedy_local:RoutePlanner,"St. Moritz, Switzerland","St. Moritz, Switzerland",6,summer,8,nature_sport,0.4,0.1,0.2,0.3,72.2489589,0.8421053,0.9583333,0.5,0.684887,0.062697,1.0,1.0,0.047946,-
3,route_planner:RoutePlanner,"St. Moritz, Switzerland","St. Moritz, Switzerland",6,summer,8,nature_sport,0.4,0.1,0.2,0.3,72.2489589,0.8421053,0.9583333,0.5,0.684887,0.062697,1.0,1.0,0.054909,-
1,route_planner_greedy:RoutePlanner,"St. Moritz, Switzerland","St. Moritz, Switzerland",6,summer,8,culture_food,0.1,0.4,0.3,0.2,57.957911,0.4342105,0.9583333,0.5,0.6913444,0.0515377,1.0,1.0,0.00335,-
2,route_planner_greedy_local:RoutePlanner,"St. Moritz, Switzerland","St. Moritz, Switzerland",6,summer,8,culture_food,0.1,0.4,0.3,0.2,63.3454501,0.5877193,0.9583333,0.5,0.684887,0.062697,1.0,1.0,0.053387,-
3,route_planner:RoutePlanner,"St. Moritz, Switzerland","St. Moritz, Switzerland",6,summer,8,culture_food,0.1,0.4,0.3,0.2,63.3454501,0.5877193,0.9583333,0.5,0.684887,0.062697,1.0,1.0,0.056441,-
1,route_planner_greedy:RoutePlanner,"St. Moritz, Switzerland","St. Moritz, Switzerland",6,summer,8,sport_culture,0.2,0.3,0.1,0.4,67.7972045,0.7149123,0.9583333,0.5,0.684887,0.062697,1.0,1.0,0.002989,-
2,route_planner_greedy_local:RoutePlanner,"St. Moritz, Switzerland","St. Moritz, Switzerland",6,summer,8,sport_culture,0.2,0.3,0.1,0.4,67.7972045,0.7149123,0.9583333,0.5,0.684887,0.062697,1.0,1.0,0.06665,-
3,route_planner:RoutePlanner,"St. Moritz, Switzerland","St. Moritz, Switzerland",6,summer,8,sport_culture,0.2,0.3,0.1,0.4,67.7972045,0.7149123,0.9583333,0.5,0.684887,0.062697,1.0,1.0,0.072745,-
1,route_planner_greedy:RoutePlanner,"St. Moritz, Switzerland","St. Moritz, Switzerland",6,summer,10,balanced,0.25,0.25,0.25,0.25,68.4002747,0.8,0.8,0.5,0.684887,0.062697,1.0,1.0,0.003694,-
2,route_planner_greedy_local:RoutePlanner,"St. Moritz, Switzerland","St. Moritz, Switzerland",6,summer,10,balanced,0.25,0.25,0.25,0.25,68.4002747,0.8,0.8,0.5,0.684887,0.062697,1.0,1.0,0.086124,-
3,route_planner:RoutePlanner,"St. Moritz, Switzerland","St. Moritz, Switzerland",6,summer,10,balanced,0.25,0.25,0.25,0.25,68.4002747,0.8,0.8,0.5,0.684887,0.062697,1.0,1.0,0.090814,-
1,route_planner_greedy:RoutePlanner,"St. Moritz, Switzerland","St. Moritz, Switzerland",6,summer,10,nature_sport,0.4,0.1,0.2,0.3,70.2072657,0.7638889,0.8833333,0.5,0.6668805,0.2717947,1.0,1.0,0.004005,-
2,route_planner_greedy_local:RoutePlanner,"St. Moritz, Switzerland","St. Moritz, Switzerland",6,summer,10,nature_sport,0.4,0.1,0.2,0.3,70.2072657,0.7638889,0.8833333,0.5,0.6668805,0.2717947,1.0,1.0,0.122575,-
3,route_planner:RoutePlanner,"St. Moritz, Switzerland","St. Moritz, Switzerland",6,summer,10,nature_sport,0.4,0.1,0.2,0.3,70.2072657,0.7638889,0.8833333,0.5,0.6668805,0.2717947,1.0,1.0,0.12987,-
1,route_planner_greedy:RoutePlanner,"St. Moritz, Switzerland","St. Moritz, Switzerland",6,summer,10,culture_food,0.1,0.4,0.3,0.2,70.8104446,0.7636054,0.95,0.5,0.6733379,0.2234186,1.0,1.0,0.003771,-
2,route_planner_greedy_local:RoutePlanner,"St. Moritz, Switzerland","St. Moritz, Switzerland",6,summer,10,culture_food,0.1,0.4,0.3,0.2,70.1065713,0.7395833,0.9333333,0.5,0.6668805,0.2717947,1.0,1.0,0.118145,-
3,route_planner:RoutePlanner,"St. Moritz, Switzerland","St. Moritz, Switzerland",6,summer,10,culture_food,0.1,0.4,0.3,0.2,70.1065713,0.7395833,0.9333333,0.5,0.6668805,0.2717947,1.0,1.0,0.127319,-
1,route_planner_greedy:RoutePlanner,"St. Moritz, Switzerland","St. Moritz, Switzerland",6,summer,10,sport_culture,0.2,0.3,0.1,0.4,61.0488254,0.5471014,0.9,0.5,0.684887,0.062697,1.0,1.0,0.00392,-
2,route_planner_greedy_local:RoutePlanner,"St. Moritz, Switzerland","St. Moritz, Switzerland",6,summer,10,sport_culture,0.2,0.3,0.1,0.4,61.0488254,0.5471014,0.9,0.5,0.684887,0.062697,1.0,1.0,0.077809,-
3,route_planner:RoutePlanner,"St. Moritz, Switzerland","St. Moritz, Switzerland",6,summer,10,sport_culture,0.2,0.3,0.1,0.4,61.0488254,0.5471014,0.9,0.5,0.684887,0.062697,1.0,1.0,0.084067,-
1,route_planner_greedy:RoutePlanner,"Interlaken, Switzerland","St. Moritz, Switzerland",6,winter,6,balanced,0.25,0.25,0.25,0.25,64.8670135,0.4782609,0.9444444,0.75,0.8473828,4.75e-05,1.0,1.0,0.001635,-
2,route_planner_greedy_local:RoutePlanner,"Interlaken, Switzerland","St. Moritz, Switzerland",6,winter,6,balanced,0.25,0.25,0.25,0.25,76.7558541,0.8333333,0.9444444,0.75,0.8114347,0.0001,1.0,1.0,0.054909,-
3,route_planner:RoutePlanner,"Interlaken, Switzerland","St. Moritz, Switzerland",6,winter,6,balanced,0.25,0.25,0.25,0.25,85.3728921,0.8571429,0.9722222,0.75,0.8233812,0.7564832,0.9248019,1.0,0.063681,-
1,route_planner_greedy:RoutePlanner,"Interlaken, Switzerland","St. Moritz, Switzerland",6,winter,6,nature_sport,0.4,0.1,0.2,0.3,68.053931,0.5608974,1.0,0.75,0.8114347,0.0001,1.0,1.0,0.001634,-
2,route_planner_greedy_local:RoutePlanner,"Interlaken, Switzerland","St. Moritz, Switzerland",6,winter,6,nature_sport,0.4,0.1,0.2,0.3,68.053931,0.5608974,1.0,0.75,0.8114347,0.0001,1.0,1.0,0.030982,-
3,route_planner:RoutePlanner,"Interlaken, Switzerland","St. Moritz, Switzerland",6,winter,6,nature_sport,0.4,0.1,0.2,0.3,68.053931,0.5608974,1.0,0.75,0.8114347,0.0001,1.0,1.0,0.038903,-
1,route_planner_greedy:RoutePlanner,"Interlaken, Switzerland","St. Moritz, Switzerland",6,winter,6,culture_food,0.1,0.4,0.3,0.2,69.4000848,0.599359,1.0,0.75,0.8114347,0.0001,1.0,1.0,0.001594,-
2,route_planner_greedy_local:RoutePlanner,"Interlaken, Switzerland","St. Moritz, Switzerland",6,winter,6,culture_food,0.1,0.4,0.3,0.2,76.1308541,0.7916667,1.0,0.75,0.8114347,0.0001,1.0,1.0,0.055252,-
3,route_planner:RoutePlanner,"Interlaken, Switzerland","St. Moritz, Switzerland",6,winter,6,culture_food,0.1,0.4,0.3,0.2,76.1308541,0.7916667,1.0,0.75,0.8114347,0.0001,1.0,1.0,0.053006,-
1,route_planner_greedy:RoutePlanner,"Interlaken, Switzerland","St. Moritz, Switzerland",6,winter,6,sport_culture,0.2,0.3,0.1,0.4,67.0816585,0.5216049,1.0,0.75,0.838299,0.0001,1.0,1.0,0.001512,-
2,route_planner_greedy_local:RoutePlanner,"Interlaken, Switzerland","St. Moritz, Switzerland",6,winter,6,sport_culture,0.2,0.3,0.1,0.4,67.0816585,0.5216049,1.0,0.75,0.838299,0.0001,1.0,1.0,0.02262,-
3,route_planner:RoutePlanner,"Interlaken, Switzerland","St. Moritz, Switzerland",6,winter,6,sport_culture,0.2,0.3,0.1,0.4,67.0816585,0.5216049,1.0,0.75,0.838299,0.0001,1.0,1.0,0.036236,-
1,route_planner_greedy:RoutePlanner,"Interlaken, Switzerland","St. Moritz, Switzerland",6,winter,8,balanced,0.25,0.25,0.25,0.25,68.7684332,0.5588235,0.9583333,1.0,0.7051066,0.0009991,0.8496039,1.0,0.00196,-
2,route_planner_greedy_local:RoutePlanner,"Interlaken, Switzerland","St. Moritz, Switzerland",6,winter,8,balanced,0.25,0.25,0.25,0.25,73.2732493,0.75,0.8958333,0.75,0.8473828,9.98e-05,0.9248019,1.0,0.029188,-
3,route_planner:RoutePlanner,"Interlaken, Switzerland","St. Moritz, Switzerland",6,winter,8,balanced,0.25,0.25,0.25,0.25,74.3474889,0.7804878,0.9791667,0.5,0.9095908,0.1407387,1.0,0.9583333,0.055996,-
1,route_planner_greedy:RoutePlanner,"Interlaken, Switzerland","St. Moritz, Switzerland",6,winter,8,nature_sport,0.4,0.1,0.2,0.3,63.9145753,0.4821429,0.9375,0.75,0.8206933,0.0001,0.9248019,0.9583333,0.002089,-
2,route_planner_greedy_local:RoutePlanner,"Interlaken, Switzerland","St. Moritz, Switzerland",6,winter,8,nature_sport,0.4,0.1,0.2,0.3,65.5309547,0.5818966,0.8125,0.75,0.8206933,0.0001,0.9248019,0.9583333,0.056804,-
3,route_planner:RoutePlanner,"Interlaken, Switzerland","St. Moritz, Switzerland",6,winter,8,nature_sport,0.4,0.1,0.2,0.3,82.8808317,0.8888889,0.7708333,0.75,0.8233812,0.7564832,0.8083343,1.0,0.183113,-
1,route_planner_greedy:RoutePlanner,"Interlaken, Switzerland","St. Moritz, Switzerland",6,winter,8,culture_food,0.1,0.4,0.3,0.2,61.3854731,0.3842593,0.9583333,0.75,0.8206933,0.0001,1.0,1.0,0.002163,-
2,route_planner_greedy_local:RoutePlanner,"Interlaken, Switzerland","St. Moritz, Switzerland",6,winter,8,culture_food,0.1,0.4,0.3,0.2,69.5809697,0.645202,0.8958333,0.75,0.8206933,0.0001,1.0,1.0,0.126527,-
3,route_planner:RoutePlanner,"Interlaken, Switzerland","St. Moritz, Switzerland",6,winter,8,culture_food,0.1,0.4,0.3,0.2,81.1639234,0.7738095,0.875,0.75,0.8344499,0.7564832,0.9248019,1.0,0.12273,-
1,route_planner_greedy:RoutePlanner,"Interlaken, Switzerland","St. Moritz, Switzerland",6,winter,8,sport_culture,0.2,0.3,0.1,0.4,65.5174175,0.5023148,0.9583333,0.75,0.8206933,0.0001,1.0,1.0,0.002042,-
2,route_planner_greedy_local:RoutePlanner,"Interlaken, Switzerland","St. Moritz, Switzerland",6,winter,8,sport_culture,0.2,0.3,0.1,0.4,65.5174175,0.5023148,0.9583333,0.75,0.8206933,0.0001,1.0,1.0,0.033566,-
3,route_planner:RoutePlanner,"Interlaken, Switzerland","St. Moritz, Switzerland",6,winter,8,sport_culture,0.2,0.3,0.1,0.4,74.8258561,0.8125,0.9583333,0.5,0.9226514,0.0673586,1.0,1.0,0.028926,-
1,route_planner_greedy:RoutePlanner,"Interlaken, Switzerland","St. Moritz, Switzerland",6,winter,10,balanced,0.25,0.25,0.25,0.25,69.7033696,0.6111111,0.8,1.0,0.8037641,0.001,0.8496039,1.0,0.002121,-
2,route_planner_greedy_local:RoutePlanner,"Interlaken, Switzerland","St. Moritz, Switzerland",6,winter,10,balanced,0.25,0.25,0.25,0.25,78.3144807,0.9,0.7,1.0,0.8037641,0.001,0.8496039,1.0,0.052083,-
3,route_planner:RoutePlanner,"Interlaken, Switzerland","St. Moritz, Switzerland",6,winter,10,balanced,0.25,0.25,0.25,0.25,83.0395588,0.8,0.95,0.75,0.8233812,0.7564832,0.9248019,1.0,0.07461,-
1,route_planner_greedy:RoutePlanner,"Interlaken, Switzerland","St. Moritz, Switzerland",6,winter,10,nature_sport,0.4,0.1,0.2,0.3,68.6339776,0.5039308,0.9833333,0.75,0.7609626,0.358196,1.0,1.0,0.002519,-
2,route_planner_greedy_local:RoutePlanner,"Interlaken, Switzerland","St. Moritz, Switzerland",6,winter,10,nature_sport,0.4,0.1,0.2,0.3,71.5195471,0.6435185,0.85,0.75,0.7609626,0.358196,1.0,1.0,0.268153,-
3,route_planner:RoutePlanner,"Interlaken, Switzerland","St. Moritz, Switzerland",6,winter,10,nature_sport,0.4,0.1,0.2,0.3,83.9770588,0.8125,0.9833333,0.75,0.8233812,0.7564832,0.9248019,1.0,0.317716,-
1,route_planner_greedy:RoutePlanner,"Interlaken, Switzerland","St. Moritz, Switzerland",6,winter,10,culture_food,0.1,0.4,0.3,0.2,81.3780644,0.7531447,0.9833333,0.75,0.8257429,0.6631859,1.0,1.0,0.002562,-
2,route_planner_greedy_local:RoutePlanner,"Interlaken, Switzerland","St. Moritz, Switzerland",6,winter,10,culture_food,0.1,0.4,0.3,0.2,81.3780644,0.7531447,0.9833333,0.75,0.8257429,0.6631859,1.0,1.0,0.060113,-
3,route_planner:RoutePlanner,"Interlaken, Switzerland","St. Moritz, Switzerland",6,winter,10,culture_food,0.1,0.4,0.3,0.2,81.3780644,0.7531447,0.9833333,0.75,0.8257429,0.6631859,1.0,1.0,0.130609,-
1,route_planner_greedy:RoutePlanner,"Interlaken, Switzerland","St. Moritz, Switzerland",6,winter,10,sport_culture,0.2,0.3,0.1,0.4,83.1347637,0.918239,0.9833333,0.75,0.7609626,0.358196,1.0,1.0,0.002585,-
2,route_planner_greedy_local:RoutePlanner,"Interlaken, Switzerland","St. Moritz, Switzerland",6,winter,10,sport_culture,0.2,0.3,0.1,0.4,83.1347637,0.918239,0.9833333,0.75,0.7609626,0.358196,1.0,1.0,0.065367,-
3,route_planner:RoutePlanner,"Interlaken, Switzerland","St. Moritz, Switzerland",6,winter,10,sport_culture,0.2,0.3,0.1,0.4,83.1347637,0.918239,0.9833333,0.75,0.7609626,0.358196,1.0,1.0,0.076128,-
1,route_planner_greedy:RoutePlanner,"Zurich, Switzerland","Zurich, Switzerland",6,winter,6,balanced,0.25,0.25,0.25,0.25,76.2323375,0.6666667,0.9444444,0.75,0.5489545,1.0,0.8496039,1.0,0.003334,-
2,route_planner_greedy_local:RoutePlanner,"Zurich, Switzerland","Zurich, Switzerland",6,winter,6,balanced,0.25,0.25,0.25,0.25,76.2323375,0.6666667,0.9444444,0.75,0.5489545,1.0,0.8496039,1.0,0.048142,-
3,route_planner:RoutePlanner,"Zurich, Switzerland","Zurich, Switzerland",6,winter,6,balanced,0.25,0.25,0.25,0.25,76.2323375,0.6666667,0.9444444,0.75,0.5489545,1.0,0.8496039,1.0,0.051365,-
1,route_planner_greedy:RoutePlanner,"Zurich, Switzerland","Zurich, Switzerland",6,winter,6,nature_sport,0.4,0.1,0.2,0.3,65.6260737,0.5231481,0.9444444,0.5,0.7377691,0.4582685,1.0,1.0,0.00177,-
2,route_planner_greedy_local:RoutePlanner,"Zurich, Switzerland","Zurich, Switzerland",6,winter,6,nature_sport,0.4,0.1,0.2,0.3,65.6260737,0.5231481,0.9444444,0.5,0.7377691,0.4582685,1.0,1.0,0.041987,-
3,route_planner:RoutePlanner,"Zurich, Switzerland","Zurich, Switzerland",6,winter,6,nature_sport,0.4,0.1,0.2,0.3,65.6260737,0.5231481,0.9444444,0.5,0.7377691,0.4582685,1.0,1.0,0.044831,-
1,route_planner_greedy:RoutePlanner,"Zurich, Switzerland","Zurich, Switzerland",6,winter,6,culture_food,0.1,0.4,0.3,0.2,66.7549911,0.5673077,0.9166667,0.5,0.7377691,0.4582685,1.0,1.0,0.00179,-
2,route_planner_greedy_local:RoutePlanner,"Zurich, Switzerland","Zurich, Switzerland",6,winter,6,culture_food,0.1,0.4,0.3,0.2,66.7549911,0.5673077,0.9166667,0.5,0.7377691,0.4582685,1.0,1.0,0.040284,-
3,route_planner:RoutePlanner,"Zurich, Switzerland","Zurich, Switzerland",6,winter,6,culture_food,0.1,0.4,0.3,0.2,66.7549911,0.5673077,0.9166667,0.5,0.7377691,0.4582685,1.0,1.0,0.043177,-
1,route_planner_greedy:RoutePlanner,"Zurich, Switzerland","Zurich, Switzerland",6,winter,6,sport_culture,0.2,0.3,0.1,0.4,80.6759335,0.8521505,1.0,0.5,0.556711,1.0,1.0,1.0,0.001781,-
2,route_planner_greedy_local:RoutePlanner,"Zurich, Switzerland","Zurich, Switzerland",6,winter,6,sport_culture,0.2,0.3,0.1,0.4,80.6759335,0.8521505,1.0,0.5,0.556711,1.0,1.0,1.0,0.048881,-
3,route_planner:RoutePlanner,"Zurich, Switzerland","Zurich, Switzerland",6,winter,6,sport_culture,0.2,0.3,0.1,0.4,80.6759335,0.8521505,1.0,0.5,0.556711,1.0,1.0,1.0,0.049457,-
1,route_planner_greedy:RoutePlanner,"Zurich, Switzerland","Zurich, Switzerland",6,winter,8,balanced,0.25,0.25,0.25,0.25,77.6727156,0.8780488,1.0,0.5,0.7523171,0.3156252,1.0,1.0,0.002289,-
2,route_planner_greedy_local:RoutePlanner,"Zurich, Switzerland","Zurich, Switzerland",6,winter,8,balanced,0.25,0.25,0.25,0.25,77.6727156,0.8780488,1.0,0.5,0.7523171,0.3156252,1.0,1.0,0.041738,-
3,route_planner:RoutePlanner,"Zurich, Switzerland","Zurich, Switzerland",6,winter,8,balanced,0.25,0.25,0.25,0.25,77.6727156,0.8780488,1.0,0.5,0.7523171,0.3156252,1.0,1.0,0.044973,-
1,route_planner_greedy:RoutePlanner,"Zurich, Switzerland","Zurich, Switzerland",6,winter,8,nature_sport,0.4,0.1,0.2,0.3,65.1287654,0.4079457,1.0,0.5,0.556711,1.0,1.0,1.0,0.002573,-
2,route_planner_greedy_local:RoutePlanner,"Zurich, Switzerland","Zurich, Switzerland",6,winter,8,nature_sport,0.4,0.1,0.2,0.3,65.1287654,0.4079457,1.0,0.5,0.556711,1.0,1.0,1.0,0.061642,-
3,route_planner:RoutePlanner,"Zurich, Switzerland","Zurich, Switzerland",6,winter,8,nature_sport,0.4,0.1,0.2,0.3,65.1287654,0.4079457,1.0,0.5,0.556711,1.0,1.0,1.0,0.065195,-
1,route_planner_greedy:RoutePlanner,"Zurich, Switzerland","Zurich, Switzerland",6,winter,8,culture_food,0.1,0.4,0.3,0.2,70.6910083,0.6875,0.9791667,0.5,0.7523171,0.3156252,1.0,1.0,0.005632,-
2,route_planner_greedy_local:RoutePlanner,"Zurich, Switzerland","Zurich, Switzerland",6,winter,8,culture_food,0.1,0.4,0.3,0.2,70.6910083,0.6875,0.9791667,0.5,0.7523171,0.3156252,1.0,1.0,0.04483,-
3,route_planner:RoutePlanner,"Zurich, Switzerland","Zurich, Switzerland",6,winter,8,culture_food,0.1,0.4,0.3,0.2,70.6910083,0.6875,0.9791667,0.5,0.7523171,0.3156252,1.0,1.0,0.046705,-
1,route_planner_greedy:RoutePlanner,"Zurich, Switzerland","Zurich, Switzerland",6,winter,8,sport_culture,0.2,0.3,0.1,0.4,65.7936452,0.5020325,1.0,0.5,0.7426548,0.4582685,1.0,1.0,0.002364,-
2,route_planner_greedy_local:RoutePlanner,"Zurich, Switzerland","Zurich, Switzerland",6,winter,8,sport_culture,0.2,0.3,0.1,0.4,65.7936452,0.5020325,1.0,0.5,0.7426548,0.4582685,1.0,1.0,0.04401,-
3,route_planner:RoutePlanner,"Zurich, Switzerland","Zurich, Switzerland",6,winter,8,sport_culture,0.2,0.3,0.1,0.4,65.7936452,0.5020325,1.0,0.5,0.7426548,0.4582685,1.0,1.0,0.053702,-
1,route_planner_greedy:RoutePlanner,"Zurich, Switzerland","Zurich, Switzerland",6,winter,10,balanced,0.25,0.25,0.25,0.25,61.0156182,0.3396226,0.95,0.5,0.4919217,1.0,1.0,1.0,0.007543,-
2,route_planner_greedy_local:RoutePlanner,"Zurich, Switzerland","Zurich, Switzerland",6,winter,10,balanced,0.25,0.25,0.25,0.25,61.0156182,0.3396226,0.95,0.5,0.4919217,1.0,1.0,1.0,0.123788,-
3,route_planner:RoutePlanner,"Zurich, Switzerland","Zurich, Switzerland",6,winter,10,balanced,0.25,0.25,0.25,0.25,61.0156182,0.3396226,0.95,0.5,0.4919217,1.0,1.0,1.0,0.136254,-
1,route_planner_greedy:RoutePlanner,"Zurich, Switzerland","Zurich, Switzerland",6,winter,10,nature_sport,0.4,0.1,0.2,0.3,70.855677,0.6609477,0.9666667,0.5,0.7426548,0.4582685,1.0,1.0,0.008083,-
2,route_planner_greedy_local:RoutePlanner,"Zurich, Switzerland","Zurich, Switzerland",6,winter,10,nature_sport,0.4,0.1,0.2,0.3,70.855677,0.6609477,0.9666667,0.5,0.7426548,0.4582685,1.0,1.0,0.120356,-
3,route_planner:RoutePlanner,"Zurich, Switzerland","Zurich, Switzerland",6,winter,10,nature_sport,0.4,0.1,0.2,0.3,70.855677,0.6609477,0.9666667,0.5,0.7426548,0.4582685,1.0,1.0,0.098898,-
1,route_planner_greedy:RoutePlanner,"Zurich, Switzerland","Zurich, Switzerland",6,winter,10,culture_food,0.1,0.4,0.3,0.2,70.5400366,0.615566,0.95,0.5,0.483015,1.0,1.0,1.0,0.003064,-
2,route_planner_greedy_local:RoutePlanner,"Zurich, Switzerland","Zurich, Switzerland",6,winter,10,culture_food,0.1,0.4,0.3,0.2,70.5400366,0.615566,0.95,0.5,0.483015,1.0,1.0,1.0,0.05399,-
3,route_planner:RoutePlanner,"Zurich, Switzerland","Zurich, Switzerland",6,winter,10,culture_food,0.1,0.4,0.3,0.2,70.5400366,0.615566,0.95,0.5,0.483015,1.0,1.0,1.0,0.089483,-
1,route_planner_greedy:RoutePlanner,"Zurich, Switzerland","Zurich, Switzerland",6,winter,10,sport_culture,0.2,0.3,0.1,0.4,74.0609075,0.712963,0.85,0.5,0.7214384,0.8035628,1.0,1.0,0.006965,-
2,route_planner_greedy_local:RoutePlanner,"Zurich, Switzerland","Zurich, Switzerland",6,winter,10,sport_culture,0.2,0.3,0.1,0.4,74.0609075,0.712963,0.85,0.5,0.7214384,0.8035628,1.0,1.0,0.073756,-
3,route_planner:RoutePlanner,"Zurich, Switzerland","Zurich, Switzerland",6,winter,10,sport_culture,0.2,0.3,0.1,0.4,74.0609075,0.712963,0.85,0.5,0.7214384,0.8035628,1.0,1.0,0.057582,-
1,route_planner_greedy:RoutePlanner,"Lugano, Switzerland","Zurich, Switzerland",6,winter,6,balanced,0.25,0.25,0.25,0.25,79.2223312,0.72,0.9444444,1.0,0.7597806,0.4210937,0.8496039,1.0,0.00177,-
2,route_planner_greedy_local:RoutePlanner,"Lugano, Switzerland","Zurich, Switzerland",6,winter,6,balanced,0.25,0.25,0.25,0.25,87.5713526,0.8478261,0.9166667,1.0,0.7706058,1.0,0.5176704,1.0,0.088551,-
3,route_planner:RoutePlanner,"Lugano, Switzerland","Zurich, Switzerland",6,winter,6,balanced,0.25,0.25,0.25,0.25,83.2576047,0.8333333,0.9444444,1.0,0.7656305,0.4191794,0.8496039,1.0,0.081738,-
1,route_planner_greedy:RoutePlanner,"Lugano, Switzerland","Zurich, Switzerland",6,winter,6,nature_sport,0.4,0.1,0.2,0.3,78.6455453,0.639881,0.9444444,0.75,0.722203,1.0,1.0,1.0,0.001548,-
2,route_planner_greedy_local:RoutePlanner,"Lugano, Switzerland","Zurich, Switzerland",6,winter,6,nature_sport,0.4,0.1,0.2,0.3,84.8074043,0.8397436,0.8888889,0.75,0.722203,1.0,1.0,1.0,0.073675,-
3,route_planner:RoutePlanner,"Lugano, Switzerland","Zurich, Switzerland",6,winter,6,nature_sport,0.4,0.1,0.2,0.3,84.8074043,0.8397436,0.8888889,0.75,0.722203,1.0,1.0,1.0,0.062125,-
1,route_planner_greedy:RoutePlanner,"Lugano, Switzerland","Zurich, Switzerland",6,winter,6,culture_food,0.1,0.4,0.3,0.2,76.208748,0.5758929,0.9444444,0.75,0.7090554,1.0,1.0,1.0,0.001474,-
2,route_planner_greedy_local:RoutePlanner,"Lugano, Switzerland","Zurich, Switzerland",6,winter,6,culture_food,0.1,0.4,0.3,0.2,83.1879147,0.7752976,0.9444444,0.75,0.7090554,1.0,1.0,1.0,0.08487,-
3,route_planner:RoutePlanner,"Lugano, Switzerland","Zurich, Switzerland",6,winter,6,culture_food,0.1,0.4,0.3,0.2,83.1879147,0.7752976,0.9444444,0.75,0.7090554,1.0,1.0,1.0,0.106966,-
1,route_planner_greedy:RoutePlanner,"Lugano, Switzerland","Zurich, Switzerland",6,winter,6,sport_culture,0.2,0.3,0.1,0.4,79.5830453,0.6666667,0.9444444,0.75,0.722203,1.0,1.0,1.0,0.001506,-
2,route_planner_greedy_local:RoutePlanner,"Lugano, Switzerland","Zurich, Switzerland",6,winter,6,sport_culture,0.2,0.3,0.1,0.4,83.749712,0.7857143,0.9444444,0.75,0.722203,1.0,1.0,1.0,0.069333,-
3,route_planner:RoutePlanner,"Lugano, Switzerland","Zurich, Switzerland",6,winter,6,sport_culture,0.2,0.3,0.1,0.4,83.749712,0.7857143,0.9444444,0.75,0.722203,1.0,1.0,1.0,0.062575,-
1,route_planner_greedy:RoutePlanner,"Lugano, Switzerland","Zurich, Switzerland",6,winter,8,balanced,0.25,0.25,0.25,0.25,77.5187675,0.6,0.9791667,0.75,0.7094556,0.9939434,1.0,1.0,0.002026,-
2,route_planner_greedy_local:RoutePlanner,"Lugano, Switzerland","Zurich, Switzerland",6,winter,8,balanced,0.25,0.25,0.25,0.25,81.0187675,0.7,0.9791667,0.75,0.7094556,0.9939434,1.0,1.0,0.065349,-
3,route_planner:RoutePlanner,"Lugano, Switzerland","Zurich, Switzerland",6,winter,8,balanced,0.25,0.25,0.25,0.25,81.0187675,0.7,0.9791667,0.75,0.7094556,0.9939434,1.0,1.0,0.112369,-
1,route_planner_greedy:RoutePlanner,"Lugano, Switzerland","Zurich, Switzerland",6,winter,8,nature_sport,0.4,0.1,0.2,0.3,83.8581675,0.7916667,0.9583333,0.75,0.7016556,1.0,1.0,1.0,0.002231,-
2,route_planner_greedy_local:RoutePlanner,"Lugano, Switzerland","Zurich, Switzerland",6,winter,8,nature_sport,0.4,0.1,0.2,0.3,83.8581675,0.7916667,0.9583333,0.75,0.7016556,1.0,1.0,1.0,0.037939,-
3,route_planner:RoutePlanner,"Lugano, Switzerland","Zurich, Switzerland",6,winter,8,nature_sport,0.4,0.1,0.2,0.3,83.8581675,0.7916667,0.9583333,0.75,0.7016556,1.0,1.0,1.0,0.068224,-
1,route_planner_greedy:RoutePlanner,"Lugano, Switzerland","Zurich, Switzerland",6,winter,8,culture_food,0.1,0.4,0.3,0.2,77.6391943,0.5945122,1.0,0.75,0.7094556,0.9939434,1.0,1.0,0.002202,-
2,route_planner_greedy_local:RoutePlanner,"Lugano, Switzerland","Zurich, Switzerland",6,winter,8,culture_food,0.1,0.4,0.3,0.2,84.7479342,0.8511905,0.875,0.75,0.7094556,0.9939434,1.0,1.0,0.067901,-
3,route_planner:RoutePlanner,"Lugano, Switzerland","Zurich, Switzerland",6,winter,8,culture_food,0.1,0.4,0.3,0.2,84.7479342,0.8511905,0.875,0.75,0.7094556,0.9939434,1.0,1.0,0.081461,-
1,route_planner_greedy:RoutePlanner,"Lugano, Switzerland","Zurich, Switzerland",6,winter,8,sport_culture,0.2,0.3,0.1,0.4,79.4831675,0.6488095,1.0,0.75,0.7016556,1.0,1.0,1.0,0.002047,-
2,route_planner_greedy_local:RoutePlanner,"Lugano, Switzerland","Zurich, Switzerland",6,winter,8,sport_culture,0.2,0.3,0.1,0.4,86.2540009,0.8958333,0.875,0.75,0.7016556,1.0,1.0,1.0,0.096181,-
3,route_planner:RoutePlanner,"Lugano, Switzerland","Zurich, Switzerland",6,winter,8,sport_culture,0.2,0.3,0.1,0.4,86.2540009,0.8958333,0.875,0.75,0.7016556,1.0,1.0,1.0,0.113768,-
1,route_planner_greedy:RoutePlanner,"Lugano, Switzerland","Zurich, Switzerland",6,winter,10,balanced,0.25,0.25,0.25,0.25,80.3368228,0.8,0.8166667,1.0,0.7751911,0.4210937,0.8496039,1.0,0.00229,-
2,route_planner_greedy_local:RoutePlanner,"Lugano, Switzerland","Zurich, Switzerland",6,winter,10,balanced,0.25,0.25,0.25,0.25,84.749712,0.8333333,0.9,0.75,0.722203,1.0,1.0,1.0,0.105358,-
3,route_planner:RoutePlanner,"Lugano, Switzerland","Zurich, Switzerland",6,winter,10,balanced,0.25,0.25,0.25,0.25,84.749712,0.8333333,0.9,0.75,0.722203,1.0,1.0,1.0,0.100415,-
1,route_planner_greedy:RoutePlanner,"Lugano, Switzerland","Zurich, Switzerland",6,winter,10,nature_sport,0.4,0.1,0.2,0.3,80.5721757,0.7282609,0.8666667,0.75,0.722203,1.0,1.0,1.0,0.002394,-
2,route_planner_greedy_local:RoutePlanner,"Lugano, Switzerland","Zurich, Switzerland",6,winter,10,nature_sport,0.4,0.1,0.2,0.3,80.5721757,0.7282609,0.8666667,0.75,0.722203,1.0,1.0,1.0,0.060432,-
3,route_planner:RoutePlanner,"Lugano, Switzerland","Zurich, Switzerland",6,winter,10,nature_sport,0.4,0.1,0.2,0.3,80.5721757,0.7282609,0.8666667,0.75,0.722203,1.0,1.0,1.0,0.06393,-
1,route_planner_greedy:RoutePlanner,"Lugano, Switzerland","Zurich, Switzerland",6,winter,10,culture_food,0.1,0.4,0.3,0.2,77.5802772,0.625,0.95,0.75,0.7094556,0.9939434,0.9248019,1.0,0.002647,-
2,route_planner_greedy_local:RoutePlanner,"Lugano, Switzerland","Zurich, Switzerland",6,winter,10,culture_food,0.1,0.4,0.3,0.2,81.4562675,0.725,0.95,0.75,0.7094556,0.9939434,1.0,1.0,0.113004,-
3,route_planner:RoutePlanner,"Lugano, Switzerland","Zurich, Switzerland",6,winter,10,culture_food,0.1,0.4,0.3,0.2,81.4562675,0.725,0.95,0.75,0.7094556,0.9939434,1.0,1.0,0.064255,-
1,route_planner_greedy:RoutePlanner,"Lugano, Switzerland","Zurich, Switzerland",6,winter,10,sport_culture,0.2,0.3,0.1,0.4,80.9457164,0.7035256,0.9666667,0.75,0.7048213,1.0,1.0,1.0,0.002502,-
2,route_planner_greedy_local:RoutePlanner,"Lugano, Switzerland","Zurich, Switzerland",6,winter,10,sport_culture,0.2,0.3,0.1,0.4,80.9457164,0.7035256,0.9666667,0.75,0.7048213,1.0,1.0,1.0,0.055272,-
3,route_planner:RoutePlanner,"Lugano, Switzerland","Zurich, Switzerland",6,winter,10,sport_culture,0.2,0.3,0.1,0.4,80.9457164,0.7035256,0.9666667,0.75,0.7048213,1.0,1.0,1.0,0.103043,-
1,route_planner_greedy:RoutePlanner,"Geneva, Switzerland","Lucerne, Switzerland",6,winter,6,balanced,0.25,0.25,0.25,0.25,85.3040128,0.7142857,1.0,1.0,0.7370662,1.0,0.8496039,1.0,0.001683,-
2,route_planner_greedy_local:RoutePlanner,"Geneva, Switzerland","Lucerne, Switzerland",6,winter,6,balanced,0.25,0.25,0.25,0.25,86.3937564,0.7692308,0.9444444,1.0,0.7370662,1.0,0.8496039,1.0,0.059684,-
3,route_planner:RoutePlanner,"Geneva, Switzerland","Lucerne, Switzerland",6,winter,6,balanced,0.25,0.25,0.25,0.25,87.8668261,0.8846154,0.9722222,1.0,0.7580741,0.6702823,0.8496039,1.0,0.064857,-
1,route_planner_greedy:RoutePlanner,"Geneva, Switzerland","Lucerne, Switzerland",6,winter,6,nature_sport,0.4,0.1,0.2,0.3,60.4346775,0.4326923,0.9444444,0.75,0.6444301,0.0207329,1.0,1.0,0.001586,-
2,route_planner_greedy_local:RoutePlanner,"Geneva, Switzerland","Lucerne, Switzerland",6,winter,6,nature_sport,0.4,0.1,0.2,0.3,64.5091967,0.5729167,0.8888889,0.75,0.6444301,0.0207329,1.0,1.0,0.063506,-
3,route_planner:RoutePlanner,"Geneva, Switzerland","Lucerne, Switzerland",6,winter,6,nature_sport,0.4,0.1,0.2,0.3,71.3167683,0.492284,0.9166667,0.75,0.6308547,1.0,0.9248019,1.0,0.065091,-
1,route_planner_greedy:RoutePlanner,"Geneva, Switzerland","Lucerne, Switzerland",6,winter,6,culture_food,0.1,0.4,0.3,0.2,69.3079546,0.4468391,1.0,0.75,0.5963581,0.8473216,1.0,1.0,0.001564,-
2,route_planner_greedy_local:RoutePlanner,"Geneva, Switzerland","Lucerne, Switzerland",6,winter,6,culture_food,0.1,0.4,0.3,0.2,76.3481845,0.6479885,1.0,0.75,0.5963581,0.8473216,1.0,1.0,0.078892,-
3,route_planner:RoutePlanner,"Geneva, Switzerland","Lucerne, Switzerland",6,winter,6,culture_food,0.1,0.4,0.3,0.2,77.4583021,0.6479885,0.9722222,0.75,0.5963581,1.0,1.0,1.0,0.117861,-
1,route_planner_greedy:RoutePlanner,"Geneva, Switzerland","Lucerne, Switzerland",6,winter,6,sport_culture,0.2,0.3,0.1,0.4,80.8606475,0.6701389,0.8888889,1.0,0.6549622,1.0,0.8496039,1.0,0.001365,-
2,route_planner_greedy_local:RoutePlanner,"Geneva, Switzerland","Lucerne, Switzerland",6,winter,6,sport_culture,0.2,0.3,0.1,0.4,84.7961372,0.8421053,0.75,1.0,0.6549622,1.0,0.8496039,1.0,0.052783,-
3,route_planner:RoutePlanner,"Geneva, Switzerland","Lucerne, Switzerland",6,winter,6,sport_culture,0.2,0.3,0.1,0.4,84.7961372,0.8421053,0.75,1.0,0.6549622,1.0,0.8496039,1.0,0.087071,-
1,route_planner_greedy:RoutePlanner,"Geneva, Switzerland","Lucerne, Switzerland",6,winter,8,balanced,0.25,0.25,0.25,0.25,72.9533282,0.4651163,1.0,0.75,0.6949506,1.0,1.0,1.0,0.002094,-
2,route_planner_greedy_local:RoutePlanner,"Geneva, Switzerland","Lucerne, Switzerland",6,winter,8,balanced,0.25,0.25,0.25,0.25,83.6534251,0.8333333,0.8541667,0.75,0.6949506,1.0,1.0,1.0,0.128535,-
3,route_planner:RoutePlanner,"Geneva, Switzerland","Lucerne, Switzerland",6,winter,8,balanced,0.25,0.25,0.25,0.25,89.0236023,0.9375,0.8125,1.0,0.665462,1.0,0.8083343,1.0,0.184496,-
1,route_planner_greedy:RoutePlanner,"Geneva, Switzerland","Lucerne, Switzerland",6,winter,8,nature_sport,0.4,0.1,0.2,0.3,71.0321952,0.4404762,1.0,0.75,0.6243686,1.0,1.0,1.0,0.002195,-
2,route_planner_greedy_local:RoutePlanner,"Geneva, Switzerland","Lucerne, Switzerland",6,winter,8,nature_sport,0.4,0.1,0.2,0.3,71.9696952,0.5208333,0.875,0.75,0.6243686,1.0,1.0,1.0,0.085249,-
3,route_planner:RoutePlanner,"Geneva, Switzerland","Lucerne, Switzerland",6,winter,8,nature_sport,0.4,0.1,0.2,0.3,73.0259966,0.5260417,0.9583333,0.75,0.6243686,1.0,0.9248019,1.0,0.08915,-
1,route_planner_greedy:RoutePlanner,"Geneva, Switzerland","Lucerne, Switzerland",6,winter,8,culture_food,0.1,0.4,0.3,0.2,75.8933063,0.5793651,1.0,0.75,0.6243686,1.0,1.0,1.0,0.001955,-
2,route_planner_greedy_local:RoutePlanner,"Geneva, Switzerland","Lucerne, Switzerland",6,winter,8,culture_food,0.1,0.4,0.3,0.2,77.7683063,0.6329365,1.0,0.75,0.6243686,1.0,1.0,1.0,0.097933,-
3,route_planner:RoutePlanner,"Geneva, Switzerland","Lucerne, Switzerland",6,winter,8,culture_food,0.1,0.4,0.3,0.2,79.8482094,0.7477477,0.8958333,0.75,0.6243686,1.0,0.9248019,1.0,0.112604,-
1,route_planner_greedy:RoutePlanner,"Geneva, Switzerland","Lucerne, Switzerland",6,winter,8,sport_culture,0.2,0.3,0.1,0.4,79.7645363,0.6686508,0.9791667,0.75,0.6949506,1.0,1.0,1.0,0.002328,-
2,route_planner_greedy_local:RoutePlanner,"Geneva, Switzerland","Lucerne, Switzerland",6,winter,8,sport_culture,0.2,0.3,0.1,0.4,82.945626,0.7863248,0.9166667,0.75,0.6949506,1.0,1.0,1.0,0.083041,-
3,route_planner:RoutePlanner,"Geneva, Switzerland","Lucerne, Switzerland",6,winter,8,sport_culture,0.2,0.3,0.1,0.4,82.945626,0.7863248,0.9166667,0.75,0.6949506,1.0,1.0,1.0,0.061649,-
1,route_planner_greedy:RoutePlanner,"Geneva, Switzerland","Lucerne, Switzerland",6,winter,10,balanced,0.25,0.25,0.25,0.25,87.169827,0.8636364,0.85,1.0,0.662969,1.0,0.8496039,1.0,0.002244,-
2,route_planner_greedy_local:RoutePlanner,"Geneva, Switzerland","Lucerne, Switzerland",6,winter,10,balanced,0.25,0.25,0.25,0.25,87.169827,0.8636364,0.85,1.0,0.662969,1.0,0.8496039,1.0,0.027837,-
3,route_planner:RoutePlanner,"Geneva, Switzerland","Lucerne, Switzerland",6,winter,10,balanced,0.25,0.25,0.25,0.25,87.169827,0.8636364,0.85,1.0,0.662969,1.0,0.8496039,1.0,0.139426,-
1,route_planner_greedy:RoutePlanner,"Geneva, Switzerland","Lucerne, Switzerland",6,winter,10,nature_sport,0.4,0.1,0.2,0.3,73.7298201,0.5120192,0.9833333,0.75,0.6576881,0.9943825,1.0,1.0,0.002417,-
2,route_planner_greedy_local:RoutePlanner,"Geneva, Switzerland","Lucerne, Switzerland",6,winter,10,nature_sport,0.4,0.1,0.2,0.3,76.2538585,0.5841346,0.9833333,0.75,0.6576881,0.9943825,1.0,1.0,0.105335,-
3,route_planner:RoutePlanner,"Geneva, Switzerland","Lucerne, Switzerland",6,winter,10,nature_sport,0.4,0.1,0.2,0.3,87.6475106,0.8375,0.9833333,1.0,0.6390333,0.9957839,0.8083343,1.0,0.2273,-
1,route_planner_greedy:RoutePlanner,"Geneva, Switzerland","Lucerne, Switzerland",6,winter,10,culture_food,0.1,0.4,0.3,0.2,74.8235701,0.5432692,0.9833333,0.75,0.6576881,0.9943825,1.0,1.0,0.002532,-
2,route_planner_greedy_local:RoutePlanner,"Geneva, Switzerland","Lucerne, Switzerland",6,winter,10,culture_food,0.1,0.4,0.3,0.2,74.8235701,0.5432692,0.9833333,0.75,0.6576881,0.9943825,1.0,1.0,0.05408,-
3,route_planner:RoutePlanner,"Geneva, Switzerland","Lucerne, Switzerland",6,winter,10,culture_food,0.1,0.4,0.3,0.2,76.00329,0.5833333,0.9833333,0.75,0.6641742,1.0,0.9248019,1.0,0.111558,-
1,route_planner_greedy:RoutePlanner,"Geneva, Switzerland","Lucerne, Switzerland",6,winter,10,sport_culture,0.2,0.3,0.1,0.4,74.7258136,0.5833333,0.8833333,0.75,0.6576881,0.9943825,1.0,1.0,0.002623,-
2,route_planner_greedy_local:RoutePlanner,"Geneva, Switzerland","Lucerne, Switzerland",6,winter,10,sport_culture,0.2,0.3,0.1,0.4,74.7258136,0.5833333,0.8833333,0.75,0.6576881,0.9943825,1.0,1.0,0.051083,-
3,route_planner:RoutePlanner,"Geneva, Switzerland","Lucerne, Switzerland",6,winter,10,sport_culture,0.2,0.3,0.1,0.4,74.7258136,0.5833333,0.8833333,0.75,0.6576881,0.9943825,1.0,1.0,0.11903,-
1,route_planner_greedy:RoutePlanner,"Bern, Switzerland","Zermatt, Switzerland",6,winter,6,balanced,0.25,0.25,0.25,0.25,75.9966323,0.64,0.8333333,0.75,0.6815082,1.0,0.9248019,1.0,0.001945,-
2,route_planner_greedy_local:RoutePlanner,"Bern, Switzerland","Zermatt, Switzerland",6,winter,6,balanced,0.25,0.25,0.25,0.25,83.6966323,0.86,0.8333333,0.75,0.6815082,1.0,0.9248019,1.0,0.06555,-
3,route_planner:RoutePlanner,"Bern, Switzerland","Zermatt, Switzerland",6,winter,6,balanced,0.25,0.25,0.25,0.25,87.0019436,0.94,0.8611111,0.75,0.6874178,1.0,0.9248019,1.0,0.110598,-
1,route_planner_greedy:RoutePlanner,"Bern, Switzerland","Zermatt, Switzerland",6,winter,6,nature_sport,0.4,0.1,0.2,0.3,73.4248973,0.5833333,0.8333333,0.75,0.6172154,1.0,1.0,1.0,0.00166,-
2,route_planner_greedy_local:RoutePlanner,"Bern, Switzerland","Zermatt, Switzerland",6,winter,6,nature_sport,0.4,0.1,0.2,0.3,77.0707307,0.6875,0.8333333,0.75,0.6172154,1.0,1.0,1.0,0.056951,-
3,route_planner:RoutePlanner,"Bern, Switzerland","Zermatt, Switzerland",6,winter,6,nature_sport,0.4,0.1,0.2,0.3,78.3256172,0.6493056,0.8611111,1.0,0.5761056,1.0,0.8083343,1.0,0.070181,-
1,route_planner_greedy:RoutePlanner,"Bern, Switzerland","Zermatt, Switzerland",6,winter,6,culture_food,0.1,0.4,0.3,0.2,80.1247323,0.8532609,0.8333333,0.75,0.6041207,0.7448791,1.0,1.0,0.002914,-
2,route_planner_greedy_local:RoutePlanner,"Bern, Switzerland","Zermatt, Switzerland",6,winter,6,culture_food,0.1,0.4,0.3,0.2,80.1247323,0.8532609,0.8333333,0.75,0.6041207,0.7448791,1.0,1.0,0.030328,-
3,route_planner:RoutePlanner,"Bern, Switzerland","Zermatt, Switzerland",6,winter,6,culture_food,0.1,0.4,0.3,0.2,81.8426078,0.8532609,0.7777778,0.75,0.6041207,1.0,1.0,1.0,0.100537,-
1,route_planner_greedy:RoutePlanner,"Bern, Switzerland","Zermatt, Switzerland",6,winter,6,sport_culture,0.2,0.3,0.1,0.4,66.1358979,0.5833333,0.8333333,0.75,0.7933039,0.0069673,1.0,1.0,0.001706,-
2,route_planner_greedy_local:RoutePlanner,"Bern, Switzerland","Zermatt, Switzerland",6,winter,6,sport_culture,0.2,0.3,0.1,0.4,68.1245343,0.6401515,0.8333333,0.75,0.7933039,0.0069673,1.0,1.0,0.050754,-
3,route_planner:RoutePlanner,"Bern, Switzerland","Zermatt, Switzerland",6,winter,6,sport_culture,0.2,0.3,0.1,0.4,68.8427263,0.514881,0.8888889,0.5,0.6797929,1.0,1.0,0.9583333,0.07725,-
1,route_planner_greedy:RoutePlanner,"Bern, Switzerland","Zermatt, Switzerland",6,winter,8,balanced,0.25,0.25,0.25,0.25,65.5728052,0.5365854,1.0,0.75,0.7025871,0.0003511,1.0,1.0,0.002353,-
2,route_planner_greedy_local:RoutePlanner,"Bern, Switzerland","Zermatt, Switzerland",6,winter,8,balanced,0.25,0.25,0.25,0.25,75.5801962,0.8939394,0.8333333,0.75,0.7025871,0.0003511,1.0,1.0,0.140501,-
3,route_planner:RoutePlanner,"Bern, Switzerland","Zermatt, Switzerland",6,winter,8,balanced,0.25,0.25,0.25,0.25,76.5946643,0.6976744,0.9791667,0.5,0.6797929,1.0,1.0,0.9583333,0.088827,-
1,route_planner_greedy:RoutePlanner,"Bern, Switzerland","Zermatt, Switzerland",6,winter,8,nature_sport,0.4,0.1,0.2,0.3,65.3668089,0.5347222,0.9375,0.75,0.7558687,0.0001,1.0,1.0,0.002423,-
2,route_planner_greedy_local:RoutePlanner,"Bern, Switzerland","Zermatt, Switzerland",6,winter,8,nature_sport,0.4,0.1,0.2,0.3,72.4848644,0.7916667,0.8125,0.75,0.7558687,0.0001,1.0,1.0,0.135461,-
3,route_planner:RoutePlanner,"Bern, Switzerland","Zermatt, Switzerland",6,winter,8,nature_sport,0.4,0.1,0.2,0.3,72.730688,0.7916667,0.8125,0.75,0.7558687,0.0246824,1.0,1.0,0.16158,-
1,route_planner_greedy:RoutePlanner,"Bern, Switzerland","Zermatt, Switzerland",6,winter,8,culture_food,0.1,0.4,0.3,0.2,62.3678897,0.4412393,0.9583333,0.75,0.6874178,0.0988246,1.0,1.0,0.002376,-
2,route_planner_greedy_local:RoutePlanner,"Bern, Switzerland","Zermatt, Switzerland",6,winter,8,culture_food,0.1,0.4,0.3,0.2,67.9661803,0.6369048,0.875,0.75,0.6874178,0.0988246,1.0,1.0,0.068682,-
3,route_planner:RoutePlanner,"Bern, Switzerland","Zermatt, Switzerland",6,winter,8,culture_food,0.1,0.4,0.3,0.2,81.5428219,0.7691441,0.8958333,0.75,0.6874178,1.0,0.9248019,1.0,0.12581,-
1,route_planner_greedy:RoutePlanner,"Bern, Switzerland","Zermatt, Switzerland",6,winter,8,sport_culture,0.2,0.3,0.1,0.4,68.8215918,0.6283784,0.9583333,0.75,0.7468232,0.0001,1.0,1.0,0.002408,-
2,route_planner_greedy_local:RoutePlanner,"Bern, Switzerland","Zermatt, Switzerland",6,winter,8,sport_culture,0.2,0.3,0.1,0.4,68.8215918,0.6283784,0.9583333,0.75,0.7468232,0.0001,1.0,1.0,0.04751,-
3,route_planner:RoutePlanner,"Bern, Switzerland","Zermatt, Switzerland",6,winter,8,sport_culture,0.2,0.3,0.1,0.4,81.2780737,0.8095238,0.8541667,0.75,0.6172154,1.0,0.9248019,1.0,0.126224,-
1,route_planner_greedy:RoutePlanner,"Bern, Switzerland","Zermatt, Switzerland",6,winter,10,balanced,0.25,0.25,0.25,0.25,71.3791568,0.5909091,0.95,1.0,0.8127472,0.0008111,0.8496039,1.0,0.00214,-
2,route_planner_greedy_local:RoutePlanner,"Bern, Switzerland","Zermatt, Switzerland",6,winter,10,balanced,0.25,0.25,0.25,0.25,76.8239877,0.7608696,0.9333333,1.0,0.7271506,0.1038274,0.8496039,1.0,0.056931,-
3,route_planner:RoutePlanner,"Bern, Switzerland","Zermatt, Switzerland",6,winter,10,balanced,0.25,0.25,0.25,0.25,76.8239877,0.7608696,0.9333333,1.0,0.7271506,0.1038274,0.8496039,1.0,0.108329,-
1,route_planner_greedy:RoutePlanner,"Bern, Switzerland","Zermatt, Switzerland",6,winter,10,nature_sport,0.4,0.1,0.2,0.3,68.7701689,0.6282051,0.8,1.0,0.7016647,0.001,0.8496039,1.0,0.002586,-
2,route_planner_greedy_local:RoutePlanner,"Bern, Switzerland","Zermatt, Switzerland",6,winter,10,nature_sport,0.4,0.1,0.2,0.3,78.8896869,0.9268293,0.8666667,1.0,0.7215,0.0039811,0.5176704,1.0,0.144991,-
3,route_planner:RoutePlanner,"Bern, Switzerland","Zermatt, Switzerland",6,winter,10,nature_sport,0.4,0.1,0.2,0.3,81.6119738,0.8633721,0.7833333,0.75,0.5846627,1.0,0.9248019,1.0,0.207212,-
1,route_planner_greedy:RoutePlanner,"Bern, Switzerland","Zermatt, Switzerland",6,winter,10,culture_food,0.1,0.4,0.3,0.2,61.9258167,0.4444444,0.9333333,0.75,0.7412841,0.0001,1.0,1.0,0.002386,-
2,route_planner_greedy_local:RoutePlanner,"Bern, Switzerland","Zermatt, Switzerland",6,winter,10,culture_food,0.1,0.4,0.3,0.2,71.0899581,0.7348485,0.8666667,0.75,0.7412841,0.0001,1.0,1.0,0.147359,-
3,route_planner:RoutePlanner,"Bern, Switzerland","Zermatt, Switzerland",6,winter,10,culture_food,0.1,0.4,0.3,0.2,78.4491498,0.8658537,0.85,1.0,0.7561733,0.001,0.8083343,1.0,0.177977,-
1,route_planner_greedy:RoutePlanner,"Bern, Switzerland","Zermatt, Switzerland",6,winter,10,sport_culture,0.2,0.3,0.1,0.4,76.7463528,0.7101449,0.9,0.75,0.6489555,0.7406948,1.0,1.0,0.002497,-
2,route_planner_greedy_local:RoutePlanner,"Bern, Switzerland","Zermatt, Switzerland",6,winter,10,sport_culture,0.2,0.3,0.1,0.4,76.7463528,0.7101449,0.9,0.75,0.6489555,0.7406948,1.0,1.0,0.050011,-
3,route_planner:RoutePlanner,"Bern, Switzerland","Zermatt, Switzerland",6,winter,10,sport_culture,0.2,0.3,0.1,0.4,82.7055448,0.8731884,0.8333333,0.75,0.5846627,1.0,0.9248019,1.0,0.196589,-
1,route_planner_greedy:RoutePlanner,"St. Moritz, Switzerland","St. Moritz, Switzerland",6,winter,6,balanced,0.25,0.25,0.25,0.25,75.0832678,0.8333333,0.9722222,0.75,0.7218079,0.000813,0.8496039,1.0,0.001663,-
2,route_planner_greedy_local:RoutePlanner,"St. Moritz, Switzerland","St. Moritz, Switzerland",6,winter,6,balanced,0.25,0.25,0.25,0.25,75.0832678,0.8333333,0.9722222,0.75,0.7218079,0.000813,0.8496039,1.0,0.05757,-
3,route_planner:RoutePlanner,"St. Moritz, Switzerland","St. Moritz, Switzerland",6,winter,6,balanced,0.25,0.25,0.25,0.25,75.0832678,0.8333333,0.9722222,0.75,0.7218079,0.000813,0.8496039,1.0,0.05712,-
1,route_planner_greedy:RoutePlanner,"St. Moritz, Switzerland","St. Moritz, Switzerland",6,winter,6,nature_sport,0.4,0.1,0.2,0.3,75.736156,0.8784722,0.9722222,0.5,0.8854857,0.0,0.9248019,1.0,0.001539,-
2,route_planner_greedy_local:RoutePlanner,"St. Moritz, Switzerland","St. Moritz, Switzerland",6,winter,6,nature_sport,0.4,0.1,0.2,0.3,67.8713129,0.7222222,0.8888889,0.5,0.668507,0.2108588,0.9248019,1.0,0.040382,-
3,route_planner:RoutePlanner,"St. Moritz, Switzerland","St. Moritz, Switzerland",6,winter,6,nature_sport,0.4,0.1,0.2,0.3,67.8713129,0.7222222,0.8888889,0.5,0.668507,0.2108588,0.9248019,1.0,0.043851,-
1,route_planner_greedy:RoutePlanner,"St. Moritz, Switzerland","St. Moritz, Switzerland",6,winter,6,culture_food,0.1,0.4,0.3,0.2,60.5796462,0.5138889,0.8888889,0.5,0.668507,0.2108588,0.9248019,1.0,0.001537,-
2,route_planner_greedy_local:RoutePlanner,"St. Moritz, Switzerland","St. Moritz, Switzerland",6,winter,6,culture_food,0.1,0.4,0.3,0.2,60.5796462,0.5138889,0.8888889,0.5,0.668507,0.2108588,0.9248019,1.0,0.032984,-
3,route_planner:RoutePlanner,"St. Moritz, Switzerland","St. Moritz, Switzerland",6,winter,6,culture_food,0.1,0.4,0.3,0.2,60.5796462,0.5138889,0.8888889,0.5,0.668507,0.2108588,0.9248019,1.0,0.034655,-
1,route_planner_greedy:RoutePlanner,"St. Moritz, Switzerland","St. Moritz, Switzerland",6,winter,6,sport_culture,0.2,0.3,0.1,0.4,68.2473032,0.7222222,0.8888889,0.5,0.668507,0.2108588,1.0,1.0,0.001441,-
2,route_planner_greedy_local:RoutePlanner,"St. Moritz, Switzerland","St. Moritz, Switzerland",6,winter,6,sport_culture,0.2,0.3,0.1,0.4,60.5796462,0.5138889,0.8888889,0.5,0.668507,0.2108588,0.9248019,1.0,0.04102,-
3,route_planner:RoutePlanner,"St. Moritz, Switzerland","St. Moritz, Switzerland",6,winter,6,sport_culture,0.2,0.3,0.1,0.4,60.5796462,0.5138889,0.8888889,0.5,0.668507,0.2108588,0.9248019,1.0,0.042889,-
1,route_planner_greedy:RoutePlanner,"St. Moritz, Switzerland","St. Moritz, Switzerland",6,winter,8,balanced,0.25,0.25,0.25,0.25,63.2045162,0.5641026,0.9791667,0.5,0.6749643,0.1733285,0.9248019,0.9583333,0.001964,-
2,route_planner_greedy_local:RoutePlanner,"St. Moritz, Switzerland","St. Moritz, Switzerland",6,winter,8,balanced,0.25,0.25,0.25,0.25,63.2045162,0.5641026,0.9791667,0.5,0.6749643,0.1733285,0.9248019,0.9583333,0.034587,-
3,route_planner:RoutePlanner,"St. Moritz, Switzerland","St. Moritz, Switzerland",6,winter,8,balanced,0.25,0.25,0.25,0.25,63.2045162,0.5641026,0.9791667,0.5,0.6749643,0.1733285,0.9248019,0.9583333,0.036866,-
1,route_planner_greedy:RoutePlanner,"St. Moritz, Switzerland","St. Moritz, Switzerland",6,winter,8,nature_sport,0.4,0.1,0.2,0.3,53.3187544,0.2649573,0.9791667,0.5,0.6749643,0.1733285,1.0,1.0,0.002821,-
2,route_planner_greedy_local:RoutePlanner,"St. Moritz, Switzerland","St. Moritz, Switzerland",6,winter,8,nature_sport,0.4,0.1,0.2,0.3,59.2163421,0.4451754,0.9583333,0.5,0.668507,0.2108588,0.9248019,1.0,0.04012,-
3,route_planner:RoutePlanner,"St. Moritz, Switzerland","St. Moritz, Switzerland",6,winter,8,nature_sport,0.4,0.1,0.2,0.3,59.2163421,0.4451754,0.9583333,0.5,0.668507,0.2108588,0.9248019,1.0,0.04211,-
1,route_planner_greedy:RoutePlanner,"St. Moritz, Switzerland","St. Moritz, Switzerland",6,winter,8,culture_food,0.1,0.4,0.3,0.2,65.7803651,0.6052632,0.9583333,0.5,0.6668805,0.2717947,1.0,1.0,0.002196,-
2,route_planner_greedy_local:RoutePlanner,"St. Moritz, Switzerland","St. Moritz, Switzerland",6,winter,8,culture_food,0.1,0.4,0.3,0.2,57.5966528,0.4342105,0.9583333,0.5,0.684887,0.062697,0.9248019,1.0,0.040375,-
3,route_planner:RoutePlanner,"St. Moritz, Switzerland","St. Moritz, Switzerland",6,winter,8,culture_food,0.1,0.4,0.3,0.2,57.5966528,0.4342105,0.9583333,0.5,0.684887,0.062697,0.9248019,1.0,0.042583,-
1,route_planner_greedy:RoutePlanner,"St. Moritz, Switzerland","St. Moritz, Switzerland",6,winter,8,sport_culture,0.2,0.3,0.1,0.4,67.6289636,0.7105263,0.9583333,0.5,0.6913444,0.0515377,1.0,1.0,0.002089,-
2,route_planner_greedy_local:RoutePlanner,"St. Moritz, Switzerland","St. Moritz, Switzerland",6,winter,8,sport_culture,0.2,0.3,0.1,0.4,69.8084474,0.747807,0.9583333,0.5,0.668507,0.2108588,0.9248019,1.0,0.033831,-
3,route_planner:RoutePlanner,"St. Moritz, Switzerland","St. Moritz, Switzerland",6,winter,8,sport_culture,0.2,0.3,0.1,0.4,69.8084474,0.747807,0.9583333,0.5,0.668507,0.2108588,0.9248019,1.0,0.036205,-
1,route_planner_greedy:RoutePlanner,"St. Moritz, Switzerland","St. Moritz, Switzerland",6,winter,10,balanced,0.25,0.25,0.25,0.25,64.5270087,0.6111111,0.7833333,0.75,0.7254647,0.000813,0.8496039,1.0,0.002094,-
2,route_planner_greedy_local:RoutePlanner,"St. Moritz, Switzerland","St. Moritz, Switzerland",6,winter,10,balanced,0.25,0.25,0.25,0.25,64.5270087,0.6111111,0.7833333,0.75,0.7254647,0.000813,0.8496039,1.0,0.052365,-
3,route_planner:RoutePlanner,"St. Moritz, Switzerland","St. Moritz, Switzerland",6,winter,10,balanced,0.25,0.25,0.25,0.25,64.5270087,0.6111111,0.7833333,0.75,0.7254647,0.000813,0.8496039,1.0,0.068186,-
1,route_planner_greedy:RoutePlanner,"St. Moritz, Switzerland","St. Moritz, Switzerland",6,winter,10,nature_sport,0.4,0.1,0.2,0.3,63.8705671,0.578125,0.9333333,0.5,0.668507,0.2108588,1.0,1.0,0.002543,-
2,route_planner_greedy_local:RoutePlanner,"St. Moritz, Switzerland","St. Moritz, Switzerland",6,winter,10,nature_sport,0.4,0.1,0.2,0.3,63.8705671,0.578125,0.9333333,0.5,0.668507,0.2108588,1.0,1.0,0.073581,-
3,route_planner:RoutePlanner,"St. Moritz, Switzerland","St. Moritz, Switzerland",6,winter,10,nature_sport,0.4,0.1,0.2,0.3,63.8705671,0.578125,0.9333333,0.5,0.668507,0.2108588,1.0,1.0,0.076883,-
1,route_planner_greedy:RoutePlanner,"St. Moritz, Switzerland","St. Moritz, Switzerland",6,winter,10,culture_food,0.1,0.4,0.3,0.2,68.7975496,0.7168367,0.95,0.5,0.6733379,0.2234186,0.9248019,1.0,0.002548,-
2,route_planner_greedy_local:RoutePlanner,"St. Moritz, Switzerland","St. Moritz, Switzerland",6,winter,10,culture_food,0.1,0.4,0.3,0.2,66.9962059,0.6614583,0.9333333,0.5,0.6668805,0.2717947,0.9248019,1.0,0.070856,-
3,route_planner:RoutePlanner,"St. Moritz, Switzerland","St. Moritz, Switzerland",6,winter,10,culture_food,0.1,0.4,0.3,0.2,66.9962059,0.6614583,0.9333333,0.5,0.6668805,0.2717947,0.9248019,1.0,0.07656,-
1,route_planner_greedy:RoutePlanner,"St. Moritz, Switzerland","St. Moritz, Switzerland",6,winter,10,sport_culture,0.2,0.3,0.1,0.4,67.3572066,0.692029,0.9,0.5,0.668507,0.2108588,1.0,1.0,0.00295,-
2,route_planner_greedy_local:RoutePlanner,"St. Moritz, Switzerland","St. Moritz, Switzerland",6,winter,10,sport_culture,0.2,0.3,0.1,0.4,67.3572066,0.692029,0.9,0.5,0.668507,0.2108588,1.0,1.0,0.055388,-
3,route_planner:RoutePlanner,"St. Moritz, Switzerland","St. Moritz, Switzerland",6,winter,10,sport_culture,0.2,0.3,0.1,0.4,67.3572066,0.692029,0.9,0.5,0.668507,0.2108588,1.0,1.0,0.055152,-
1,route_planner_greedy:RoutePlanner,"Interlaken, Switzerland","St. Moritz, Switzerland",9,summer,6,balanced,0.25,0.25,0.25,0.25,72.9932304,0.7692308,0.9259259,0.6666667,0.8114187,0.0009984,1.0,1.0,0.003556,-
2,route_planner_greedy_local:RoutePlanner,"Interlaken, Switzerland","St. Moritz, Switzerland",9,summer,6,balanced,0.25,0.25,0.25,0.25,75.2660599,0.8421053,0.9074074,0.6666667,0.8114187,0.0009984,1.0,1.0,0.208185,-
3,route_planner:RoutePlanner,"Interlaken, Switzerland","St. Moritz, Switzerland",9,summer,6,balanced,0.25,0.25,0.25,0.25,85.3572876,0.9285714,0.9259259,0.6666667,0.7497653,0.8111468,0.949868,0.9722222,0.448648,-
1,route_planner_greedy:RoutePlanner,"Interlaken, Switzerland","St. Moritz, Switzerland",9,summer,6,nature_sport,0.4,0.1,0.2,0.3,73.6147004,0.7105263,0.962963,0.8333333,0.8008456,0.0039811,0.949868,1.0,0.003534,-
2,route_planner_greedy_local:RoutePlanner,"Interlaken, Switzerland","St. Moritz, Switzerland",9,summer,6,nature_sport,0.4,0.1,0.2,0.3,73.6147004,0.7105263,0.962963,0.8333333,0.8008456,0.0039811,0.949868,1.0,0.068509,-
3,route_planner:RoutePlanner,"Interlaken, Switzerland","St. Moritz, Switzerland",9,summer,6,nature_sport,0.4,0.1,0.2,0.3,83.8650395,0.874031,0.9444444,0.6666667,0.7497653,0.8111468,0.949868,1.0,0.403817,-
1,route_planner_greedy:RoutePlanner,"Interlaken, Switzerland","St. Moritz, Switzerland",9,summer,6,culture_food,0.1,0.4,0.3,0.2,73.8755454,0.7002033,1.0,0.8333333,0.8052854,0.0039811,0.949868,1.0,0.004546,-
2,route_planner_greedy_local:RoutePlanner,"Interlaken, Switzerland","St. Moritz, Switzerland",9,summer,6,culture_food,0.1,0.4,0.3,0.2,83.4080657,0.972561,1.0,0.8333333,0.8052854,0.0039811,0.949868,1.0,0.287938,-
3,route_planner:RoutePlanner,"Interlaken, Switzerland","St. Moritz, Switzerland",9,summer,6,culture_food,0.1,0.4,0.3,0.2,86.241892,0.9369919,0.9074074,0.6666667,0.7983505,0.8111468,0.949868,1.0,0.542885,-
1,route_planner_greedy:RoutePlanner,"Interlaken, Switzerland","St. Moritz, Switzerland",9,summer,6,sport_culture,0.2,0.3,0.1,0.4,78.6882133,0.8541667,0.9814815,0.8333333,0.7854005,0.0039811,0.949868,1.0,0.003741,-
2,route_planner_greedy_local:RoutePlanner,"Interlaken, Switzerland","St. Moritz, Switzerland",9,summer,6,sport_culture,0.2,0.3,0.1,0.4,78.6882133,0.8541667,0.9814815,0.8333333,0.7854005,0.0039811,0.949868,1.0,0.059628,-
3,route_planner:RoutePlanner,"Interlaken, Switzerland","St. Moritz, Switzerland",9,summer,6,sport_culture,0.2,0.3,0.1,0.4,79.8201694,0.9365079,1.0,0.6666667,0.8114187,0.001,1.0,0.9722222,0.154825,-
1,route_planner_greedy:RoutePlanner,"Interlaken, Switzerland","St. Moritz, Switzerland",9,summer,8,balanced,0.25,0.25,0.25,0.25,81.1057197,0.9067797,1.0,0.8333333,0.8052854,0.0039811,0.949868,1.0,0.005165,-
2,route_planner_greedy_local:RoutePlanner,"Interlaken, Switzerland","St. Moritz, Switzerland",9,summer,8,balanced,0.25,0.25,0.25,0.25,81.7463051,0.9310345,0.9861111,0.8333333,0.8052854,0.0039811,0.949868,1.0,0.180435,-
3,route_planner:RoutePlanner,"Interlaken, Switzerland","St. Moritz, Switzerland",9,summer,8,balanced,0.25,0.25,0.25,0.25,85.4332147,0.9354839,0.9722222,0.6666667,0.743235,0.7348969,0.949868,0.9722222,0.417635,-
1,route_planner_greedy:RoutePlanner,"Interlaken, Switzerland","St. Moritz, Switzerland",9,summer,8,nature_sport,0.4,0.1,0.2,0.3,76.2969715,0.7638889,0.9861111,0.8333333,0.685314,0.2240144,0.949868,1.0,0.005141,-
2,route_planner_greedy_local:RoutePlanner,"Interlaken, Switzerland","St. Moritz, Switzerland",9,summer,8,nature_sport,0.4,0.1,0.2,0.3,76.4358604,0.7916667,0.9305556,0.8333333,0.685314,0.2240144,0.949868,1.0,0.188505,-
3,route_planner:RoutePlanner,"Interlaken, Switzerland","St. Moritz, Switzerland",9,summer,8,nature_sport,0.4,0.1,0.2,0.3,87.9046942,0.9637097,0.9722222,0.6666667,0.7820476,0.8111468,0.949868,1.0,0.56668,-
1,route_planner_greedy:RoutePlanner,"Interlaken, Switzerland","St. Moritz, Switzerland",9,summer,8,culture_food,0.1,0.4,0.3,0.2,72.6812688,0.6805556,0.9861111,0.8333333,0.7854005,0.0039811,0.949868,1.0,0.004748,-
2,route_planner_greedy_local:RoutePlanner,"Interlaken, Switzerland","St. Moritz, Switzerland",9,summer,8,culture_food,0.1,0.4,0.3,0.2,79.9112071,0.9228395,0.9027778,0.8333333,0.7854005,0.0039811,0.949868,1.0,0.283132,-
3,route_planner:RoutePlanner,"Interlaken, Switzerland","St. Moritz, Switzerland",9,summer,8,culture_food,0.1,0.4,0.3,0.2,84.9956999,0.9027778,0.9444444,0.6666667,0.7580669,0.8111468,0.949868,1.0,0.525618,-
1,route_planner_greedy:RoutePlanner,"Interlaken, Switzerland","St. Moritz, Switzerland",9,summer,8,sport_culture,0.2,0.3,0.1,0.4,67.1156067,0.5070621,1.0,0.8333333,0.8052854,0.0039811,0.949868,1.0,0.004707,-
2,route_planner_greedy_local:RoutePlanner,"Interlaken, Switzerland","St. Moritz, Switzerland",9,summer,8,sport_culture,0.2,0.3,0.1,0.4,73.4689453,0.7669492,0.9722222,0.6666667,0.8114187,0.001,1.0,0.9722222,0.183909,-
3,route_planner:RoutePlanner,"Interlaken, Switzerland","St. Moritz, Switzerland",9,summer,8,sport_culture,0.2,0.3,0.1,0.4,86.3526579,0.9272487,0.9861111,0.6666667,0.7497653,0.8111468,0.949868,1.0,0.578413,-
1,route_planner_greedy:RoutePlanner,"Interlaken, Switzerland","St. Moritz, Switzerland",9,summer,10,balanced,0.25,0.25,0.25,0.25,76.3798451,0.7058824,0.8777778,0.8333333,0.797379,0.4297271,0.949868,1.0,0.005469,-
2,route_planner_greedy_local:RoutePlanner,"Interlaken, Switzerland","St. Moritz, Switzerland",9,summer,10,balanced,0.25,0.25,0.25,0.25,76.3798451,0.7058824,0.8777778,0.8333333,0.797379,0.4297271,0.949868,1.0,0.162524,-
3,route_planner:RoutePlanner,"Interlaken, Switzerland","St. Moritz, Switzerland",9,summer,10,balanced,0.25,0.25,0.25,0.25,80.6170287,0.7532468,0.9444444,0.6666667,0.7983505,0.8111468,1.0,1.0,0.390157,-
1,route_planner_greedy:RoutePlanner,"Interlaken, Switzerland","St. Moritz, Switzerland",9,summer,10,nature_sport,0.4,0.1,0.2,0.3,81.575125,0.8985043,0.9777778,0.8333333,0.7314217,0.2240144,0.949868,1.0,0.005615,-
2,route_planner_greedy_local:RoutePlanner,"Interlaken, Switzerland","St. Moritz, Switzerland",9,summer,10,nature_sport,0.4,0.1,0.2,0.3,82.4351677,0.9230769,0.9777778,0.8333333,0.7314217,0.2240144,0.949868,1.0,0.329636,-
3,route_planner:RoutePlanner,"Interlaken, Switzerland","St. Moritz, Switzerland",9,summer,10,nature_sport,0.4,0.1,0.2,0.3,87.2378313,0.953125,0.9777778,0.6666667,0.7400215,0.8111468,1.0,1.0,0.27623,-
1,route_planner_greedy:RoutePlanner,"Interlaken, Switzerland","St. Moritz, Switzerland",9,summer,10,culture_food,0.1,0.4,0.3,0.2,72.7507133,0.6861111,0.9777778,0.8333333,0.7854005,0.0039811,0.949868,1.0,0.006002,-
2,route_planner_greedy_local:RoutePlanner,"Interlaken, Switzerland","St. Moritz, Switzerland",9,summer,10,culture_food,0.1,0.4,0.3,0.2,72.7507133,0.6861111,0.9777778,0.8333333,0.7854005,0.0039811,0.949868,1.0,0.127949,-
3,route_planner:RoutePlanner,"Interlaken, Switzerland","St. Moritz, Switzerland",9,summer,10,culture_food,0.1,0.4,0.3,0.2,86.7767056,0.8771368,0.9888889,0.8333333,0.7282827,0.8458231,0.8722229,1.0,0.93087,-
1,route_planner_greedy:RoutePlanner,"Interlaken, Switzerland","St. Moritz, Switzerland",9,summer,10,sport_culture,0.2,0.3,0.1,0.4,70.0420201,0.6438356,0.9555556,0.8333333,0.725686,0.0039811,0.949868,1.0,0.005825,-
2,route_planner_greedy_local:RoutePlanner,"Interlaken, Switzerland","St. Moritz, Switzerland",9,summer,10,sport_culture,0.2,0.3,0.1,0.4,68.1221044,0.6222222,0.9666667,0.6666667,0.7982144,0.001,1.0,0.9722222,0.164768,-
3,route_planner:RoutePlanner,"Interlaken, Switzerland","St. Moritz, Switzerland",9,summer,10,sport_culture,0.2,0.3,0.1,0.4,89.559547,0.965812,0.9888889,0.8333333,0.7068966,0.8458231,0.8722229,1.0,0.558803,-
1,route_planner_greedy:RoutePlanner,"Zurich, Switzerland","Zurich, Switzerland",9,summer,6,balanced,0.25,0.25,0.25,0.25,81.1202995,0.8292683,0.9259259,0.6666667,0.5662709,0.9963616,0.949868,1.0,0.003841,-
2,route_planner_greedy_local:RoutePlanner,"Zurich, Switzerland","Zurich, Switzerland",9,summer,6,balanced,0.25,0.25,0.25,0.25,81.1202995,0.8292683,0.9259259,0.6666667,0.5662709,0.9963616,0.949868,1.0,0.111964,-
3,route_planner:RoutePlanner,"Zurich, Switzerland","Zurich, Switzerland",9,summer,6,balanced,0.25,0.25,0.25,0.25,81.1202995,0.8292683,0.9259259,0.6666667,0.5662709,0.9963616,0.949868,1.0,0.114929,-
1,route_planner_greedy:RoutePlanner,"Zurich, Switzerland","Zurich, Switzerland",9,summer,6,nature_sport,0.4,0.1,0.2,0.3,76.3422816,0.7916667,0.962963,0.6666667,0.8415299,0.1817215,0.949868,1.0,0.003882,-
2,route_planner_greedy_local:RoutePlanner,"Zurich, Switzerland","Zurich, Switzerland",9,summer,6,nature_sport,0.4,0.1,0.2,0.3,76.3422816,0.7916667,0.962963,0.6666667,0.8415299,0.1817215,0.949868,1.0,0.103689,-
3,route_planner:RoutePlanner,"Zurich, Switzerland","Zurich, Switzerland",9,summer,6,nature_sport,0.4,0.1,0.2,0.3,76.3422816,0.7916667,0.962963,0.6666667,0.8415299,0.1817215,0.949868,1.0,0.111591,-
1,route_planner_greedy:RoutePlanner,"Zurich, Switzerland","Zurich, Switzerland",9,summer,6,culture_food,0.1,0.4,0.3,0.2,86.5084526,1.0,0.9444444,0.6666667,0.8390871,0.500614,0.949868,1.0,0.003721,-
2,route_planner_greedy_local:RoutePlanner,"Zurich, Switzerland","Zurich, Switzerland",9,summer,6,culture_food,0.1,0.4,0.3,0.2,75.1393437,0.8449612,0.962963,0.5,0.8382448,0.1186473,1.0,0.9722222,0.099548,-
3,route_planner:RoutePlanner,"Zurich, Switzerland","Zurich, Switzerland",9,summer,6,culture_food,0.1,0.4,0.3,0.2,75.1393437,0.8449612,0.962963,0.5,0.8382448,0.1186473,1.0,0.9722222,0.107731,-
1,route_planner_greedy:RoutePlanner,"Zurich, Switzerland","Zurich, Switzerland",9,summer,6,sport_culture,0.2,0.3,0.1,0.4,75.5888039,0.797619,1.0,0.6666667,0.8571169,0.0066044,0.949868,1.0,0.005321,-
2,route_planner_greedy_local:RoutePlanner,"Zurich, Switzerland","Zurich, Switzerland",9,summer,6,sport_culture,0.2,0.3,0.1,0.4,75.5888039,0.797619,1.0,0.6666667,0.8571169,0.0066044,0.949868,1.0,0.157659,-
3,route_planner:RoutePlanner,"Zurich, Switzerland","Zurich, Switzerland",9,summer,6,sport_culture,0.2,0.3,0.1,0.4,75.5888039,0.797619,1.0,0.6666667,0.8571169,0.0066044,0.949868,1.0,0.188978,-
1,route_planner_greedy:RoutePlanner,"Zurich, Switzerland","Zurich, Switzerland",9,summer,8,balanced,0.25,0.25,0.25,0.25,82.4959554,0.9516129,1.0,0.6666667,0.8415299,0.1817215,0.949868,1.0,0.005733,-
2,route_planner_greedy_local:RoutePlanner,"Zurich, Switzerland","Zurich, Switzerland",9,summer,8,balanced,0.25,0.25,0.25,0.25,82.4959554,0.9516129,1.0,0.6666667,0.8415299,0.1817215,0.949868,1.0,0.109557,-
3,route_planner:RoutePlanner,"Zurich, Switzerland","Zurich, Switzerland",9,summer,8,balanced,0.25,0.25,0.25,0.25,82.4959554,0.9516129,1.0,0.6666667,0.8415299,0.1817215,0.949868,1.0,0.112982,-
1,route_planner_greedy:RoutePlanner,"Zurich, Switzerland","Zurich, Switzerland",9,summer,8,nature_sport,0.4,0.1,0.2,0.3,69.5816438,0.6388889,1.0,0.6666667,0.7738838,0.0862936,0.949868,1.0,0.005303,-
2,route_planner_greedy_local:RoutePlanner,"Zurich, Switzerland","Zurich, Switzerland",9,summer,8,nature_sport,0.4,0.1,0.2,0.3,69.5816438,0.6388889,1.0,0.6666667,0.7738838,0.0862936,0.949868,1.0,0.143726,-
3,route_planner:RoutePlanner,"Zurich, Switzerland","Zurich, Switzerland",9,summer,8,nature_sport,0.4,0.1,0.2,0.3,69.5816438,0.6388889,1.0,0.6666667,0.7738838,0.0862936,0.949868,1.0,0.153003,-
1,route_planner_greedy:RoutePlanner,"Zurich, Switzerland","Zurich, Switzerland",9,summer,8,culture_food,0.1,0.4,0.3,0.2,78.6737934,0.8483607,0.9861111,0.6666667,0.8415299,0.1817215,0.949868,1.0,0.005099,-
2,route_planner_greedy_local:RoutePlanner,"Zurich, Switzerland","Zurich, Switzerland",9,summer,8,culture_food,0.1,0.4,0.3,0.2,78.6737934,0.8483607,0.9861111,0.6666667,0.8415299,0.1817215,0.949868,1.0,0.11735,-
3,route_planner:RoutePlanner,"Zurich, Switzerland","Zurich, Switzerland",9,summer,8,culture_food,0.1,0.4,0.3,0.2,78.6737934,0.8483607,0.9861111,0.6666667,0.8415299,0.1817215,0.949868,1.0,0.129421,-
1,route_planner_greedy:RoutePlanner,"Zurich, Switzerland","Zurich, Switzerland",9,summer,8,sport_culture,0.2,0.3,0.1,0.4,80.3576957,0.7951977,0.9722222,0.6666667,0.6303175,0.8738339,0.949868,1.0,0.005091,-
2,route_planner_greedy_local:RoutePlanner,"Zurich, Switzerland","Zurich, Switzerland",9,summer,8,sport_culture,0.2,0.3,0.1,0.4,80.3576957,0.7951977,0.9722222,0.6666667,0.6303175,0.8738339,0.949868,1.0,0.17645,-
3,route_planner:RoutePlanner,"Zurich, Switzerland","Zurich, Switzerland",9,summer,8,sport_culture,0.2,0.3,0.1,0.4,80.3576957,0.7951977,0.9722222,0.6666667,0.6303175,0.8738339,0.949868,1.0,0.186144,-
1,route_planner_greedy:RoutePlanner,"Zurich, Switzerland","Zurich, Switzerland",9,summer,10,balanced,0.25,0.25,0.25,0.25,77.512544,0.8529412,0.9,0.6666667,0.9209437,0.0596107,0.949868,1.0,0.005665,-
2,route_planner_greedy_local:RoutePlanner,"Zurich, Switzerland","Zurich, Switzerland",9,summer,10,balanced,0.25,0.25,0.25,0.25,69.6013583,0.7179487,0.9777778,0.5,0.8284365,0.0018827,1.0,0.9722222,0.199803,-
3,route_planner:RoutePlanner,"Zurich, Switzerland","Zurich, Switzerland",9,summer,10,balanced,0.25,0.25,0.25,0.25,69.6013583,0.7179487,0.9777778,0.5,0.8284365,0.0018827,1.0,0.9722222,0.217082,-
1,route_planner_greedy:RoutePlanner,"Zurich, Switzerland","Zurich, Switzerland",9,summer,10,nature_sport,0.4,0.1,0.2,0.3,76.593828,0.8416667,0.9666667,0.6666667,0.8546741,0.0066044,0.949868,1.0,0.005838,-
2,route_planner_greedy_local:RoutePlanner,"Zurich, Switzerland","Zurich, Switzerland",9,summer,10,nature_sport,0.4,0.1,0.2,0.3,76.593828,0.8416667,0.9666667,0.6666667,0.8546741,0.0066044,0.949868,1.0,0.25498,-
3,route_planner:RoutePlanner,"Zurich, Switzerland","Zurich, Switzerland",9,summer,10,nature_sport,0.4,0.1,0.2,0.3,76.593828,0.8416667,0.9666667,0.6666667,0.8546741,0.0066044,0.949868,1.0,0.252937,-
1,route_planner_greedy:RoutePlanner,"Zurich, Switzerland","Zurich, Switzerland",9,summer,10,culture_food,0.1,0.4,0.3,0.2,76.6841742,0.8,0.9555556,0.6666667,0.8522857,0.1817215,0.949868,1.0,0.005967,-
2,route_planner_greedy_local:RoutePlanner,"Zurich, Switzerland","Zurich, Switzerland",9,summer,10,culture_food,0.1,0.4,0.3,0.2,76.6841742,0.8,0.9555556,0.6666667,0.8522857,0.1817215,0.949868,1.0,0.167667,-
3,route_planner:RoutePlanner,"Zurich, Switzerland","Zurich, Switzerland",9,summer,10,culture_food,0.1,0.4,0.3,0.2,76.6841742,0.8,0.9555556,0.6666667,0.8522857,0.1817215,0.949868,1.0,0.178816,-
1,route_planner_greedy:RoutePlanner,"Zurich, Switzerland","Zurich, Switzerland",9,summer,10,sport_culture,0.2,0.3,0.1,0.4,69.6490088,0.6266234,0.9777778,0.6666667,0.7655979,0.1817215,0.949868,1.0,0.005852,-
2,route_planner_greedy_local:RoutePlanner,"Zurich, Switzerland","Zurich, Switzerland",9,summer,10,sport_culture,0.2,0.3,0.1,0.4,69.6490088,0.6266234,0.9777778,0.6666667,0.7655979,0.1817215,0.949868,1.0,0.219574,-
3,route_planner:RoutePlanner,"Zurich, Switzerland","Zurich, Switzerland",9,summer,10,sport_culture,0.2,0.3,0.1,0.4,69.6490088,0.6266234,0.9777778,0.6666667,0.7655979,0.1817215,0.949868,1.0,0.253468,-
1,route_planner_greedy:RoutePlanner,"Lugano, Switzerland","Zurich, Switzerland",9,summer,6,balanced,0.25,0.25,0.25,0.25,87.2135981,0.9146341,0.962963,0.8333333,0.816414,0.6261408,0.949868,1.0,0.003728,-
2,route_planner_greedy_local:RoutePlanner,"Lugano, Switzerland","Zurich, Switzerland",9,summer,6,balanced,0.25,0.25,0.25,0.25,87.2135981,0.9146341,0.962963,0.8333333,0.816414,0.6261408,0.949868,1.0,0.091959,-
3,route_planner:RoutePlanner,"Lugano, Switzerland","Zurich, Switzerland",9,summer,6,balanced,0.25,0.25,0.25,0.25,88.9914856,0.9102564,0.9444444,1.0,0.8057225,0.6769553,0.8220908,1.0,0.285523,-
1,route_planner_greedy:RoutePlanner,"Lugano, Switzerland","Zurich, Switzerland",9,summer,6,nature_sport,0.4,0.1,0.2,0.3,79.7928077,0.84375,0.9444444,0.8333333,0.8018891,0.1817215,0.949868,1.0,0.003321,-
2,route_planner_greedy_local:RoutePlanner,"Lugano, Switzerland","Zurich, Switzerland",9,summer,6,nature_sport,0.4,0.1,0.2,0.3,79.7928077,0.84375,0.9444444,0.8333333,0.8018891,0.1817215,0.949868,1.0,0.083102,-
3,route_planner:RoutePlanner,"Lugano, Switzerland","Zurich, Switzerland",9,summer,6,nature_sport,0.4,0.1,0.2,0.3,79.7928077,0.84375,0.9444444,0.8333333,0.8018891,0.1817215,0.949868,1.0,0.155824,-
1,route_planner_greedy:RoutePlanner,"Lugano, Switzerland","Zurich, Switzerland",9,summer,6,culture_food,0.1,0.4,0.3,0.2,84.4548752,0.84375,0.9444444,0.8333333,0.816414,0.6261408,0.949868,1.0,0.003264,-
2,route_planner_greedy_local:RoutePlanner,"Lugano, Switzerland","Zurich, Switzerland",9,summer,6,culture_food,0.1,0.4,0.3,0.2,84.4548752,0.84375,0.9444444,0.8333333,0.816414,0.6261408,0.949868,1.0,0.07063,-
3,route_planner:RoutePlanner,"Lugano, Switzerland","Zurich, Switzerland",9,summer,6,culture_food,0.1,0.4,0.3,0.2,84.4548752,0.84375,0.9444444,0.8333333,0.816414,0.6261408,0.949868,1.0,0.261276,-
1,route_planner_greedy:RoutePlanner,"Lugano, Switzerland","Zurich, Switzerland",9,summer,6,sport_culture,0.2,0.3,0.1,0.4,85.826403,0.8670635,0.9814815,0.8333333,0.816414,0.6261408,0.949868,1.0,0.003353,-
2,route_planner_greedy_local:RoutePlanner,"Lugano, Switzerland","Zurich, Switzerland",9,summer,6,sport_culture,0.2,0.3,0.1,0.4,85.826403,0.8670635,0.9814815,0.8333333,0.816414,0.6261408,0.949868,1.0,0.078621,-
3,route_planner:RoutePlanner,"Lugano, Switzerland","Zurich, Switzerland",9,summer,6,sport_culture,0.2,0.3,0.1,0.4,91.1941643,0.9573171,0.9814815,1.0,0.8057225,0.6769553,0.8220908,1.0,0.215325,-
1,route_planner_greedy:RoutePlanner,"Lugano, Switzerland","Zurich, Switzerland",9,summer,8,balanced,0.25,0.25,0.25,0.25,69.4029407,0.5172414,0.9444444,0.6666667,0.7818153,0.5544486,1.0,0.9722222,0.004875,-
2,route_planner_greedy_local:RoutePlanner,"Lugano, Switzerland","Zurich, Switzerland",9,summer,8,balanced,0.25,0.25,0.25,0.25,84.8747613,0.9354839,1.0,0.6666667,0.7818153,0.5544486,1.0,0.9722222,0.321316,-
3,route_planner:RoutePlanner,"Lugano, Switzerland","Zurich, Switzerland",9,summer,8,balanced,0.25,0.25,0.25,0.25,84.8747613,0.9354839,1.0,0.6666667,0.7818153,0.5544486,1.0,0.9722222,0.698965,-
1,route_planner_greedy:RoutePlanner,"Lugano, Switzerland","Zurich, Switzerland",9,summer,8,nature_sport,0.4,0.1,0.2,0.3,69.2193526,0.579023,0.9861111,0.8333333,0.7897825,0.0065804,0.949868,1.0,0.00525,-
2,route_planner_greedy_local:RoutePlanner,"Lugano, Switzerland","Zurich, Switzerland",9,summer,8,nature_sport,0.4,0.1,0.2,0.3,76.3686715,0.8070988,0.9305556,0.8333333,0.7897825,0.0065804,0.949868,1.0,0.254511,-
3,route_planner:RoutePlanner,"Lugano, Switzerland","Zurich, Switzerland",9,summer,8,nature_sport,0.4,0.1,0.2,0.3,86.4355907,0.9459877,0.9027778,0.8333333,0.7882336,0.6238627,0.8722229,0.9722222,0.530121,-
1,route_planner_greedy:RoutePlanner,"Lugano, Switzerland","Zurich, Switzerland",9,summer,8,culture_food,0.1,0.4,0.3,0.2,74.5686091,0.5717213,0.9861111,0.8333333,0.7503966,0.6261408,0.949868,1.0,0.005061,-
2,route_planner_greedy_local:RoutePlanner,"Lugano, Switzerland","Zurich, Switzerland",9,summer,8,culture_food,0.1,0.4,0.3,0.2,78.3778076,0.7222222,0.8888889,0.8333333,0.7503966,0.6261408,0.949868,1.0,0.225585,-
3,route_planner:RoutePlanner,"Lugano, Switzerland","Zurich, Switzerland",9,summer,8,culture_food,0.1,0.4,0.3,0.2,80.6229099,0.9612069,0.9444444,0.6666667,0.8536001,0.001,1.0,1.0,0.527256,-
1,route_planner_greedy:RoutePlanner,"Lugano, Switzerland","Zurich, Switzerland",9,summer,8,sport_culture,0.2,0.3,0.1,0.4,80.0532244,0.8333333,0.9861111,0.8333333,0.8018891,0.1817215,0.949868,1.0,0.005075,-
2,route_planner_greedy_local:RoutePlanner,"Lugano, Switzerland","Zurich, Switzerland",9,summer,8,sport_culture,0.2,0.3,0.1,0.4,80.5856318,0.8842593,0.9027778,0.8333333,0.8018891,0.1817215,0.949868,1.0,0.238469,-
3,route_planner:RoutePlanner,"Lugano, Switzerland","Zurich, Switzerland",9,summer,8,sport_culture,0.2,0.3,0.1,0.4,84.8948098,0.9109195,0.9722222,1.0,0.7936183,0.2414563,0.8220908,1.0,0.35747,-
1,route_planner_greedy:RoutePlanner,"Lugano, Switzerland","Zurich, Switzerland",9,summer,10,balanced,0.25,0.25,0.25,0.25,82.03646,0.7,0.9,0.8333333,0.7882336,0.9963616,0.949868,1.0,0.005448,-
2,route_planner_greedy_local:RoutePlanner,"Lugano, Switzerland","Zurich, Switzerland",9,summer,10,balanced,0.25,0.25,0.25,0.25,87.2515138,0.8870968,0.8111111,0.8333333,0.7882336,0.9963616,0.949868,1.0,0.446,-
3,route_planner:RoutePlanner,"Lugano, Switzerland","Zurich, Switzerland",9,summer,10,balanced,0.25,0.25,0.25,0.25,90.7554996,0.9461538,0.8888889,1.0,0.8125539,0.8008019,0.8220908,1.0,0.4508,-
1,route_planner_greedy:RoutePlanner,"Lugano, Switzerland","Zurich, Switzerland",9,summer,10,nature_sport,0.4,0.1,0.2,0.3,78.847512,0.8373288,0.9555556,0.8333333,0.8065691,0.0859796,0.949868,1.0,0.0054,-
2,route_planner_greedy_local:RoutePlanner,"Lugano, Switzerland","Zurich, Switzerland",9,summer,10,nature_sport,0.4,0.1,0.2,0.3,78.847512,0.8373288,0.9555556,0.8333333,0.8065691,0.0859796,0.949868,1.0,0.156041,-
3,route_planner:RoutePlanner,"Lugano, Switzerland","Zurich, Switzerland",9,summer,10,nature_sport,0.4,0.1,0.2,0.3,80.6254786,0.9551282,0.9777778,0.6666667,0.8297198,0.0083528,1.0,1.0,0.400705,-
1,route_planner_greedy:RoutePlanner,"Lugano, Switzerland","Zurich, Switzerland",9,summer,10,culture_food,0.1,0.4,0.3,0.2,83.5970522,0.7403846,0.9777778,0.8333333,0.7178389,1.0,0.949868,1.0,0.005591,-
2,route_planner_greedy_local:RoutePlanner,"Lugano, Switzerland","Zurich, Switzerland",9,summer,10,culture_food,0.1,0.4,0.3,0.2,83.3057031,0.8985043,0.9333333,0.5,0.7090554,1.0,1.0,0.9444444,0.266384,-
3,route_planner:RoutePlanner,"Lugano, Switzerland","Zurich, Switzerland",9,summer,10,culture_food,0.1,0.4,0.3,0.2,83.3057031,0.8985043,0.9333333,0.5,0.7090554,1.0,1.0,0.9444444,0.840951,-
1,route_planner_greedy:RoutePlanner,"Lugano, Switzerland","Zurich, Switzerland",9,summer,10,sport_culture,0.2,0.3,0.1,0.4,80.5729674,0.7325103,0.9777778,0.6666667,0.693822,1.0,1.0,0.9722222,0.005604,-
2,route_planner_greedy_local:RoutePlanner,"Lugano, Switzerland","Zurich, Switzerland",9,summer,10,sport_culture,0.2,0.3,0.1,0.4,85.3255183,0.9063927,0.8888889,0.6666667,0.693822,1.0,1.0,0.9722222,0.53389,-
3,route_planner:RoutePlanner,"Lugano, Switzerland","Zurich, Switzerland",9,summer,10,sport_culture,0.2,0.3,0.1,0.4,87.0833739,0.8833333,0.9222222,0.8333333,0.7074099,1.0,0.8722229,0.9722222,0.49761,-
1,route_planner_greedy:RoutePlanner,"Geneva, Switzerland","Lucerne, Switzerland",9,summer,6,balanced,0.25,0.25,0.25,0.25,85.0414772,0.8372093,0.962963,0.6666667,0.7560111,0.9954541,1.0,1.0,0.0033,-
2,route_planner_greedy_local:RoutePlanner,"Geneva, Switzerland","Lucerne, Switzerland",9,summer,6,balanced,0.25,0.25,0.25,0.25,87.8351112,0.9090909,0.9814815,0.6666667,0.7560111,0.9954541,1.0,1.0,0.161055,-
3,route_planner:RoutePlanner,"Geneva, Switzerland","Lucerne, Switzerland",9,summer,6,balanced,0.25,0.25,0.25,0.25,87.8351112,0.9090909,0.9814815,0.6666667,0.7560111,0.9954541,1.0,1.0,0.215816,-
1,route_planner_greedy:RoutePlanner,"Geneva, Switzerland","Lucerne, Switzerland",9,summer,6,nature_sport,0.4,0.1,0.2,0.3,88.7325192,0.8686594,1.0,0.8333333,0.7386733,1.0,0.949868,1.0,0.003398,-
2,route_planner_greedy_local:RoutePlanner,"Geneva, Switzerland","Lucerne, Switzerland",9,summer,6,nature_sport,0.4,0.1,0.2,0.3,88.7325192,0.8686594,1.0,0.8333333,0.7386733,1.0,0.949868,1.0,0.08798,-
3,route_planner:RoutePlanner,"Geneva, Switzerland","Lucerne, Switzerland",9,summer,6,nature_sport,0.4,0.1,0.2,0.3,89.8994257,0.9195076,0.9814815,0.8333333,0.7422216,1.0,0.8722229,1.0,0.286817,-
1,route_planner_greedy:RoutePlanner,"Geneva, Switzerland","Lucerne, Switzerland",9,summer,6,culture_food,0.1,0.4,0.3,0.2,83.0308183,0.7638889,1.0,0.6666667,0.7560111,0.9954541,1.0,1.0,0.003606,-
2,route_planner_greedy_local:RoutePlanner,"Geneva, Switzerland","Lucerne, Switzerland",9,summer,6,culture_food,0.1,0.4,0.3,0.2,85.9474849,0.8472222,1.0,0.6666667,0.7560111,0.9954541,1.0,1.0,0.186414,-
3,route_planner:RoutePlanner,"Geneva, Switzerland","Lucerne, Switzerland",9,summer,6,culture_food,0.1,0.4,0.3,0.2,85.9474849,0.8472222,1.0,0.6666667,0.7560111,0.9954541,1.0,1.0,0.271656,-
1,route_planner_greedy:RoutePlanner,"Geneva, Switzerland","Lucerne, Switzerland",9,summer,6,sport_culture,0.2,0.3,0.1,0.4,86.9428553,0.8796296,1.0,0.6666667,0.7560111,0.9954541,1.0,0.9722222,0.003818,-
2,route_planner_greedy_local:RoutePlanner,"Geneva, Switzerland","Lucerne, Switzerland",9,summer,6,sport_culture,0.2,0.3,0.1,0.4,86.9428553,0.8796296,1.0,0.6666667,0.7560111,0.9954541,1.0,0.9722222,0.090052,-
3,route_planner:RoutePlanner,"Geneva, Switzerland","Lucerne, Switzerland",9,summer,6,sport_culture,0.2,0.3,0.1,0.4,86.9428553,0.8796296,1.0,0.6666667,0.7560111,0.9954541,1.0,0.9722222,0.250037,-
1,route_planner_greedy:RoutePlanner,"Geneva, Switzerland","Lucerne, Switzerland",9,summer,8,balanced,0.25,0.25,0.25,0.25,85.626764,0.8070175,0.9166667,0.8333333,0.7587873,1.0,0.949868,1.0,0.004791,-
2,route_planner_greedy_local:RoutePlanner,"Geneva, Switzerland","Lucerne, Switzerland",9,summer,8,balanced,0.25,0.25,0.25,0.25,86.6703656,0.872549,0.8333333,0.8333333,0.7587873,1.0,0.949868,1.0,0.306848,-
3,route_planner:RoutePlanner,"Geneva, Switzerland","Lucerne, Switzerland",9,summer,8,balanced,0.25,0.25,0.25,0.25,89.9231347,0.877193,0.9305556,1.0,0.7435062,1.0,0.8220908,1.0,0.471123,-
1,route_planner_greedy:RoutePlanner,"Geneva, Switzerland","Lucerne, Switzerland",9,summer,8,nature_sport,0.4,0.1,0.2,0.3,84.2113738,0.797619,1.0,0.6666667,0.7560111,0.9954541,1.0,1.0,0.004963,-
2,route_planner_greedy_local:RoutePlanner,"Geneva, Switzerland","Lucerne, Switzerland",9,summer,8,nature_sport,0.4,0.1,0.2,0.3,84.2113738,0.797619,1.0,0.6666667,0.7560111,0.9954541,1.0,1.0,0.089601,-
3,route_planner:RoutePlanner,"Geneva, Switzerland","Lucerne, Switzerland",9,summer,8,nature_sport,0.4,0.1,0.2,0.3,85.8129287,0.8613281,1.0,0.6666667,0.7370662,1.0,0.949868,0.9722222,0.429259,-
1,route_planner_greedy:RoutePlanner,"Geneva, Switzerland","Lucerne, Switzerland",9,summer,8,culture_food,0.1,0.4,0.3,0.2,77.2073189,0.5800265,1.0,0.8333333,0.6438035,1.0,0.949868,1.0,0.005583,-
2,route_planner_greedy_local:RoutePlanner,"Geneva, Switzerland","Lucerne, Switzerland",9,summer,8,culture_food,0.1,0.4,0.3,0.2,86.9452347,0.8820621,0.9444444,0.8333333,0.6438035,1.0,0.949868,1.0,0.221487,-
3,route_planner:RoutePlanner,"Geneva, Switzerland","Lucerne, Switzerland",9,summer,8,culture_food,0.1,0.4,0.3,0.2,89.0984464,0.9371069,0.875,1.0,0.6042833,1.0,0.8220908,1.0,0.572566,-
1,route_planner_greedy:RoutePlanner,"Geneva, Switzerland","Lucerne, Switzerland",9,summer,8,sport_culture,0.2,0.3,0.1,0.4,84.5196564,0.7472678,0.9861111,0.8333333,0.7573775,0.9963616,0.949868,1.0,0.004959,-
2,route_planner_greedy_local:RoutePlanner,"Geneva, Switzerland","Lucerne, Switzerland",9,summer,8,sport_culture,0.2,0.3,0.1,0.4,84.5196564,0.7472678,0.9861111,0.8333333,0.7573775,0.9963616,0.949868,1.0,0.102056,-
3,route_planner:RoutePlanner,"Geneva, Switzerland","Lucerne, Switzerland",9,summer,8,sport_culture,0.2,0.3,0.1,0.4,90.9199615,0.8958333,0.9861111,1.0,0.7129335,0.9969671,0.8220908,1.0,0.315374,-
1,route_planner_greedy:RoutePlanner,"Geneva, Switzerland","Lucerne, Switzerland",9,summer,10,balanced,0.25,0.25,0.25,0.25,85.8670824,0.8766234,0.9444444,0.6666667,0.7345732,1.0,1.0,1.0,0.005484,-
2,route_planner_greedy_local:RoutePlanner,"Geneva, Switzerland","Lucerne, Switzerland",9,summer,10,balanced,0.25,0.25,0.25,0.25,85.2476396,0.875,0.9555556,0.6666667,0.7119237,1.0,0.949868,0.9722222,0.136678,-
3,route_planner:RoutePlanner,"Geneva, Switzerland","Lucerne, Switzerland",9,summer,10,balanced,0.25,0.25,0.25,0.25,85.2476396,0.875,0.9555556,0.6666667,0.7119237,1.0,0.949868,0.9722222,0.251219,-
1,route_planner_greedy:RoutePlanner,"Geneva, Switzerland","Lucerne, Switzerland",9,summer,10,nature_sport,0.4,0.1,0.2,0.3,81.9382401,0.6993671,0.9777778,0.8333333,0.702959,1.0,0.949868,1.0,0.005443,-
2,route_planner_greedy_local:RoutePlanner,"Geneva, Switzerland","Lucerne, Switzerland",9,summer,10,nature_sport,0.4,0.1,0.2,0.3,82.2659476,0.7277778,0.9333333,0.8333333,0.702959,1.0,0.949868,1.0,0.296207,-
3,route_planner:RoutePlanner,"Geneva, Switzerland","Lucerne, Switzerland",9,summer,10,nature_sport,0.4,0.1,0.2,0.3,84.8519309,0.8333333,0.9777778,0.6666667,0.7345732,1.0,1.0,1.0,0.388517,-
1,route_planner_greedy:RoutePlanner,"Geneva, Switzerland","Lucerne, Switzerland",9,summer,10,culture_food,0.1,0.4,0.3,0.2,83.9665115,0.7309671,1.0,0.8333333,0.7422216,1.0,0.949868,1.0,0.005777,-
2,route_planner_greedy_local:RoutePlanner,"Geneva, Switzerland","Lucerne, Switzerland",9,summer,10,culture_food,0.1,0.4,0.3,0.2,83.9665115,0.7309671,1.0,0.8333333,0.7422216,1.0,0.949868,1.0,0.160082,-
3,route_planner:RoutePlanner,"Geneva, Switzerland","Lucerne, Switzerland",9,summer,10,culture_food,0.1,0.4,0.3,0.2,92.0629253,0.9270833,1.0,1.0,0.7003036,1.0,0.8220908,1.0,0.64041,-
1,route_planner_greedy:RoutePlanner,"Geneva, Switzerland","Lucerne, Switzerland",9,summer,10,sport_culture,0.2,0.3,0.1,0.4,87.1708621,0.8536325,0.9666667,0.8333333,0.702959,1.0,0.949868,1.0,0.00866,-
2,route_planner_greedy_local:RoutePlanner,"Geneva, Switzerland","Lucerne, Switzerland",9,summer,10,sport_culture,0.2,0.3,0.1,0.4,87.1708621,0.8536325,0.9666667,0.8333333,0.702959,1.0,0.949868,1.0,0.155939,-
3,route_planner:RoutePlanner,"Geneva, Switzerland","Lucerne, Switzerland",9,summer,10,sport_culture,0.2,0.3,0.1,0.4,89.0027222,0.9305556,0.9444444,0.8333333,0.702959,1.0,0.8722229,0.9722222,0.563562,-
1,route_planner_greedy:RoutePlanner,"Bern, Switzerland","Zermatt, Switzerland",9,summer,6,balanced,0.25,0.25,0.25,0.25,85.9764302,0.9,0.9444444,0.8333333,0.645352,0.8380144,0.949868,1.0,0.003733,-
2,route_planner_greedy_local:RoutePlanner,"Bern, Switzerland","Zermatt, Switzerland",9,summer,6,balanced,0.25,0.25,0.25,0.25,85.9764302,0.9,0.9444444,0.8333333,0.645352,0.8380144,0.949868,1.0,0.078035,-
3,route_planner:RoutePlanner,"Bern, Switzerland","Zermatt, Switzerland",9,summer,6,balanced,0.25,0.25,0.25,0.25,85.9764302,0.9,0.9444444,0.8333333,0.645352,0.8380144,0.949868,1.0,0.376359,-
1,route_planner_greedy:RoutePlanner,"Bern, Switzerland","Zermatt, Switzerland",9,summer,6,nature_sport,0.4,0.1,0.2,0.3,83.7018576,0.8429487,0.9259259,0.8333333,0.645352,0.8380144,0.949868,1.0,0.003268,-
2,route_planner_greedy_local:RoutePlanner,"Bern, Switzerland","Zermatt, Switzerland",9,summer,6,nature_sport,0.4,0.1,0.2,0.3,85.4505293,0.9087838,0.8888889,0.8333333,0.645352,0.8380144,0.949868,1.0,0.128991,-
3,route_planner:RoutePlanner,"Bern, Switzerland","Zermatt, Switzerland",9,summer,6,nature_sport,0.4,0.1,0.2,0.3,85.7366101,0.8963415,0.962963,0.8333333,0.645352,0.8380144,0.8997359,0.9722222,0.107875,-
1,route_planner_greedy:RoutePlanner,"Bern, Switzerland","Zermatt, Switzerland",9,summer,6,culture_food,0.1,0.4,0.3,0.2,84.4590227,0.8013566,0.962963,0.8333333,0.6478505,1.0,0.949868,1.0,0.003237,-
2,route_planner_greedy_local:RoutePlanner,"Bern, Switzerland","Zermatt, Switzerland",9,summer,6,culture_food,0.1,0.4,0.3,0.2,89.3427436,0.9408915,0.962963,0.8333333,0.6478505,1.0,0.949868,1.0,0.206836,-
3,route_planner:RoutePlanner,"Bern, Switzerland","Zermatt, Switzerland",9,summer,6,culture_food,0.1,0.4,0.3,0.2,89.3427436,0.9408915,0.962963,0.8333333,0.6478505,1.0,0.949868,1.0,0.38583,-
1,route_planner_greedy:RoutePlanner,"Bern, Switzerland","Zermatt, Switzerland",9,summer,6,sport_culture,0.2,0.3,0.1,0.4,79.9318566,0.7034884,1.0,0.8333333,0.645352,0.8380144,0.949868,1.0,0.003212,-
2,route_planner_greedy_local:RoutePlanner,"Bern, Switzerland","Zermatt, Switzerland",9,summer,6,sport_culture,0.2,0.3,0.1,0.4,88.2958746,0.9503968,0.9814815,0.8333333,0.645352,0.8380144,0.949868,1.0,0.303661,-
3,route_planner:RoutePlanner,"Bern, Switzerland","Zermatt, Switzerland",9,summer,6,sport_culture,0.2,0.3,0.1,0.4,88.2958746,0.9503968,0.9814815,0.8333333,0.645352,0.8380144,0.949868,1.0,0.255964,-
1,route_planner_greedy:RoutePlanner,"Bern, Switzerland","Zermatt, Switzerland",9,summer,8,balanced,0.25,0.25,0.25,0.25,79.4694524,0.7741935,0.9444444,0.5,0.7322526,1.0,1.0,0.9444444,0.004147,-
2,route_planner_greedy_local:RoutePlanner,"Bern, Switzerland","Zermatt, Switzerland",9,summer,8,balanced,0.25,0.25,0.25,0.25,84.729,0.9482759,0.8888889,0.5,0.7322526,1.0,1.0,0.9444444,0.217244,-
3,route_planner:RoutePlanner,"Bern, Switzerland","Zermatt, Switzerland",9,summer,8,balanced,0.25,0.25,0.25,0.25,86.744211,0.9482759,0.9027778,0.6666667,0.6934959,1.0,0.949868,0.9722222,0.342337,-
1,route_planner_greedy:RoutePlanner,"Bern, Switzerland","Zermatt, Switzerland",9,summer,8,nature_sport,0.4,0.1,0.2,0.3,77.758534,0.6413934,1.0,0.8333333,0.645352,0.8380144,0.949868,1.0,0.004683,-
2,route_planner_greedy_local:RoutePlanner,"Bern, Switzerland","Zermatt, Switzerland",9,summer,8,nature_sport,0.4,0.1,0.2,0.3,84.0077792,0.8800505,1.0,0.5,0.7322526,1.0,1.0,0.9444444,0.146226,-
3,route_planner:RoutePlanner,"Bern, Switzerland","Zermatt, Switzerland",9,summer,8,nature_sport,0.4,0.1,0.2,0.3,84.7832427,0.8958333,0.9444444,0.6666667,0.617494,1.0,1.0,1.0,0.309142,-
1,route_planner_greedy:RoutePlanner,"Bern, Switzerland","Zermatt, Switzerland",9,summer,8,culture_food,0.1,0.4,0.3,0.2,73.5610983,0.7424863,1.0,0.8333333,0.6249255,0.0950854,0.949868,1.0,0.004805,-
2,route_planner_greedy_local:RoutePlanner,"Bern, Switzerland","Zermatt, Switzerland",9,summer,8,culture_food,0.1,0.4,0.3,0.2,79.7094931,0.9479167,0.9305556,0.8333333,0.6249255,0.0950854,0.949868,1.0,0.371261,-
3,route_planner:RoutePlanner,"Bern, Switzerland","Zermatt, Switzerland",9,summer,8,culture_food,0.1,0.4,0.3,0.2,79.7094931,0.9479167,0.9305556,0.8333333,0.6249255,0.0950854,0.949868,1.0,0.296985,-
1,route_planner_greedy:RoutePlanner,"Bern, Switzerland","Zermatt, Switzerland",9,summer,8,sport_culture,0.2,0.3,0.1,0.4,72.6257363,0.6929825,0.9861111,0.8333333,0.7527119,0.0039666,0.949868,1.0,0.005124,-
2,route_planner_greedy_local:RoutePlanner,"Bern, Switzerland","Zermatt, Switzerland",9,summer,8,sport_culture,0.2,0.3,0.1,0.4,72.6323567,0.7169811,0.9305556,0.8333333,0.7527119,0.0039666,0.949868,1.0,0.188143,-
3,route_planner:RoutePlanner,"Bern, Switzerland","Zermatt, Switzerland",9,summer,8,sport_culture,0.2,0.3,0.1,0.4,85.2682991,0.8782051,1.0,0.6666667,0.635408,1.0,1.0,1.0,0.372069,-
1,route_planner_greedy:RoutePlanner,"Bern, Switzerland","Zermatt, Switzerland",9,summer,10,balanced,0.25,0.25,0.25,0.25,71.3892227,0.6714286,0.9111111,0.8333333,0.7643498,0.0507969,0.949868,1.0,0.005744,-
2,route_planner_greedy_local:RoutePlanner,"Bern, Switzerland","Zermatt, Switzerland",9,summer,10,balanced,0.25,0.25,0.25,0.25,71.3892227,0.6714286,0.9111111,0.8333333,0.7643498,0.0507969,0.949868,1.0,0.191938,-
3,route_planner:RoutePlanner,"Bern, Switzerland","Zermatt, Switzerland",9,summer,10,balanced,0.25,0.25,0.25,0.25,79.1336408,0.7105263,0.9555556,0.8333333,0.6125912,0.9271453,0.8220908,0.9722222,0.542298,-
1,route_planner_greedy:RoutePlanner,"Bern, Switzerland","Zermatt, Switzerland",9,summer,10,nature_sport,0.4,0.1,0.2,0.3,75.3899467,0.7835648,0.9444444,0.8333333,0.6614296,0.1627728,0.949868,1.0,0.006424,-
2,route_planner_greedy_local:RoutePlanner,"Bern, Switzerland","Zermatt, Switzerland",9,summer,10,nature_sport,0.4,0.1,0.2,0.3,79.9394429,0.932598,0.9,0.8333333,0.6614296,0.1627728,0.949868,1.0,0.325066,-
3,route_planner:RoutePlanner,"Bern, Switzerland","Zermatt, Switzerland",9,summer,10,nature_sport,0.4,0.1,0.2,0.3,84.3273135,0.8624498,1.0,0.6666667,0.635408,1.0,0.949868,0.9722222,0.726395,-
1,route_planner_greedy:RoutePlanner,"Bern, Switzerland","Zermatt, Switzerland",9,summer,10,culture_food,0.1,0.4,0.3,0.2,77.7522394,0.7395833,0.9555556,0.5,0.6874178,1.0,1.0,0.9444444,0.005548,-
2,route_planner_greedy_local:RoutePlanner,"Bern, Switzerland","Zermatt, Switzerland",9,summer,10,culture_food,0.1,0.4,0.3,0.2,83.2209894,0.8958333,0.9555556,0.5,0.6874178,1.0,1.0,0.9444444,0.211378,-
3,route_planner:RoutePlanner,"Bern, Switzerland","Zermatt, Switzerland",9,summer,10,culture_food,0.1,0.4,0.3,0.2,83.2209894,0.8958333,0.9555556,0.5,0.6874178,1.0,1.0,0.9444444,0.463469,-
1,route_planner_greedy:RoutePlanner,"Bern, Switzerland","Zermatt, Switzerland",9,summer,10,sport_culture,0.2,0.3,0.1,0.4,68.1419781,0.590812,0.9888889,0.8333333,0.6286688,0.0950854,0.949868,1.0,0.005711,-
2,route_planner_greedy_local:RoutePlanner,"Bern, Switzerland","Zermatt, Switzerland",9,summer,10,sport_culture,0.2,0.3,0.1,0.4,73.3227936,0.7578829,0.9444444,0.8333333,0.6286688,0.0950854,0.949868,1.0,0.458032,-
3,route_planner:RoutePlanner,"Bern, Switzerland","Zermatt, Switzerland",9,summer,10,sport_culture,0.2,0.3,0.1,0.4,82.650645,0.8367117,0.9222222,0.8333333,0.6286688,0.8380144,0.8722229,0.9722222,0.640215,-
1,route_planner_greedy:RoutePlanner,"St. Moritz, Switzerland","St. Moritz, Switzerland",9,summer,6,balanced,0.25,0.25,0.25,0.25,75.1239232,0.8157895,0.962963,0.6666667,0.8239841,0.0017745,0.949868,1.0,0.003495,-
2,route_planner_greedy_local:RoutePlanner,"St. Moritz, Switzerland","St. Moritz, Switzerland",9,summer,6,balanced,0.25,0.25,0.25,0.25,69.4577593,0.6666667,0.9444444,0.6666667,0.8116457,0.0033734,0.949868,1.0,0.083411,-
3,route_planner:RoutePlanner,"St. Moritz, Switzerland","St. Moritz, Switzerland",9,summer,6,balanced,0.25,0.25,0.25,0.25,69.4577593,0.6666667,0.9444444,0.6666667,0.8116457,0.0033734,0.949868,1.0,0.087697,-
1,route_planner_greedy:RoutePlanner,"St. Moritz, Switzerland","St. Moritz, Switzerland",9,summer,6,nature_sport,0.4,0.1,0.2,0.3,79.3160935,0.8963675,1.0,0.6666667,0.8784097,0.0017745,0.949868,1.0,0.003521,-
2,route_planner_greedy_local:RoutePlanner,"St. Moritz, Switzerland","St. Moritz, Switzerland",9,summer,6,nature_sport,0.4,0.1,0.2,0.3,67.0769864,0.6677928,0.8518519,0.5,0.6876526,0.3111672,1.0,1.0,0.108476,-
3,route_planner:RoutePlanner,"St. Moritz, Switzerland","St. Moritz, Switzerland",9,summer,6,nature_sport,0.4,0.1,0.2,0.3,67.0769864,0.6677928,0.8518519,0.5,0.6876526,0.3111672,1.0,1.0,0.111142,-
1,route_planner_greedy:RoutePlanner,"St. Moritz, Switzerland","St. Moritz, Switzerland",9,summer,6,culture_food,0.1,0.4,0.3,0.2,72.5203684,0.7809829,0.962963,0.6666667,0.7305632,0.0033734,0.949868,1.0,0.003254,-
2,route_planner_greedy_local:RoutePlanner,"St. Moritz, Switzerland","St. Moritz, Switzerland",9,summer,6,culture_food,0.1,0.4,0.3,0.2,69.8236861,0.775641,0.9444444,0.5,0.7594743,0.0007019,0.949868,0.9722222,0.111195,-
3,route_planner:RoutePlanner,"St. Moritz, Switzerland","St. Moritz, Switzerland",9,summer,6,culture_food,0.1,0.4,0.3,0.2,69.8236861,0.775641,0.9444444,0.5,0.7594743,0.0007019,0.949868,0.9722222,0.131134,-
1,route_planner_greedy:RoutePlanner,"St. Moritz, Switzerland","St. Moritz, Switzerland",9,summer,6,sport_culture,0.2,0.3,0.1,0.4,74.897611,0.8589744,0.9444444,0.6666667,0.7255845,0.0033734,0.949868,1.0,0.003467,-
2,route_planner_greedy_local:RoutePlanner,"St. Moritz, Switzerland","St. Moritz, Switzerland",9,summer,6,sport_culture,0.2,0.3,0.1,0.4,74.897611,0.8589744,0.9444444,0.6666667,0.7255845,0.0033734,0.949868,1.0,0.127819,-
3,route_planner:RoutePlanner,"St. Moritz, Switzerland","St. Moritz, Switzerland",9,summer,6,sport_culture,0.2,0.3,0.1,0.4,74.897611,0.8589744,0.9444444,0.6666667,0.7255845,0.0033734,0.949868,1.0,0.132278,-
1,route_planner_greedy:RoutePlanner,"St. Moritz, Switzerland","St. Moritz, Switzerland",9,summer,8,balanced,0.25,0.25,0.25,0.25,69.7299226,0.7241379,0.9305556,0.5,0.6919575,0.2686287,1.0,0.9722222,0.005009,-
2,route_planner_greedy_local:RoutePlanner,"St. Moritz, Switzerland","St. Moritz, Switzerland",9,summer,8,balanced,0.25,0.25,0.25,0.25,69.7299226,0.7241379,0.9305556,0.5,0.6919575,0.2686287,1.0,0.9722222,0.135558,-
3,route_planner:RoutePlanner,"St. Moritz, Switzerland","St. Moritz, Switzerland",9,summer,8,balanced,0.25,0.25,0.25,0.25,69.7299226,0.7241379,0.9305556,0.5,0.6919575,0.2686287,1.0,0.9722222,0.143592,-
1,route_planner_greedy:RoutePlanner,"St. Moritz, Switzerland","St. Moritz, Switzerland",9,summer,8,nature_sport,0.4,0.1,0.2,0.3,67.2027357,0.5979532,0.9861111,0.6666667,0.780225,0.0029992,0.949868,1.0,0.005331,-
2,route_planner_greedy_local:RoutePlanner,"St. Moritz, Switzerland","St. Moritz, Switzerland",9,summer,8,nature_sport,0.4,0.1,0.2,0.3,63.1123227,0.5694444,0.9861111,0.5,0.7254647,0.000813,1.0,1.0,0.14726,-
3,route_planner:RoutePlanner,"St. Moritz, Switzerland","St. Moritz, Switzerland",9,summer,8,nature_sport,0.4,0.1,0.2,0.3,63.1123227,0.5694444,0.9861111,0.5,0.7254647,0.000813,1.0,1.0,0.144322,-
1,route_planner_greedy:RoutePlanner,"St. Moritz, Switzerland","St. Moritz, Switzerland",9,summer,8,culture_food,0.1,0.4,0.3,0.2,73.7058797,0.805791,0.9861111,0.6666667,0.7288132,0.0029992,0.949868,1.0,0.005145,-
2,route_planner_greedy_local:RoutePlanner,"St. Moritz, Switzerland","St. Moritz, Switzerland",9,summer,8,culture_food,0.1,0.4,0.3,0.2,60.1646932,0.4784483,0.9722222,0.5,0.7551693,0.000813,1.0,1.0,0.10923,-
3,route_planner:RoutePlanner,"St. Moritz, Switzerland","St. Moritz, Switzerland",9,summer,8,culture_food,0.1,0.4,0.3,0.2,60.1646932,0.4784483,0.9722222,0.5,0.7551693,0.000813,1.0,1.0,0.115228,-
1,route_planner_greedy:RoutePlanner,"St. Moritz, Switzerland","St. Moritz, Switzerland",9,summer,8,sport_culture,0.2,0.3,0.1,0.4,66.6167005,0.6045198,0.9861111,0.6666667,0.7255845,0.0033734,0.949868,1.0,0.005066,-
2,route_planner_greedy_local:RoutePlanner,"St. Moritz, Switzerland","St. Moritz, Switzerland",9,summer,8,sport_culture,0.2,0.3,0.1,0.4,71.1860237,0.7336066,0.9722222,0.5,0.6876526,0.3111672,1.0,1.0,0.135834,-
3,route_planner:RoutePlanner,"St. Moritz, Switzerland","St. Moritz, Switzerland",9,summer,8,sport_culture,0.2,0.3,0.1,0.4,71.1860237,0.7336066,0.9722222,0.5,0.6876526,0.3111672,1.0,1.0,0.140313,-
1,route_planner_greedy:RoutePlanner,"St. Moritz, Switzerland","St. Moritz, Switzerland",9,summer,10,balanced,0.25,0.25,0.25,0.25,78.7283298,0.8823529,0.8888889,0.6666667,0.6791124,0.4576617,0.949868,1.0,0.005965,-
2,route_planner_greedy_local:RoutePlanner,"St. Moritz, Switzerland","St. Moritz, Switzerland",9,summer,10,balanced,0.25,0.25,0.25,0.25,78.7283298,0.8823529,0.8888889,0.6666667,0.6791124,0.4576617,0.949868,1.0,0.193895,-
3,route_planner:RoutePlanner,"St. Moritz, Switzerland","St. Moritz, Switzerland",9,summer,10,balanced,0.25,0.25,0.25,0.25,78.7283298,0.8823529,0.8888889,0.6666667,0.6791124,0.4576617,0.949868,1.0,0.217122,-
1,route_planner_greedy:RoutePlanner,"St. Moritz, Switzerland","St. Moritz, Switzerland",9,summer,10,nature_sport,0.4,0.1,0.2,0.3,73.8173696,0.7963615,0.9555556,0.6666667,0.788554,0.0033734,0.949868,1.0,0.006438,-
2,route_planner_greedy_local:RoutePlanner,"St. Moritz, Switzerland","St. Moritz, Switzerland",9,summer,10,nature_sport,0.4,0.1,0.2,0.3,73.8173696,0.7963615,0.9555556,0.6666667,0.788554,0.0033734,0.949868,1.0,0.221777,-
3,route_planner:RoutePlanner,"St. Moritz, Switzerland","St. Moritz, Switzerland",9,summer,10,nature_sport,0.4,0.1,0.2,0.3,73.8173696,0.7963615,0.9555556,0.6666667,0.788554,0.0033734,0.949868,1.0,0.231648,-
1,route_planner_greedy:RoutePlanner,"St. Moritz, Switzerland","St. Moritz, Switzerland",9,summer,10,culture_food,0.1,0.4,0.3,0.2,73.1514256,0.7722222,0.9666667,0.6666667,0.6791124,0.1687621,0.949868,1.0,0.006013,-
2,route_planner_greedy_local:RoutePlanner,"St. Moritz, Switzerland","St. Moritz, Switzerland",9,summer,10,culture_food,0.1,0.4,0.3,0.2,76.3918131,0.8536036,0.9888889,0.6666667,0.7932853,0.0033734,0.949868,1.0,0.235378,-
3,route_planner:RoutePlanner,"St. Moritz, Switzerland","St. Moritz, Switzerland",9,summer,10,culture_food,0.1,0.4,0.3,0.2,76.3918131,0.8536036,0.9888889,0.6666667,0.7932853,0.0033734,0.949868,1.0,0.255268,-
1,route_planner_greedy:RoutePlanner,"St. Moritz, Switzerland","St. Moritz, Switzerland",9,summer,10,sport_culture,0.2,0.3,0.1,0.4,61.8539737,0.4560185,0.9555556,0.6666667,0.7851279,0.0033734,0.949868,1.0,0.006102,-
2,route_planner_greedy_local:RoutePlanner,"St. Moritz, Switzerland","St. Moritz, Switzerland",9,summer,10,sport_culture,0.2,0.3,0.1,0.4,61.8539737,0.4560185,0.9555556,0.6666667,0.7851279,0.0033734,0.949868,1.0,0.198783,-
3,route_planner:RoutePlanner,"St. Moritz, Switzerland","St. Moritz, Switzerland",9,summer,10,sport_culture,0.2,0.3,0.1,0.4,61.8539737,0.4560185,0.9555556,0.6666667,0.7851279,0.0033734,0.949868,1.0,0.208928,-
1,route_planner_greedy:RoutePlanner,"Interlaken, Switzerland","St. Moritz, Switzerland",9,winter,6,balanced,0.25,0.25,0.25,0.25,68.827997,0.6111111,0.9259259,0.8333333,0.7516946,0.0025461,0.949868,1.0,0.002294,-
2,route_planner_greedy_local:RoutePlanner,"Interlaken, Switzerland","St. Moritz, Switzerland",9,winter,6,balanced,0.25,0.25,0.25,0.25,78.5743701,0.9142857,0.8888889,0.8333333,0.7301258,0.0039811,0.949868,1.0,0.150289,-
3,route_planner:RoutePlanner,"Interlaken, Switzerland","St. Moritz, Switzerland",9,winter,6,balanced,0.25,0.25,0.25,0.25,81.5941454,0.7619048,0.9444444,0.8333333,0.6869267,0.8458231,0.8997359,1.0,0.109121,-
1,route_planner_greedy:RoutePlanner,"Interlaken, Switzerland","St. Moritz, Switzerland",9,winter,6,nature_sport,0.4,0.1,0.2,0.3,69.1117633,0.6121795,0.962963,0.8333333,0.7301258,0.0039811,0.949868,1.0,0.002367,-
2,route_planner_greedy_local:RoutePlanner,"Interlaken, Switzerland","St. Moritz, Switzerland",9,winter,6,nature_sport,0.4,0.1,0.2,0.3,70.9066351,0.6634615,0.962963,0.8333333,0.7301258,0.0039811,0.949868,1.0,0.112999,-
3,route_planner:RoutePlanner,"Interlaken, Switzerland","St. Moritz, Switzerland",9,winter,6,nature_sport,0.4,0.1,0.2,0.3,82.3408908,0.8087121,0.962963,0.6666667,0.7820476,0.8111468,0.949868,1.0,0.1891,-
1,route_planner_greedy:RoutePlanner,"Interlaken, Switzerland","St. Moritz, Switzerland",9,winter,6,culture_food,0.1,0.4,0.3,0.2,67.0551393,0.5534188,0.962963,0.8333333,0.7301258,0.0039811,0.949868,1.0,0.002369,-
2,route_planner_greedy_local:RoutePlanner,"Interlaken, Switzerland","St. Moritz, Switzerland",9,winter,6,culture_food,0.1,0.4,0.3,0.2,70.420524,0.6495726,0.962963,0.8333333,0.7301258,0.0039811,0.949868,1.0,0.237839,-
3,route_planner:RoutePlanner,"Interlaken, Switzerland","St. Moritz, Switzerland",9,winter,6,culture_food,0.1,0.4,0.3,0.2,82.3408908,0.8087121,0.962963,0.6666667,0.7820476,0.8111468,0.949868,1.0,0.195683,-
1,route_planner_greedy:RoutePlanner,"Interlaken, Switzerland","St. Moritz, Switzerland",9,winter,6,sport_culture,0.2,0.3,0.1,0.4,73.3420088,0.6849593,1.0,0.8333333,0.8052854,0.0039811,0.949868,1.0,0.002302,-
2,route_planner_greedy_local:RoutePlanner,"Interlaken, Switzerland","St. Moritz, Switzerland",9,winter,6,sport_culture,0.2,0.3,0.1,0.4,73.3420088,0.6849593,1.0,0.8333333,0.8052854,0.0039811,0.949868,1.0,0.069217,-
3,route_planner:RoutePlanner,"Interlaken, Switzerland","St. Moritz, Switzerland",9,winter,6,sport_culture,0.2,0.3,0.1,0.4,75.1817999,0.6041667,0.962963,0.6666667,0.7820476,0.8111468,0.949868,1.0,0.150779,-
1,route_planner_greedy:RoutePlanner,"Interlaken, Switzerland","St. Moritz, Switzerland",9,winter,8,balanced,0.25,0.25,0.25,0.25,75.0264779,0.8396226,0.9027778,0.6666667,0.805869,0.0009984,1.0,1.0,0.003145,-
2,route_planner_greedy_local:RoutePlanner,"Interlaken, Switzerland","St. Moritz, Switzerland",9,winter,8,balanced,0.25,0.25,0.25,0.25,77.6679873,0.9150943,0.9027778,0.6666667,0.805869,0.0009984,1.0,1.0,0.121036,-
3,route_planner:RoutePlanner,"Interlaken, Switzerland","St. Moritz, Switzerland",9,winter,8,balanced,0.25,0.25,0.25,0.25,80.8368042,0.7903226,0.9722222,0.6666667,0.7755173,0.7348969,0.949868,0.9722222,0.17429,-
1,route_planner_greedy:RoutePlanner,"Interlaken, Switzerland","St. Moritz, Switzerland",9,winter,8,nature_sport,0.4,0.1,0.2,0.3,67.5748143,0.625,0.9305556,0.6666667,0.7914016,0.0009346,1.0,0.9722222,0.003323,-
2,route_planner_greedy_local:RoutePlanner,"Interlaken, Switzerland","St. Moritz, Switzerland",9,winter,8,nature_sport,0.4,0.1,0.2,0.3,67.5748143,0.625,0.9305556,0.6666667,0.7914016,0.0009346,1.0,0.9722222,0.063818,-
3,route_planner:RoutePlanner,"Interlaken, Switzerland","St. Moritz, Switzerland",9,winter,8,nature_sport,0.4,0.1,0.2,0.3,86.5706888,0.9375,0.9444444,0.6666667,0.7820476,0.8111468,0.949868,1.0,0.244608,-
1,route_planner_greedy:RoutePlanner,"Interlaken, Switzerland","St. Moritz, Switzerland",9,winter,8,culture_food,0.1,0.4,0.3,0.2,69.9896021,0.6554487,0.9305556,0.8333333,0.7202357,0.0037688,0.949868,1.0,0.003193,-
2,route_planner_greedy_local:RoutePlanner,"Interlaken, Switzerland","St. Moritz, Switzerland",9,winter,8,culture_food,0.1,0.4,0.3,0.2,73.9770015,0.7753268,0.9166667,0.8333333,0.7202357,0.0037688,0.949868,1.0,0.18225,-
3,route_planner:RoutePlanner,"Interlaken, Switzerland","St. Moritz, Switzerland",9,winter,8,culture_food,0.1,0.4,0.3,0.2,78.6544094,0.7485632,0.9166667,0.6666667,0.7580669,0.8111468,0.8722229,0.9722222,0.229119,-
1,route_planner_greedy:RoutePlanner,"Interlaken, Switzerland","St. Moritz, Switzerland",9,winter,8,sport_culture,0.2,0.3,0.1,0.4,75.3812303,0.8070988,0.9305556,0.8333333,0.725686,0.0039811,0.949868,1.0,0.003165,-
2,route_planner_greedy_local:RoutePlanner,"Interlaken, Switzerland","St. Moritz, Switzerland",9,winter,8,sport_culture,0.2,0.3,0.1,0.4,75.3812303,0.8070988,0.9305556,0.8333333,0.725686,0.0039811,0.949868,1.0,0.068029,-
3,route_planner:RoutePlanner,"Interlaken, Switzerland","St. Moritz, Switzerland",9,winter,8,sport_culture,0.2,0.3,0.1,0.4,78.5266602,0.7916667,0.9027778,0.5,0.8233812,0.7564832,1.0,0.9722222,0.109539,-
1,route_planner_greedy:RoutePlanner,"Interlaken, Switzerland","St. Moritz, Switzerland",9,winter,10,balanced,0.25,0.25,0.25,0.25,71.317012,0.7096774,0.8333333,0.8333333,0.7792768,0.0039811,0.949868,1.0,0.003694,-
2,route_planner_greedy_local:RoutePlanner,"Interlaken, Switzerland","St. Moritz, Switzerland",9,winter,10,balanced,0.25,0.25,0.25,0.25,77.190946,0.8965517,0.7888889,0.8333333,0.7792768,0.0039811,0.949868,1.0,0.235653,-
3,route_planner:RoutePlanner,"Interlaken, Switzerland","St. Moritz, Switzerland",9,winter,10,balanced,0.25,0.25,0.25,0.25,86.0226666,0.8648649,0.9555556,0.8333333,0.7315314,0.8447412,0.8997359,1.0,0.428213,-
1,route_planner_greedy:RoutePlanner,"Interlaken, Switzerland","St. Moritz, Switzerland",9,winter,10,nature_sport,0.4,0.1,0.2,0.3,67.6246328,0.4973958,0.9888889,0.8333333,0.7261974,0.2240144,0.949868,1.0,0.003926,-
2,route_planner_greedy_local:RoutePlanner,"Interlaken, Switzerland","St. Moritz, Switzerland",9,winter,10,nature_sport,0.4,0.1,0.2,0.3,72.1710482,0.6844363,0.8555556,0.8333333,0.7261974,0.2240144,0.949868,1.0,0.58267,-
3,route_planner:RoutePlanner,"Interlaken, Switzerland","St. Moritz, Switzerland",9,winter,10,nature_sport,0.4,0.1,0.2,0.3,87.01319,0.8817568,0.9555556,0.8333333,0.7715532,0.8383958,0.8722229,1.0,0.630433,-
1,route_planner_greedy:RoutePlanner,"Interlaken, Switzerland","St. Moritz, Switzerland",9,winter,10,culture_food,0.1,0.4,0.3,0.2,82.5623456,0.7194093,0.9888889,0.8333333,0.7894744,0.8458231,0.949868,1.0,0.003633,-
2,route_planner_greedy_local:RoutePlanner,"Interlaken, Switzerland","St. Moritz, Switzerland",9,winter,10,culture_food,0.1,0.4,0.3,0.2,82.8540352,0.7753623,0.8777778,0.8333333,0.7894744,0.8458231,0.949868,1.0,0.296536,-
3,route_planner:RoutePlanner,"Interlaken, Switzerland","St. Moritz, Switzerland",9,winter,10,culture_food,0.1,0.4,0.3,0.2,82.8540352,0.7753623,0.8777778,0.8333333,0.7894744,0.8458231,0.949868,1.0,0.308622,-
1,route_planner_greedy:RoutePlanner,"Interlaken, Switzerland","St. Moritz, Switzerland",9,winter,10,sport_culture,0.2,0.3,0.1,0.4,87.3657282,0.875,0.9888889,0.8333333,0.7894744,0.7815939,0.949868,1.0,0.003621,-
2,route_planner_greedy_local:RoutePlanner,"Interlaken, Switzerland","St. Moritz, Switzerland",9,winter,10,sport_culture,0.2,0.3,0.1,0.4,87.3657282,0.875,0.9888889,0.8333333,0.7894744,0.7815939,0.949868,1.0,0.110511,-
3,route_planner:RoutePlanner,"Interlaken, Switzerland","St. Moritz, Switzerland",9,winter,10,sport_culture,0.2,0.3,0.1,0.4,87.3657282,0.875,0.9888889,0.8333333,0.7894744,0.7815939,0.949868,1.0,0.151861,-
1,route_planner_greedy:RoutePlanner,"Zurich, Switzerland","Zurich, Switzerland",9,winter,6,balanced,0.25,0.25,0.25,0.25,75.1983818,0.7619048,0.962963,0.6666667,0.6221194,0.500614,0.949868,1.0,0.002369,-
2,route_planner_greedy_local:RoutePlanner,"Zurich, Switzerland","Zurich, Switzerland",9,winter,6,balanced,0.25,0.25,0.25,0.25,75.1983818,0.7619048,0.962963,0.6666667,0.6221194,0.500614,0.949868,1.0,0.089314,-
3,route_planner:RoutePlanner,"Zurich, Switzerland","Zurich, Switzerland",9,winter,6,balanced,0.25,0.25,0.25,0.25,75.1983818,0.7619048,0.962963,0.6666667,0.6221194,0.500614,0.949868,1.0,0.09293,-
1,route_planner_greedy:RoutePlanner,"Zurich, Switzerland","Zurich, Switzerland",9,winter,6,nature_sport,0.4,0.1,0.2,0.3,69.9912816,0.6145833,0.9444444,0.6666667,0.8498429,0.1817215,0.949868,1.0,0.002571,-
2,route_planner_greedy_local:RoutePlanner,"Zurich, Switzerland","Zurich, Switzerland",9,winter,6,nature_sport,0.4,0.1,0.2,0.3,69.9912816,0.6145833,0.9444444,0.6666667,0.8498429,0.1817215,0.949868,1.0,0.085357,-
3,route_planner:RoutePlanner,"Zurich, Switzerland","Zurich, Switzerland",9,winter,6,nature_sport,0.4,0.1,0.2,0.3,69.9912816,0.6145833,0.9444444,0.6666667,0.8498429,0.1817215,0.949868,1.0,0.086784,-
1,route_planner_greedy:RoutePlanner,"Zurich, Switzerland","Zurich, Switzerland",9,winter,6,culture_food,0.1,0.4,0.3,0.2,73.4877353,0.53125,0.9444444,0.6666667,0.8138487,0.8770248,0.949868,1.0,0.002528,-
2,route_planner_greedy_local:RoutePlanner,"Zurich, Switzerland","Zurich, Switzerland",9,winter,6,culture_food,0.1,0.4,0.3,0.2,73.4877353,0.53125,0.9444444,0.6666667,0.8138487,0.8770248,0.949868,1.0,0.0733,-
3,route_planner:RoutePlanner,"Zurich, Switzerland","Zurich, Switzerland",9,winter,6,culture_food,0.1,0.4,0.3,0.2,73.4877353,0.53125,0.9444444,0.6666667,0.8138487,0.8770248,0.949868,1.0,0.076897,-
1,route_planner_greedy:RoutePlanner,"Zurich, Switzerland","Zurich, Switzerland",9,winter,6,sport_culture,0.2,0.3,0.1,0.4,75.8318963,0.8449612,0.962963,0.5,0.6507675,0.4691184,1.0,0.9722222,0.00244,-
2,route_planner_greedy_local:RoutePlanner,"Zurich, Switzerland","Zurich, Switzerland",9,winter,6,sport_culture,0.2,0.3,0.1,0.4,75.8318963,0.8449612,0.962963,0.5,0.6507675,0.4691184,1.0,0.9722222,0.086186,-
3,route_planner:RoutePlanner,"Zurich, Switzerland","Zurich, Switzerland",9,winter,6,sport_culture,0.2,0.3,0.1,0.4,75.8318963,0.8449612,0.962963,0.5,0.6507675,0.4691184,1.0,0.9722222,0.089388,-
1,route_planner_greedy:RoutePlanner,"Zurich, Switzerland","Zurich, Switzerland",9,winter,8,balanced,0.25,0.25,0.25,0.25,82.1972051,0.8333333,1.0,0.6666667,0.8317309,0.5805235,0.949868,1.0,0.003261,-
2,route_planner_greedy_local:RoutePlanner,"Zurich, Switzerland","Zurich, Switzerland",9,winter,8,balanced,0.25,0.25,0.25,0.25,82.1972051,0.8333333,1.0,0.6666667,0.8317309,0.5805235,0.949868,1.0,0.08791,-
3,route_planner:RoutePlanner,"Zurich, Switzerland","Zurich, Switzerland",9,winter,8,balanced,0.25,0.25,0.25,0.25,82.1972051,0.8333333,1.0,0.6666667,0.8317309,0.5805235,0.949868,1.0,0.093304,-
1,route_planner_greedy:RoutePlanner,"Zurich, Switzerland","Zurich, Switzerland",9,winter,8,nature_sport,0.4,0.1,0.2,0.3,70.7618589,0.5716146,1.0,0.5,0.5596158,1.0,1.0,0.9722222,0.003466,-
2,route_planner_greedy_local:RoutePlanner,"Zurich, Switzerland","Zurich, Switzerland",9,winter,8,nature_sport,0.4,0.1,0.2,0.3,70.7618589,0.5716146,1.0,0.5,0.5596158,1.0,1.0,0.9722222,0.123733,-
3,route_planner:RoutePlanner,"Zurich, Switzerland","Zurich, Switzerland",9,winter,8,nature_sport,0.4,0.1,0.2,0.3,70.7618589,0.5716146,1.0,0.5,0.5596158,1.0,1.0,0.9722222,0.128839,-
1,route_planner_greedy:RoutePlanner,"Zurich, Switzerland","Zurich, Switzerland",9,winter,8,culture_food,0.1,0.4,0.3,0.2,76.5726278,0.6892655,0.9861111,0.6666667,0.7766951,0.6256901,0.949868,1.0,0.003418,-
2,route_planner_greedy_local:RoutePlanner,"Zurich, Switzerland","Zurich, Switzerland",9,winter,8,culture_food,0.1,0.4,0.3,0.2,76.5726278,0.6892655,0.9861111,0.6666667,0.7766951,0.6256901,0.949868,1.0,0.081308,-
3,route_planner:RoutePlanner,"Zurich, Switzerland","Zurich, Switzerland",9,winter,8,culture_food,0.1,0.4,0.3,0.2,76.5726278,0.6892655,0.9861111,0.6666667,0.7766951,0.6256901,0.949868,1.0,0.082634,-
1,route_planner_greedy:RoutePlanner,"Zurich, Switzerland","Zurich, Switzerland",9,winter,8,sport_culture,0.2,0.3,0.1,0.4,75.7566513,0.5950292,0.9444444,0.6666667,0.8162916,0.8770248,0.949868,1.0,0.003322,-
2,route_planner_greedy_local:RoutePlanner,"Zurich, Switzerland","Zurich, Switzerland",9,winter,8,sport_culture,0.2,0.3,0.1,0.4,59.9465138,0.4385246,0.9861111,0.5,0.8284365,0.0018827,1.0,0.9722222,0.084938,-
3,route_planner:RoutePlanner,"Zurich, Switzerland","Zurich, Switzerland",9,winter,8,sport_culture,0.2,0.3,0.1,0.4,59.9465138,0.4385246,0.9861111,0.5,0.8284365,0.0018827,1.0,0.9722222,0.089998,-
1,route_planner_greedy:RoutePlanner,"Zurich, Switzerland","Zurich, Switzerland",9,winter,10,balanced,0.25,0.25,0.25,0.25,76.1337081,0.7532468,0.9666667,0.6666667,0.6172883,0.6261408,0.949868,1.0,0.003703,-
2,route_planner_greedy_local:RoutePlanner,"Zurich, Switzerland","Zurich, Switzerland",9,winter,10,balanced,0.25,0.25,0.25,0.25,76.1337081,0.7532468,0.9666667,0.6666667,0.6172883,0.6261408,0.949868,1.0,0.121381,-
3,route_planner:RoutePlanner,"Zurich, Switzerland","Zurich, Switzerland",9,winter,10,balanced,0.25,0.25,0.25,0.25,76.1337081,0.7532468,0.9666667,0.6666667,0.6172883,0.6261408,0.949868,1.0,0.127404,-
1,route_planner_greedy:RoutePlanner,"Zurich, Switzerland","Zurich, Switzerland",9,winter,10,nature_sport,0.4,0.1,0.2,0.3,77.8418318,0.8378378,0.9444444,0.6666667,0.8522857,0.1817215,0.949868,1.0,0.003899,-
2,route_planner_greedy_local:RoutePlanner,"Zurich, Switzerland","Zurich, Switzerland",9,winter,10,nature_sport,0.4,0.1,0.2,0.3,77.8418318,0.8378378,0.9444444,0.6666667,0.8522857,0.1817215,0.949868,1.0,0.107317,-
3,route_planner:RoutePlanner,"Zurich, Switzerland","Zurich, Switzerland",9,winter,10,nature_sport,0.4,0.1,0.2,0.3,77.8418318,0.8378378,0.9444444,0.6666667,0.8522857,0.1817215,0.949868,1.0,0.113024,-
1,route_planner_greedy:RoutePlanner,"Zurich, Switzerland","Zurich, Switzerland",9,winter,10,culture_food,0.1,0.4,0.3,0.2,68.0148345,0.4551688,0.9666667,0.6666667,0.5223058,1.0,0.949868,1.0,0.003767,-
2,route_planner_greedy_local:RoutePlanner,"Zurich, Switzerland","Zurich, Switzerland",9,winter,10,culture_food,0.1,0.4,0.3,0.2,68.0148345,0.4551688,0.9666667,0.6666667,0.5223058,1.0,0.949868,1.0,0.097805,-
3,route_planner:RoutePlanner,"Zurich, Switzerland","Zurich, Switzerland",9,winter,10,culture_food,0.1,0.4,0.3,0.2,68.0148345,0.4551688,0.9666667,0.6666667,0.5223058,1.0,0.949868,1.0,0.104623,-
1,route_planner_greedy:RoutePlanner,"Zurich, Switzerland","Zurich, Switzerland",9,winter,10,sport_culture,0.2,0.3,0.1,0.4,76.7819958,0.8263889,0.9111111,0.6666667,0.8416775,0.1817215,0.949868,1.0,0.003754,-
2,route_planner_greedy_local:RoutePlanner,"Zurich, Switzerland","Zurich, Switzerland",9,winter,10,sport_culture,0.2,0.3,0.1,0.4,76.7819958,0.8263889,0.9111111,0.6666667,0.8416775,0.1817215,0.949868,1.0,0.106238,-
3,route_planner:RoutePlanner,"Zurich, Switzerland","Zurich, Switzerland",9,winter,10,sport_culture,0.2,0.3,0.1,0.4,76.7819958,0.8263889,0.9111111,0.6666667,0.8416775,0.1817215,0.949868,1.0,0.108773,-
1,route_planner_greedy:RoutePlanner,"Lugano, Switzerland","Zurich, Switzerland",9,winter,6,balanced,0.25,0.25,0.25,0.25,74.0593142,0.6829268,0.962963,0.8333333,0.7763917,0.1817215,0.949868,1.0,0.002266,-
2,route_planner_greedy_local:RoutePlanner,"Lugano, Switzerland","Zurich, Switzerland",9,winter,6,balanced,0.25,0.25,0.25,0.25,77.4739483,0.7804878,0.962963,0.8333333,0.7763917,0.1817215,0.949868,1.0,0.131456,-
3,route_planner:RoutePlanner,"Lugano, Switzerland","Zurich, Switzerland",9,winter,6,balanced,0.25,0.25,0.25,0.25,86.5508015,0.8684211,0.9074074,0.8333333,0.7055105,0.9963616,0.8997359,1.0,0.24112,-
1,route_planner_greedy:RoutePlanner,"Lugano, Switzerland","Zurich, Switzerland",9,winter,6,nature_sport,0.4,0.1,0.2,0.3,83.0445383,0.7083333,0.962963,0.8333333,0.7706058,1.0,0.949868,1.0,0.002402,-
2,route_planner_greedy_local:RoutePlanner,"Lugano, Switzerland","Zurich, Switzerland",9,winter,6,nature_sport,0.4,0.1,0.2,0.3,92.697316,1.0,0.9259259,0.8333333,0.7706058,1.0,0.949868,1.0,0.140957,-
3,route_planner:RoutePlanner,"Lugano, Switzerland","Zurich, Switzerland",9,winter,6,nature_sport,0.4,0.1,0.2,0.3,92.697316,1.0,0.9259259,0.8333333,0.7706058,1.0,0.949868,1.0,0.106032,-
1,route_planner_greedy:RoutePlanner,"Lugano, Switzerland","Zurich, Switzerland",9,winter,6,culture_food,0.1,0.4,0.3,0.2,81.3577535,0.7239583,0.9444444,0.8333333,0.7221972,0.8770248,0.949868,1.0,0.002302,-
2,route_planner_greedy_local:RoutePlanner,"Lugano, Switzerland","Zurich, Switzerland",9,winter,6,culture_food,0.1,0.4,0.3,0.2,81.3577535,0.7239583,0.9444444,0.8333333,0.7221972,0.8770248,0.949868,1.0,0.067085,-
3,route_planner:RoutePlanner,"Lugano, Switzerland","Zurich, Switzerland",9,winter,6,culture_food,0.1,0.4,0.3,0.2,91.5521759,0.9616228,0.9259259,1.0,0.7287912,0.8964166,0.8220908,1.0,0.166648,-
1,route_planner_greedy:RoutePlanner,"Lugano, Switzerland","Zurich, Switzerland",9,winter,6,sport_culture,0.2,0.3,0.1,0.4,87.5584272,0.8373016,0.962963,0.8333333,0.7706058,1.0,0.949868,1.0,0.002442,-
2,route_planner_greedy_local:RoutePlanner,"Lugano, Switzerland","Zurich, Switzerland",9,winter,6,sport_culture,0.2,0.3,0.1,0.4,91.3778716,0.9464286,0.962963,0.8333333,0.7706058,1.0,0.949868,1.0,0.19929,-
3,route_planner:RoutePlanner,"Lugano, Switzerland","Zurich, Switzerland",9,winter,6,sport_culture,0.2,0.3,0.1,0.4,91.3778716,0.9464286,0.962963,0.8333333,0.7706058,1.0,0.949868,1.0,0.11345,-
1,route_planner_greedy:RoutePlanner,"Lugano, Switzerland","Zurich, Switzerland",9,winter,8,balanced,0.25,0.25,0.25,0.25,86.7929224,0.8571429,0.9444444,0.8333333,0.7759051,0.8738339,0.949868,1.0,0.003518,-
2,route_planner_greedy_local:RoutePlanner,"Lugano, Switzerland","Zurich, Switzerland",9,winter,8,balanced,0.25,0.25,0.25,0.25,86.7929224,0.8571429,0.9444444,0.8333333,0.7759051,0.8738339,0.949868,1.0,0.075519,-
3,route_planner:RoutePlanner,"Lugano, Switzerland","Zurich, Switzerland",9,winter,8,balanced,0.25,0.25,0.25,0.25,90.0266697,0.8703704,0.9166667,1.0,0.7822388,0.9969671,0.8220908,1.0,0.260733,-
1,route_planner_greedy:RoutePlanner,"Lugano, Switzerland","Zurich, Switzerland",9,winter,8,nature_sport,0.4,0.1,0.2,0.3,79.785648,0.7438525,0.9583333,0.6666667,0.7351662,0.8487208,1.0,0.9722222,0.003435,-
2,route_planner_greedy_local:RoutePlanner,"Lugano, Switzerland","Zurich, Switzerland",9,winter,8,nature_sport,0.4,0.1,0.2,0.3,83.2866306,0.8676901,0.9027778,0.6666667,0.7351662,0.8487208,1.0,0.9722222,0.441326,-
3,route_planner:RoutePlanner,"Lugano, Switzerland","Zurich, Switzerland",9,winter,8,nature_sport,0.4,0.1,0.2,0.3,86.547855,0.875,0.9444444,0.8333333,0.7509143,0.8770248,0.8722229,0.9722222,0.343759,-
1,route_planner_greedy:RoutePlanner,"Lugano, Switzerland","Zurich, Switzerland",9,winter,8,culture_food,0.1,0.4,0.3,0.2,73.3514952,0.6603107,1.0,0.8333333,0.8087656,0.0859796,0.949868,1.0,0.003275,-
2,route_planner_greedy_local:RoutePlanner,"Lugano, Switzerland","Zurich, Switzerland",9,winter,8,culture_food,0.1,0.4,0.3,0.2,80.5511541,0.9017296,0.9166667,0.8333333,0.8087656,0.0859796,0.949868,1.0,0.143135,-
3,route_planner:RoutePlanner,"Lugano, Switzerland","Zurich, Switzerland",9,winter,8,culture_food,0.1,0.4,0.3,0.2,84.0122413,0.9333333,0.9166667,1.0,0.8296639,0.1040162,0.8220908,1.0,0.309999,-
1,route_planner_greedy:RoutePlanner,"Lugano, Switzerland","Zurich, Switzerland",9,winter,8,sport_culture,0.2,0.3,0.1,0.4,77.3957819,0.7777778,1.0,0.8333333,0.8040856,0.0862936,0.949868,1.0,0.003199,-
2,route_planner_greedy_local:RoutePlanner,"Lugano, Switzerland","Zurich, Switzerland",9,winter,8,sport_culture,0.2,0.3,0.1,0.4,77.3957819,0.7777778,1.0,0.8333333,0.8040856,0.0862936,0.949868,1.0,0.075215,-
3,route_planner:RoutePlanner,"Lugano, Switzerland","Zurich, Switzerland",9,winter,8,sport_culture,0.2,0.3,0.1,0.4,77.3957819,0.7777778,1.0,0.8333333,0.8040856,0.0862936,0.949868,1.0,0.086299,-
1,route_planner_greedy:RoutePlanner,"Lugano, Switzerland","Zurich, Switzerland",9,winter,10,balanced,0.25,0.25,0.25,0.25,78.064024,0.7857143,0.9777778,0.8333333,0.7887202,0.1817215,0.949868,1.0,0.00392,-
2,route_planner_greedy_local:RoutePlanner,"Lugano, Switzerland","Zurich, Switzerland",9,winter,10,balanced,0.25,0.25,0.25,0.25,80.1274043,0.8732394,0.9111111,0.8333333,0.7887202,0.1817215,0.949868,1.0,0.316691,-
3,route_planner:RoutePlanner,"Lugano, Switzerland","Zurich, Switzerland",9,winter,10,balanced,0.25,0.25,0.25,0.25,81.8646812,0.8266667,0.9777778,1.0,0.7826442,0.2414563,0.8220908,1.0,0.790739,-
1,route_planner_greedy:RoutePlanner,"Lugano, Switzerland","Zurich, Switzerland",9,winter,10,nature_sport,0.4,0.1,0.2,0.3,85.8858149,0.8508454,0.8888889,0.8333333,0.7835536,0.8770248,0.949868,1.0,0.004165,-
2,route_planner_greedy_local:RoutePlanner,"Lugano, Switzerland","Zurich, Switzerland",9,winter,10,nature_sport,0.4,0.1,0.2,0.3,85.8858149,0.8508454,0.8888889,0.8333333,0.7835536,0.8770248,0.949868,1.0,0.113314,-
3,route_planner:RoutePlanner,"Lugano, Switzerland","Zurich, Switzerland",9,winter,10,nature_sport,0.4,0.1,0.2,0.3,85.8858149,0.8508454,0.8888889,0.8333333,0.7835536,0.8770248,0.949868,1.0,0.199535,-
1,route_planner_greedy:RoutePlanner,"Lugano, Switzerland","Zurich, Switzerland",9,winter,10,culture_food,0.1,0.4,0.3,0.2,77.9452895,0.6666667,0.9555556,0.6666667,0.6882721,0.9954541,1.0,1.0,0.003803,-
2,route_planner_greedy_local:RoutePlanner,"Lugano, Switzerland","Zurich, Switzerland",9,winter,10,culture_food,0.1,0.4,0.3,0.2,77.9452895,0.6666667,0.9555556,0.6666667,0.6882721,0.9954541,1.0,1.0,0.093668,-
3,route_planner:RoutePlanner,"Lugano, Switzerland","Zurich, Switzerland",9,winter,10,culture_food,0.1,0.4,0.3,0.2,80.3833896,0.6972222,0.9555556,0.8333333,0.7337099,0.8780515,0.8722229,1.0,0.265319,-
1,route_planner_greedy:RoutePlanner,"Lugano, Switzerland","Zurich, Switzerland",9,winter,10,sport_culture,0.2,0.3,0.1,0.4,84.976522,0.7890295,0.9666667,0.8333333,0.7074099,1.0,0.949868,1.0,0.003751,-
2,route_planner_greedy_local:RoutePlanner,"Lugano, Switzerland","Zurich, Switzerland",9,winter,10,sport_culture,0.2,0.3,0.1,0.4,88.2993068,0.8839662,0.9666667,0.8333333,0.7074099,1.0,0.949868,1.0,0.25265,-
3,route_planner:RoutePlanner,"Lugano, Switzerland","Zurich, Switzerland",9,winter,10,sport_culture,0.2,0.3,0.1,0.4,88.2993068,0.8839662,0.9666667,0.8333333,0.7074099,1.0,0.949868,1.0,0.252076,-
1,route_planner_greedy:RoutePlanner,"Geneva, Switzerland","Lucerne, Switzerland",9,winter,6,balanced,0.25,0.25,0.25,0.25,85.2159971,0.7666667,1.0,0.8333333,0.7422216,1.0,0.949868,1.0,0.002503,-
2,route_planner_greedy_local:RoutePlanner,"Geneva, Switzerland","Lucerne, Switzerland",9,winter,6,balanced,0.25,0.25,0.25,0.25,89.4937749,0.8888889,1.0,0.8333333,0.7422216,1.0,0.949868,1.0,0.282276,-
3,route_planner:RoutePlanner,"Geneva, Switzerland","Lucerne, Switzerland",9,winter,6,balanced,0.25,0.25,0.25,0.25,89.4937749,0.8888889,1.0,0.8333333,0.7422216,1.0,0.949868,1.0,0.382048,-
1,route_planner_greedy:RoutePlanner,"Geneva, Switzerland","Lucerne, Switzerland",9,winter,6,nature_sport,0.4,0.1,0.2,0.3,74.1994336,0.5853175,0.9259259,0.6666667,0.6549622,1.0,1.0,1.0,0.003054,-
2,route_planner_greedy_local:RoutePlanner,"Geneva, Switzerland","Lucerne, Switzerland",9,winter,6,nature_sport,0.4,0.1,0.2,0.3,76.8556836,0.6770833,0.8888889,0.6666667,0.6549622,1.0,1.0,1.0,0.15506,-
3,route_planner:RoutePlanner,"Geneva, Switzerland","Lucerne, Switzerland",9,winter,6,nature_sport,0.4,0.1,0.2,0.3,76.8556836,0.6770833,0.8888889,0.6666667,0.6549622,1.0,1.0,1.0,0.183357,-
1,route_planner_greedy:RoutePlanner,"Geneva, Switzerland","Lucerne, Switzerland",9,winter,6,culture_food,0.1,0.4,0.3,0.2,77.4717886,0.5968992,0.9814815,0.8333333,0.6405836,1.0,0.949868,1.0,0.002826,-
2,route_planner_greedy_local:RoutePlanner,"Geneva, Switzerland","Lucerne, Switzerland",9,winter,6,culture_food,0.1,0.4,0.3,0.2,87.5105483,0.8837209,0.9814815,0.8333333,0.6405836,1.0,0.949868,1.0,0.207054,-
3,route_planner:RoutePlanner,"Geneva, Switzerland","Lucerne, Switzerland",9,winter,6,culture_food,0.1,0.4,0.3,0.2,87.5105483,0.8837209,0.9814815,0.8333333,0.6405836,1.0,0.949868,1.0,0.157412,-
1,route_planner_greedy:RoutePlanner,"Geneva, Switzerland","Lucerne, Switzerland",9,winter,6,sport_culture,0.2,0.3,0.1,0.4,77.1953012,0.6979167,0.8888889,0.6666667,0.6549622,1.0,0.949868,0.9722222,0.003483,-
2,route_planner_greedy_local:RoutePlanner,"Geneva, Switzerland","Lucerne, Switzerland",9,winter,6,sport_culture,0.2,0.3,0.1,0.4,77.1953012,0.6979167,0.8888889,0.6666667,0.6549622,1.0,0.949868,0.9722222,0.060365,-
3,route_planner:RoutePlanner,"Geneva, Switzerland","Lucerne, Switzerland",9,winter,6,sport_culture,0.2,0.3,0.1,0.4,80.1119679,0.78125,0.8888889,0.6666667,0.6549622,1.0,0.949868,0.9722222,0.147666,-
1,route_planner_greedy:RoutePlanner,"Geneva, Switzerland","Lucerne, Switzerland",9,winter,8,balanced,0.25,0.25,0.25,0.25,80.0200388,0.6111111,1.0,0.8333333,0.7587873,1.0,0.949868,1.0,0.003537,-
2,route_planner_greedy_local:RoutePlanner,"Geneva, Switzerland","Lucerne, Switzerland",9,winter,8,balanced,0.25,0.25,0.25,0.25,80.0200388,0.6111111,1.0,0.8333333,0.7587873,1.0,0.949868,1.0,0.119938,-
3,route_planner:RoutePlanner,"Geneva, Switzerland","Lucerne, Switzerland",9,winter,8,balanced,0.25,0.25,0.25,0.25,92.0159206,0.9310345,0.9444444,1.0,0.7435062,1.0,0.8220908,1.0,0.412781,-
1,route_planner_greedy:RoutePlanner,"Geneva, Switzerland","Lucerne, Switzerland",9,winter,8,nature_sport,0.4,0.1,0.2,0.3,79.3700844,0.6169355,1.0,0.8333333,0.7018668,1.0,0.949868,1.0,0.003244,-
2,route_planner_greedy_local:RoutePlanner,"Geneva, Switzerland","Lucerne, Switzerland",9,winter,8,nature_sport,0.4,0.1,0.2,0.3,87.7773425,0.875,0.9583333,0.8333333,0.7018668,1.0,0.949868,1.0,0.666783,-
3,route_planner:RoutePlanner,"Geneva, Switzerland","Lucerne, Switzerland",9,winter,8,nature_sport,0.4,0.1,0.2,0.3,87.7773425,0.875,0.9583333,0.8333333,0.7018668,1.0,0.949868,1.0,0.228234,-
1,route_planner_greedy:RoutePlanner,"Geneva, Switzerland","Lucerne, Switzerland",9,winter,8,culture_food,0.1,0.4,0.3,0.2,82.3979634,0.7043011,1.0,0.8333333,0.6998724,1.0,0.949868,1.0,0.003372,-
2,route_planner_greedy_local:RoutePlanner,"Geneva, Switzerland","Lucerne, Switzerland",9,winter,8,culture_food,0.1,0.4,0.3,0.2,85.9261893,0.8051075,1.0,0.8333333,0.6998724,1.0,0.949868,1.0,0.212151,-
3,route_planner:RoutePlanner,"Geneva, Switzerland","Lucerne, Switzerland",9,winter,8,culture_food,0.1,0.4,0.3,0.2,88.3682556,0.841954,0.9722222,1.0,0.6804052,1.0,0.8220908,1.0,0.282214,-
1,route_planner_greedy:RoutePlanner,"Geneva, Switzerland","Lucerne, Switzerland",9,winter,8,sport_culture,0.2,0.3,0.1,0.4,86.2067378,0.7949735,1.0,0.8333333,0.7422216,1.0,0.949868,1.0,0.003307,-
2,route_planner_greedy_local:RoutePlanner,"Geneva, Switzerland","Lucerne, Switzerland",9,winter,8,sport_culture,0.2,0.3,0.1,0.4,86.4382193,0.8194444,0.9583333,0.8333333,0.7422216,1.0,0.949868,1.0,0.204787,-
3,route_planner:RoutePlanner,"Geneva, Switzerland","Lucerne, Switzerland",9,winter,8,sport_culture,0.2,0.3,0.1,0.4,92.4091173,0.9303279,0.9861111,1.0,0.7297014,1.0,0.8220908,1.0,0.254728,-
1,route_planner_greedy:RoutePlanner,"Geneva, Switzerland","Lucerne, Switzerland",9,winter,10,balanced,0.25,0.25,0.25,0.25,79.5753164,0.6666667,0.9,0.8333333,0.6995096,1.0,0.949868,1.0,0.003557,-
2,route_planner_greedy_local:RoutePlanner,"Geneva, Switzerland","Lucerne, Switzerland",9,winter,10,balanced,0.25,0.25,0.25,0.25,84.3988459,0.8235294,0.8555556,0.8333333,0.6995096,1.0,0.949868,1.0,0.165443,-
3,route_planner:RoutePlanner,"Geneva, Switzerland","Lucerne, Switzerland",9,winter,10,balanced,0.25,0.25,0.25,0.25,84.6899759,0.7878788,0.8555556,1.0,0.694108,0.9971873,0.7794783,1.0,0.63569,-
1,route_planner_greedy:RoutePlanner,"Geneva, Switzerland","Lucerne, Switzerland",9,winter,10,nature_sport,0.4,0.1,0.2,0.3,77.7857566,0.5712025,0.9888889,0.8333333,0.7163159,0.9966257,0.949868,1.0,0.003699,-
2,route_planner_greedy_local:RoutePlanner,"Geneva, Switzerland","Lucerne, Switzerland",9,winter,10,nature_sport,0.4,0.1,0.2,0.3,78.3395541,0.5870253,0.9888889,0.8333333,0.7163159,0.9966257,0.949868,1.0,0.205791,-
3,route_planner:RoutePlanner,"Geneva, Switzerland","Lucerne, Switzerland",9,winter,10,nature_sport,0.4,0.1,0.2,0.3,80.6518447,0.6444444,0.9333333,1.0,0.6657223,1.0,0.8220908,1.0,0.37394,-
1,route_planner_greedy:RoutePlanner,"Geneva, Switzerland","Lucerne, Switzerland",9,winter,10,culture_food,0.1,0.4,0.3,0.2,78.9118114,0.6033755,0.9888889,0.8333333,0.7163159,0.9966257,0.949868,1.0,0.00372,-
2,route_planner_greedy_local:RoutePlanner,"Geneva, Switzerland","Lucerne, Switzerland",9,winter,10,culture_food,0.1,0.4,0.3,0.2,80.9260881,0.6894977,0.9222222,0.8333333,0.7163159,0.9966257,0.949868,1.0,0.202567,-
3,route_planner:RoutePlanner,"Geneva, Switzerland","Lucerne, Switzerland",9,winter,10,culture_food,0.1,0.4,0.3,0.2,86.8176325,0.7965368,0.9777778,1.0,0.6774483,1.0,0.8220908,1.0,0.4608,-
1,route_planner_greedy:RoutePlanner,"Geneva, Switzerland","Lucerne, Switzerland",9,winter,10,sport_culture,0.2,0.3,0.1,0.4,82.4254365,0.7314815,0.9222222,0.8333333,0.7183103,0.9966257,0.949868,1.0,0.004257,-
2,route_planner_greedy_local:RoutePlanner,"Geneva, Switzerland","Lucerne, Switzerland",9,winter,10,sport_culture,0.2,0.3,0.1,0.4,84.3748667,0.8205128,0.8444444,0.8333333,0.7183103,0.9966257,0.949868,1.0,0.189874,-
3,route_planner:RoutePlanner,"Geneva, Switzerland","Lucerne, Switzerland",9,winter,10,sport_culture,0.2,0.3,0.1,0.4,84.3748667,0.8205128,0.8444444,0.8333333,0.7183103,0.9966257,0.949868,1.0,0.366781,-
1,route_planner_greedy:RoutePlanner,"Bern, Switzerland","Zermatt, Switzerland",9,winter,6,balanced,0.25,0.25,0.25,0.25,69.3361455,0.6857143,0.8518519,0.8333333,0.6238783,0.0950854,0.949868,1.0,0.002578,-
2,route_planner_greedy_local:RoutePlanner,"Bern, Switzerland","Zermatt, Switzerland",9,winter,6,balanced,0.25,0.25,0.25,0.25,74.8361455,0.8428571,0.8518519,0.8333333,0.6238783,0.0950854,0.949868,1.0,0.141565,-
3,route_planner:RoutePlanner,"Bern, Switzerland","Zermatt, Switzerland",9,winter,6,balanced,0.25,0.25,0.25,0.25,79.225051,0.7692308,0.8703704,0.6666667,0.6867981,1.0,0.8722229,0.9166667,0.212477,-
1,route_planner_greedy:RoutePlanner,"Bern, Switzerland","Zermatt, Switzerland",9,winter,6,nature_sport,0.4,0.1,0.2,0.3,74.2650022,0.5892857,0.8518519,0.8333333,0.6227621,0.9271453,0.949868,1.0,0.002352,-
2,route_planner_greedy_local:RoutePlanner,"Bern, Switzerland","Zermatt, Switzerland",9,winter,6,nature_sport,0.4,0.1,0.2,0.3,74.2650022,0.5892857,0.8518519,0.8333333,0.6227621,0.9271453,0.949868,1.0,0.062836,-
3,route_planner:RoutePlanner,"Bern, Switzerland","Zermatt, Switzerland",9,winter,6,nature_sport,0.4,0.1,0.2,0.3,84.0685883,0.7916667,0.8888889,1.0,0.5944312,1.0,0.8220908,1.0,0.21326,-
1,route_planner_greedy:RoutePlanner,"Bern, Switzerland","Zermatt, Switzerland",9,winter,6,culture_food,0.1,0.4,0.3,0.2,76.3863183,0.8611111,0.9259259,0.8333333,0.6105565,0.0950854,0.949868,1.0,0.002513,-
2,route_planner_greedy_local:RoutePlanner,"Bern, Switzerland","Zermatt, Switzerland",9,winter,6,culture_food,0.1,0.4,0.3,0.2,76.3863183,0.8611111,0.9259259,0.8333333,0.6105565,0.0950854,0.949868,1.0,0.06015,-
3,route_planner:RoutePlanner,"Bern, Switzerland","Zermatt, Switzerland",9,winter,6,culture_food,0.1,0.4,0.3,0.2,84.2985019,0.90625,0.8888889,0.6666667,0.6867981,1.0,0.8722229,0.9166667,0.13079,-
1,route_planner_greedy:RoutePlanner,"Bern, Switzerland","Zermatt, Switzerland",9,winter,6,sport_culture,0.2,0.3,0.1,0.4,88.0260098,0.9017094,0.9259259,0.8333333,0.6909557,0.9963616,0.949868,1.0,0.002421,-
2,route_planner_greedy_local:RoutePlanner,"Bern, Switzerland","Zermatt, Switzerland",9,winter,6,sport_culture,0.2,0.3,0.1,0.4,88.0260098,0.9017094,0.9259259,0.8333333,0.6909557,0.9963616,0.949868,1.0,0.065539,-
3,route_planner:RoutePlanner,"Bern, Switzerland","Zermatt, Switzerland",9,winter,6,sport_culture,0.2,0.3,0.1,0.4,88.0260098,0.9017094,0.9259259,0.8333333,0.6909557,0.9963616,0.949868,1.0,0.098429,-
1,route_planner_greedy:RoutePlanner,"Bern, Switzerland","Zermatt, Switzerland",9,winter,8,balanced,0.25,0.25,0.25,0.25,72.626326,0.7118644,0.9583333,0.8333333,0.7364614,0.0039811,0.949868,1.0,0.003485,-
2,route_planner_greedy_local:RoutePlanner,"Bern, Switzerland","Zermatt, Switzerland",9,winter,8,balanced,0.25,0.25,0.25,0.25,72.626326,0.7118644,0.9583333,0.8333333,0.7364614,0.0039811,0.949868,1.0,0.104061,-
3,route_planner:RoutePlanner,"Bern, Switzerland","Zermatt, Switzerland",9,winter,8,balanced,0.25,0.25,0.25,0.25,84.7705875,0.9363636,0.875,0.6666667,0.617494,1.0,0.949868,0.9722222,0.246874,-
1,route_planner_greedy:RoutePlanner,"Bern, Switzerland","Zermatt, Switzerland",9,winter,8,nature_sport,0.4,0.1,0.2,0.3,71.8704242,0.6770833,0.9861111,0.8333333,0.7364614,0.008458,0.949868,1.0,0.003427,-
2,route_planner_greedy_local:RoutePlanner,"Bern, Switzerland","Zermatt, Switzerland",9,winter,8,nature_sport,0.4,0.1,0.2,0.3,71.8704242,0.6770833,0.9861111,0.8333333,0.7364614,0.008458,0.949868,1.0,0.09177,-
3,route_planner:RoutePlanner,"Bern, Switzerland","Zermatt, Switzerland",9,winter,8,nature_sport,0.4,0.1,0.2,0.3,79.7426353,0.7577684,0.9305556,0.6666667,0.617494,1.0,1.0,1.0,0.110134,-
1,route_planner_greedy:RoutePlanner,"Bern, Switzerland","Zermatt, Switzerland",9,winter,8,culture_food,0.1,0.4,0.3,0.2,77.3368058,0.6527778,0.9722222,0.8333333,0.6184511,0.8380144,0.949868,1.0,0.003057,-
2,route_planner_greedy_local:RoutePlanner,"Bern, Switzerland","Zermatt, Switzerland",9,winter,8,culture_food,0.1,0.4,0.3,0.2,83.1701392,0.8194444,0.9722222,0.8333333,0.6184511,0.8380144,0.949868,1.0,0.152795,-
3,route_planner:RoutePlanner,"Bern, Switzerland","Zermatt, Switzerland",9,winter,8,culture_food,0.1,0.4,0.3,0.2,83.1701392,0.8194444,0.9722222,0.8333333,0.6184511,0.8380144,0.949868,1.0,0.162869,-
1,route_planner_greedy:RoutePlanner,"Bern, Switzerland","Zermatt, Switzerland",9,winter,8,sport_culture,0.2,0.3,0.1,0.4,78.0965304,0.6527778,0.9861111,0.8333333,0.6552105,0.8380144,0.949868,1.0,0.00329,-
2,route_planner_greedy_local:RoutePlanner,"Bern, Switzerland","Zermatt, Switzerland",9,winter,8,sport_culture,0.2,0.3,0.1,0.4,83.2076415,0.8583333,0.8472222,0.8333333,0.6552105,0.8380144,0.949868,1.0,0.285733,-
3,route_planner:RoutePlanner,"Bern, Switzerland","Zermatt, Switzerland",9,winter,8,sport_culture,0.2,0.3,0.1,0.4,84.9735564,0.7844828,0.9722222,1.0,0.6794823,0.8630638,0.8220908,1.0,0.172223,-
1,route_planner_greedy:RoutePlanner,"Bern, Switzerland","Zermatt, Switzerland",9,winter,10,balanced,0.25,0.25,0.25,0.25,72.9137839,0.7272727,0.9,0.8333333,0.8049387,0.0025368,0.8997359,0.9722222,0.003289,-
2,route_planner_greedy_local:RoutePlanner,"Bern, Switzerland","Zermatt, Switzerland",9,winter,10,balanced,0.25,0.25,0.25,0.25,72.9036393,0.7162162,0.9666667,0.8333333,0.7364614,0.0039811,0.949868,1.0,0.096153,-
3,route_planner:RoutePlanner,"Bern, Switzerland","Zermatt, Switzerland",9,winter,10,balanced,0.25,0.25,0.25,0.25,81.7243874,0.8115942,0.8666667,0.8333333,0.6032305,0.9271453,0.8997359,1.0,0.342423,-
1,route_planner_greedy:RoutePlanner,"Bern, Switzerland","Zermatt, Switzerland",9,winter,10,nature_sport,0.4,0.1,0.2,0.3,63.9557441,0.4813433,0.8555556,0.8333333,0.6928545,0.1633239,0.949868,1.0,0.003497,-
2,route_planner_greedy_local:RoutePlanner,"Bern, Switzerland","Zermatt, Switzerland",9,winter,10,nature_sport,0.4,0.1,0.2,0.3,79.0481231,0.969697,0.7222222,0.8333333,0.6928545,0.1633239,0.949868,1.0,0.429967,-
3,route_planner:RoutePlanner,"Bern, Switzerland","Zermatt, Switzerland",9,winter,10,nature_sport,0.4,0.1,0.2,0.3,80.4115994,0.8993056,0.8111111,1.0,0.7108523,0.2209063,0.7794783,1.0,0.29612,-
1,route_planner_greedy:RoutePlanner,"Bern, Switzerland","Zermatt, Switzerland",9,winter,10,culture_food,0.1,0.4,0.3,0.2,78.6700697,0.6292735,0.9666667,0.8333333,0.6597438,1.0,0.949868,1.0,0.00367,-
2,route_planner_greedy_local:RoutePlanner,"Bern, Switzerland","Zermatt, Switzerland",9,winter,10,culture_food,0.1,0.4,0.3,0.2,83.0844642,0.7887324,0.8888889,0.8333333,0.6597438,1.0,0.949868,1.0,0.330205,-
3,route_planner:RoutePlanner,"Bern, Switzerland","Zermatt, Switzerland",9,winter,10,culture_food,0.1,0.4,0.3,0.2,83.0844642,0.7887324,0.8888889,0.8333333,0.6597438,1.0,0.949868,1.0,0.348041,-
1,route_planner_greedy:RoutePlanner,"Bern, Switzerland","Zermatt, Switzerland",9,winter,10,sport_culture,0.2,0.3,0.1,0.4,69.5231079,0.650463,0.9555556,0.8333333,0.675637,0.0039676,0.949868,1.0,0.003966,-
2,route_planner_greedy_local:RoutePlanner,"Bern, Switzerland","Zermatt, Switzerland",9,winter,10,sport_culture,0.2,0.3,0.1,0.4,76.4235709,0.8571429,0.9333333,0.8333333,0.675637,0.0039676,0.949868,1.0,0.307542,-
3,route_planner:RoutePlanner,"Bern, Switzerland","Zermatt, Switzerland",9,winter,10,sport_culture,0.2,0.3,0.1,0.4,86.2426528,0.9063927,0.9,0.8333333,0.6105196,1.0,0.8722229,1.0,0.336094,-
1,route_planner_greedy:RoutePlanner,"St. Moritz, Switzerland","St. Moritz, Switzerland",9,winter,6,balanced,0.25,0.25,0.25,0.25,75.3561475,0.8421053,0.962963,0.6666667,0.7769963,0.0033734,0.949868,1.0,0.002455,-
2,route_planner_greedy_local:RoutePlanner,"St. Moritz, Switzerland","St. Moritz, Switzerland",9,winter,6,balanced,0.25,0.25,0.25,0.25,75.3561475,0.8421053,0.962963,0.6666667,0.7769963,0.0033734,0.949868,1.0,0.092853,-
3,route_planner:RoutePlanner,"St. Moritz, Switzerland","St. Moritz, Switzerland",9,winter,6,balanced,0.25,0.25,0.25,0.25,75.3561475,0.8421053,0.962963,0.6666667,0.7769963,0.0033734,0.949868,1.0,0.102607,-
1,route_planner_greedy:RoutePlanner,"St. Moritz, Switzerland","St. Moritz, Switzerland",9,winter,6,nature_sport,0.4,0.1,0.2,0.3,68.1937196,0.6425439,0.962963,0.5,0.9173487,1e-06,1.0,1.0,0.004005,-
2,route_planner_greedy_local:RoutePlanner,"St. Moritz, Switzerland","St. Moritz, Switzerland",9,winter,6,nature_sport,0.4,0.1,0.2,0.3,72.0880171,0.84375,0.9444444,0.5,0.7254647,0.000813,1.0,1.0,0.107674,-
3,route_planner:RoutePlanner,"St. Moritz, Switzerland","St. Moritz, Switzerland",9,winter,6,nature_sport,0.4,0.1,0.2,0.3,72.0880171,0.84375,0.9444444,0.5,0.7254647,0.000813,1.0,1.0,0.112233,-
1,route_planner_greedy:RoutePlanner,"St. Moritz, Switzerland","St. Moritz, Switzerland",9,winter,6,culture_food,0.1,0.4,0.3,0.2,71.3588504,0.8229167,0.9444444,0.5,0.7254647,0.000813,1.0,1.0,0.002687,-
2,route_planner_greedy_local:RoutePlanner,"St. Moritz, Switzerland","St. Moritz, Switzerland",9,winter,6,culture_food,0.1,0.4,0.3,0.2,71.3588504,0.8229167,0.9444444,0.5,0.7254647,0.000813,1.0,1.0,0.091823,-
3,route_planner:RoutePlanner,"St. Moritz, Switzerland","St. Moritz, Switzerland",9,winter,6,culture_food,0.1,0.4,0.3,0.2,71.3588504,0.8229167,0.9444444,0.5,0.7254647,0.000813,1.0,1.0,0.094741,-
1,route_planner_greedy:RoutePlanner,"St. Moritz, Switzerland","St. Moritz, Switzerland",9,winter,6,sport_culture,0.2,0.3,0.1,0.4,75.0046838,0.9270833,0.9444444,0.5,0.7254647,0.000813,1.0,1.0,0.002586,-
2,route_planner_greedy_local:RoutePlanner,"St. Moritz, Switzerland","St. Moritz, Switzerland",9,winter,6,sport_culture,0.2,0.3,0.1,0.4,75.0046838,0.9270833,0.9444444,0.5,0.7254647,0.000813,1.0,1.0,0.093191,-
3,route_planner:RoutePlanner,"St. Moritz, Switzerland","St. Moritz, Switzerland",9,winter,6,sport_culture,0.2,0.3,0.1,0.4,75.0046838,0.9270833,0.9444444,0.5,0.7254647,0.000813,1.0,1.0,0.095215,-
1,route_planner_greedy:RoutePlanner,"St. Moritz, Switzerland","St. Moritz, Switzerland",9,winter,8,balanced,0.25,0.25,0.25,0.25,63.6662637,0.516129,0.9861111,0.5,0.6799532,0.3249671,1.0,0.9722222,0.003476,-
2,route_planner_greedy_local:RoutePlanner,"St. Moritz, Switzerland","St. Moritz, Switzerland",9,winter,8,balanced,0.25,0.25,0.25,0.25,63.6662637,0.516129,0.9861111,0.5,0.6799532,0.3249671,1.0,0.9722222,0.099887,-
3,route_planner:RoutePlanner,"St. Moritz, Switzerland","St. Moritz, Switzerland",9,winter,8,balanced,0.25,0.25,0.25,0.25,63.6662637,0.516129,0.9861111,0.5,0.6799532,0.3249671,1.0,0.9722222,0.128821,-
1,route_planner_greedy:RoutePlanner,"St. Moritz, Switzerland","St. Moritz, Switzerland",9,winter,8,nature_sport,0.4,0.1,0.2,0.3,70.1917144,0.6393443,0.9861111,0.5,0.6645862,0.5693094,1.0,0.9722222,0.003596,-
2,route_planner_greedy_local:RoutePlanner,"St. Moritz, Switzerland","St. Moritz, Switzerland",9,winter,8,nature_sport,0.4,0.1,0.2,0.3,68.6865563,0.5902778,0.9722222,0.5,0.6645862,0.5974707,1.0,1.0,0.115577,-
3,route_planner:RoutePlanner,"St. Moritz, Switzerland","St. Moritz, Switzerland",9,winter,8,nature_sport,0.4,0.1,0.2,0.3,68.6865563,0.5902778,0.9722222,0.5,0.6645862,0.5974707,1.0,1.0,0.108172,-
1,route_planner_greedy:RoutePlanner,"St. Moritz, Switzerland","St. Moritz, Switzerland",9,winter,8,culture_food,0.1,0.4,0.3,0.2,66.0192214,0.5729167,0.9722222,0.6666667,0.773382,0.0033734,0.949868,1.0,0.003466,-
2,route_planner_greedy_local:RoutePlanner,"St. Moritz, Switzerland","St. Moritz, Switzerland",9,winter,8,culture_food,0.1,0.4,0.3,0.2,64.6796042,0.6111111,0.9861111,0.5,0.7327279,0.000813,1.0,1.0,0.092444,-
3,route_planner:RoutePlanner,"St. Moritz, Switzerland","St. Moritz, Switzerland",9,winter,8,culture_food,0.1,0.4,0.3,0.2,64.6796042,0.6111111,0.9861111,0.5,0.7327279,0.000813,1.0,1.0,0.096937,-
1,route_planner_greedy:RoutePlanner,"St. Moritz, Switzerland","St. Moritz, Switzerland",9,winter,8,sport_culture,0.2,0.3,0.1,0.4,70.1060817,0.7708333,0.9861111,0.5,0.7218079,0.000813,1.0,1.0,0.003469,-
2,route_planner_greedy_local:RoutePlanner,"St. Moritz, Switzerland","St. Moritz, Switzerland",9,winter,8,sport_culture,0.2,0.3,0.1,0.4,70.1060817,0.7708333,0.9861111,0.5,0.7218079,0.000813,1.0,1.0,0.078947,-
3,route_planner:RoutePlanner,"St. Moritz, Switzerland","St. Moritz, Switzerland",9,winter,8,sport_culture,0.2,0.3,0.1,0.4,70.1060817,0.7708333,0.9861111,0.5,0.7218079,0.000813,1.0,1.0,0.082689,-
1,route_planner_greedy:RoutePlanner,"St. Moritz, Switzerland","St. Moritz, Switzerland",9,winter,10,balanced,0.25,0.25,0.25,0.25,69.295625,0.7096774,0.8555556,0.6666667,0.7893672,0.0033734,0.949868,1.0,0.003638,-
2,route_planner_greedy_local:RoutePlanner,"St. Moritz, Switzerland","St. Moritz, Switzerland",9,winter,10,balanced,0.25,0.25,0.25,0.25,69.295625,0.7096774,0.8555556,0.6666667,0.7893672,0.0033734,0.949868,1.0,0.131944,-
3,route_planner:RoutePlanner,"St. Moritz, Switzerland","St. Moritz, Switzerland",9,winter,10,balanced,0.25,0.25,0.25,0.25,69.295625,0.7096774,0.8555556,0.6666667,0.7893672,0.0033734,0.949868,1.0,0.137297,-
1,route_planner_greedy:RoutePlanner,"St. Moritz, Switzerland","St. Moritz, Switzerland",9,winter,10,nature_sport,0.4,0.1,0.2,0.3,70.4826301,0.7048611,0.9555556,0.6666667,0.7797389,0.0033734,0.949868,1.0,0.004046,-
2,route_planner_greedy_local:RoutePlanner,"St. Moritz, Switzerland","St. Moritz, Switzerland",9,winter,10,nature_sport,0.4,0.1,0.2,0.3,70.4826301,0.7048611,0.9555556,0.6666667,0.7797389,0.0033734,0.949868,1.0,0.157108,-
3,route_planner:RoutePlanner,"St. Moritz, Switzerland","St. Moritz, Switzerland",9,winter,10,nature_sport,0.4,0.1,0.2,0.3,70.4826301,0.7048611,0.9555556,0.6666667,0.7797389,0.0033734,0.949868,1.0,0.165413,-
1,route_planner_greedy:RoutePlanner,"St. Moritz, Switzerland","St. Moritz, Switzerland",9,winter,10,culture_food,0.1,0.4,0.3,0.2,63.9392647,0.5968615,0.9777778,0.5,0.7250285,0.0007019,1.0,1.0,0.003907,-
2,route_planner_greedy_local:RoutePlanner,"St. Moritz, Switzerland","St. Moritz, Switzerland",9,winter,10,culture_food,0.1,0.4,0.3,0.2,73.1772364,0.7261905,0.9555556,0.5,0.6635019,0.5974707,1.0,1.0,0.122369,-
3,route_planner:RoutePlanner,"St. Moritz, Switzerland","St. Moritz, Switzerland",9,winter,10,culture_food,0.1,0.4,0.3,0.2,73.1772364,0.7261905,0.9555556,0.5,0.6635019,0.5974707,1.0,1.0,0.126971,-
1,route_planner_greedy:RoutePlanner,"St. Moritz, Switzerland","St. Moritz, Switzerland",9,winter,10,sport_culture,0.2,0.3,0.1,0.4,75.2676225,0.8310811,0.9555556,0.6666667,0.6799257,0.1898227,0.949868,1.0,0.003902,-
2,route_planner_greedy_local:RoutePlanner,"St. Moritz, Switzerland","St. Moritz, Switzerland",9,winter,10,sport_culture,0.2,0.3,0.1,0.4,75.2676225,0.8310811,0.9555556,0.6666667,0.6799257,0.1898227,0.949868,1.0,0.105613,-
3,route_planner:RoutePlanner,"St. Moritz, Switzerland","St. Moritz, Switzerland",9,winter,10,sport_culture,0.2,0.3,0.1,0.4,75.2676225,0.8310811,0.9555556,0.6666667,0.6799257,0.1898227,0.949868,1.0,0.110107,-
1,route_planner_greedy:RoutePlanner,"Interlaken, Switzerland","St. Moritz, Switzerland",12,summer,6,balanced,0.25,0.25,0.25,0.25,74.0237601,0.7924528,0.9444444,0.75,0.7306231,0.0099893,0.962401,1.0,0.004708,-
2,route_planner_greedy_local:RoutePlanner,"Interlaken, Switzerland","St. Moritz, Switzerland",12,summer,6,balanced,0.25,0.25,0.25,0.25,74.0237601,0.7924528,0.9444444,0.75,0.7306231,0.0099893,0.962401,1.0,0.121055,-
3,route_planner:RoutePlanner,"Interlaken, Switzerland","St. Moritz, Switzerland",12,summer,6,balanced,0.25,0.25,0.25,0.25,88.398201,0.9122807,0.9722222,0.875,0.7036321,0.8872721,0.8665681,1.0,0.421417,-
1,route_planner_greedy:RoutePlanner,"Interlaken, Switzerland","St. Moritz, Switzerland",12,summer,6,nature_sport,0.4,0.1,0.2,0.3,77.5035137,0.8765432,0.9583333,0.75,0.7399668,0.01,1.0,1.0,0.004371,-
2,route_planner_greedy_local:RoutePlanner,"Interlaken, Switzerland","St. Moritz, Switzerland",12,summer,6,nature_sport,0.4,0.1,0.2,0.3,79.9340693,0.9459877,0.9583333,0.75,0.7399668,0.01,1.0,1.0,0.339383,-
3,route_planner:RoutePlanner,"Interlaken, Switzerland","St. Moritz, Switzerland",12,summer,6,nature_sport,0.4,0.1,0.2,0.3,84.8461037,0.9279661,0.9444444,0.625,0.6911595,0.8458231,1.0,1.0,0.618158,-
1,route_planner_greedy:RoutePlanner,"Interlaken, Switzerland","St. Moritz, Switzerland",12,summer,6,culture_food,0.1,0.4,0.3,0.2,77.6661701,0.8501462,0.9861111,0.75,0.7846258,0.01,1.0,1.0,0.004738,-
2,route_planner_greedy_local:RoutePlanner,"Interlaken, Switzerland","St. Moritz, Switzerland",12,summer,6,culture_food,0.1,0.4,0.3,0.2,81.3503807,0.9554094,0.9861111,0.75,0.7846258,0.01,1.0,1.0,0.395362,-
3,route_planner:RoutePlanner,"Interlaken, Switzerland","St. Moritz, Switzerland",12,summer,6,culture_food,0.1,0.4,0.3,0.2,82.6454238,0.9305556,0.9166667,0.625,0.7128848,0.6549869,0.962401,0.9791667,0.602038,-
1,route_planner_greedy:RoutePlanner,"Interlaken, Switzerland","St. Moritz, Switzerland",12,summer,6,sport_culture,0.2,0.3,0.1,0.4,73.5360532,0.7261905,1.0,0.75,0.7846258,0.01,1.0,1.0,0.004343,-
2,route_planner_greedy_local:RoutePlanner,"Interlaken, Switzerland","St. Moritz, Switzerland",12,summer,6,sport_culture,0.2,0.3,0.1,0.4,80.5152199,0.9255952,1.0,0.75,0.7846258,0.01,1.0,1.0,0.293662,-
3,route_planner:RoutePlanner,"Interlaken, Switzerland","St. Moritz, Switzerland",12,summer,6,sport_culture,0.2,0.3,0.1,0.4,86.1441068,0.9223164,0.9583333,0.75,0.6485616,0.8697604,0.962401,1.0,0.341244,-
1,route_planner_greedy:RoutePlanner,"Interlaken, Switzerland","St. Moritz, Switzerland",12,summer,8,balanced,0.25,0.25,0.25,0.25,77.9940007,0.8580247,0.9895833,0.75,0.7846258,0.01,1.0,1.0,0.006013,-
2,route_planner_greedy_local:RoutePlanner,"Interlaken, Switzerland","St. Moritz, Switzerland",12,summer,8,balanced,0.25,0.25,0.25,0.25,81.9318865,0.975,0.9791667,0.75,0.7846258,0.01,1.0,1.0,0.365695,-
3,route_planner:RoutePlanner,"Interlaken, Switzerland","St. Moritz, Switzerland",12,summer,8,balanced,0.25,0.25,0.25,0.25,81.9318865,0.975,0.9791667,0.75,0.7846258,0.01,1.0,1.0,0.49062,-
1,route_planner_greedy:RoutePlanner,"Interlaken, Switzerland","St. Moritz, Switzerland",12,summer,8,nature_sport,0.4,0.1,0.2,0.3,81.9344505,0.7560976,0.9895833,0.75,0.7119788,0.8697604,1.0,1.0,0.006691,-
2,route_planner_greedy_local:RoutePlanner,"Interlaken, Switzerland","St. Moritz, Switzerland",12,summer,8,nature_sport,0.4,0.1,0.2,0.3,87.9100603,0.9268293,0.9895833,0.75,0.7119788,0.8697604,1.0,1.0,0.31301,-
3,route_planner:RoutePlanner,"Interlaken, Switzerland","St. Moritz, Switzerland",12,summer,8,nature_sport,0.4,0.1,0.2,0.3,87.9100603,0.9268293,0.9895833,0.75,0.7119788,0.8697604,1.0,1.0,0.754289,-
1,route_planner_greedy:RoutePlanner,"Interlaken, Switzerland","St. Moritz, Switzerland",12,summer,8,culture_food,0.1,0.4,0.3,0.2,68.5940684,0.6081349,1.0,0.75,0.7306231,0.01,1.0,1.0,0.006193,-
2,route_planner_greedy_local:RoutePlanner,"Interlaken, Switzerland","St. Moritz, Switzerland",12,summer,8,culture_food,0.1,0.4,0.3,0.2,72.9690684,0.7331349,1.0,0.75,0.7306231,0.01,1.0,1.0,0.273352,-
3,route_planner:RoutePlanner,"Interlaken, Switzerland","St. Moritz, Switzerland",12,summer,8,culture_food,0.1,0.4,0.3,0.2,78.2892318,0.718254,0.9895833,0.625,0.6982241,0.8458231,1.0,1.0,0.411867,-
1,route_planner_greedy:RoutePlanner,"Interlaken, Switzerland","St. Moritz, Switzerland",12,summer,8,sport_culture,0.2,0.3,0.1,0.4,78.9846091,0.7740964,0.9895833,0.75,0.7212086,0.5271518,0.962401,0.9791667,0.006417,-
2,route_planner_greedy_local:RoutePlanner,"Interlaken, Switzerland","St. Moritz, Switzerland",12,summer,8,sport_culture,0.2,0.3,0.1,0.4,78.9846091,0.7740964,0.9895833,0.75,0.7212086,0.5271518,0.962401,0.9791667,0.15534,-
3,route_planner:RoutePlanner,"Interlaken, Switzerland","St. Moritz, Switzerland",12,summer,8,sport_culture,0.2,0.3,0.1,0.4,78.9846091,0.7740964,0.9895833,0.75,0.7212086,0.5271518,0.962401,0.9791667,0.41628,-
1,route_planner_greedy:RoutePlanner,"Interlaken, Switzerland","St. Moritz, Switzerland",12,summer,10,balanced,0.25,0.25,0.25,0.25,75.2597022,0.742268,0.925,0.75,0.7526355,0.2865788,1.0,1.0,0.007098,-
2,route_planner_greedy_local:RoutePlanner,"Interlaken, Switzerland","St. Moritz, Switzerland",12,summer,10,balanced,0.25,0.25,0.25,0.25,76.8834136,0.7886598,0.925,0.75,0.7526355,0.2865788,1.0,1.0,0.505796,-
3,route_planner:RoutePlanner,"Interlaken, Switzerland","St. Moritz, Switzerland",12,summer,10,balanced,0.25,0.25,0.25,0.25,76.8834136,0.7886598,0.925,0.75,0.7526355,0.2865788,1.0,1.0,0.78393,-
1,route_planner_greedy:RoutePlanner,"Interlaken, Switzerland","St. Moritz, Switzerland",12,summer,10,nature_sport,0.4,0.1,0.2,0.3,74.355523,0.7955975,0.9916667,0.75,0.6856407,0.01,1.0,1.0,0.007278,-
2,route_planner_greedy_local:RoutePlanner,"Interlaken, Switzerland","St. Moritz, Switzerland",12,summer,10,nature_sport,0.4,0.1,0.2,0.3,76.7724315,0.8717949,0.975,0.75,0.6856407,0.01,1.0,1.0,0.488277,-
3,route_planner:RoutePlanner,"Interlaken, Switzerland","St. Moritz, Switzerland",12,summer,10,nature_sport,0.4,0.1,0.2,0.3,83.3011977,0.7996032,0.975,0.75,0.7286985,0.8697604,0.962401,1.0,1.177337,-
1,route_planner_greedy:RoutePlanner,"Interlaken, Switzerland","St. Moritz, Switzerland",12,summer,10,culture_food,0.1,0.4,0.3,0.2,78.5420305,0.8847087,0.9833333,0.75,0.7846258,0.01,0.962401,0.9791667,0.007712,-
2,route_planner_greedy_local:RoutePlanner,"Interlaken, Switzerland","St. Moritz, Switzerland",12,summer,10,culture_food,0.1,0.4,0.3,0.2,78.6076734,0.8830128,0.9916667,0.75,0.7846258,0.01,0.962401,0.9791667,0.417821,-
3,route_planner:RoutePlanner,"Interlaken, Switzerland","St. Moritz, Switzerland",12,summer,10,culture_food,0.1,0.4,0.3,0.2,88.349844,0.9365079,0.975,0.75,0.7458305,0.8697604,0.962401,1.0,1.298251,-
1,route_planner_greedy:RoutePlanner,"Interlaken, Switzerland","St. Moritz, Switzerland",12,summer,10,sport_culture,0.2,0.3,0.1,0.4,67.3368668,0.5857605,0.975,0.75,0.743494,0.01,0.962401,0.9791667,0.008364,-
2,route_planner_greedy_local:RoutePlanner,"Interlaken, Switzerland","St. Moritz, Switzerland",12,summer,10,sport_culture,0.2,0.3,0.1,0.4,73.7931611,0.7845118,0.9416667,0.75,0.743494,0.01,0.962401,0.9791667,0.467664,-
3,route_planner:RoutePlanner,"Interlaken, Switzerland","St. Moritz, Switzerland",12,summer,10,sport_culture,0.2,0.3,0.1,0.4,88.1437628,0.9527244,0.975,0.75,0.7206091,0.8697604,0.9041672,0.9791667,0.762917,-
1,route_planner_greedy:RoutePlanner,"Zurich, Switzerland","Zurich, Switzerland",12,summer,6,balanced,0.25,0.25,0.25,0.25,78.0225577,0.7545455,0.9444444,0.625,0.6089881,0.8936979,1.0,1.0,0.004192,-
2,route_planner_greedy_local:RoutePlanner,"Zurich, Switzerland","Zurich, Switzerland",12,summer,6,balanced,0.25,0.25,0.25,0.25,78.0225577,0.7545455,0.9444444,0.625,0.6089881,0.8936979,1.0,1.0,0.189154,-
3,route_planner:RoutePlanner,"Zurich, Switzerland","Zurich, Switzerland",12,summer,6,balanced,0.25,0.25,0.25,0.25,78.0225577,0.7545455,0.9444444,0.625,0.6089881,0.8936979,1.0,1.0,0.193591,-
1,route_planner_greedy:RoutePlanner,"Zurich, Switzerland","Zurich, Switzerland",12,summer,6,nature_sport,0.4,0.1,0.2,0.3,75.021666,0.8005952,0.9583333,0.625,0.8732239,0.0152473,1.0,1.0,0.004586,-
2,route_planner_greedy_local:RoutePlanner,"Zurich, Switzerland","Zurich, Switzerland",12,summer,6,nature_sport,0.4,0.1,0.2,0.3,75.021666,0.8005952,0.9583333,0.625,0.8732239,0.0152473,1.0,1.0,0.163511,-
3,route_planner:RoutePlanner,"Zurich, Switzerland","Zurich, Switzerland",12,summer,6,nature_sport,0.4,0.1,0.2,0.3,75.021666,0.8005952,0.9583333,0.625,0.8732239,0.0152473,1.0,1.0,0.16947,-
1,route_planner_greedy:RoutePlanner,"Zurich, Switzerland","Zurich, Switzerland",12,summer,6,culture_food,0.1,0.4,0.3,0.2,82.5184217,0.8501462,0.9583333,0.625,0.8357276,0.6769553,0.962401,0.9791667,0.004631,-
2,route_planner_greedy_local:RoutePlanner,"Zurich, Switzerland","Zurich, Switzerland",12,summer,6,culture_food,0.1,0.4,0.3,0.2,82.5184217,0.8501462,0.9583333,0.625,0.8357276,0.6769553,0.962401,0.9791667,0.153046,-
3,route_planner:RoutePlanner,"Zurich, Switzerland","Zurich, Switzerland",12,summer,6,culture_food,0.1,0.4,0.3,0.2,82.5184217,0.8501462,0.9583333,0.625,0.8357276,0.6769553,0.962401,0.9791667,0.161092,-
1,route_planner_greedy:RoutePlanner,"Zurich, Switzerland","Zurich, Switzerland",12,summer,6,sport_culture,0.2,0.3,0.1,0.4,84.3982366,0.8714689,1.0,0.625,0.8501514,0.6769553,1.0,1.0,0.004594,-
2,route_planner_greedy_local:RoutePlanner,"Zurich, Switzerland","Zurich, Switzerland",12,summer,6,sport_culture,0.2,0.3,0.1,0.4,84.3982366,0.8714689,1.0,0.625,0.8501514,0.6769553,1.0,1.0,0.155642,-
3,route_planner:RoutePlanner,"Zurich, Switzerland","Zurich, Switzerland",12,summer,6,sport_culture,0.2,0.3,0.1,0.4,84.3982366,0.8714689,1.0,0.625,0.8501514,0.6769553,1.0,1.0,0.159381,-
1,route_planner_greedy:RoutePlanner,"Zurich, Switzerland","Zurich, Switzerland",12,summer,8,balanced,0.25,0.25,0.25,0.25,79.8848688,0.9216867,1.0,0.625,0.8732239,0.0152473,1.0,1.0,0.006294,-
2,route_planner_greedy_local:RoutePlanner,"Zurich, Switzerland","Zurich, Switzerland",12,summer,8,balanced,0.25,0.25,0.25,0.25,79.8848688,0.9216867,1.0,0.625,0.8732239,0.0152473,1.0,1.0,0.182223,-
3,route_planner:RoutePlanner,"Zurich, Switzerland","Zurich, Switzerland",12,summer,8,balanced,0.25,0.25,0.25,0.25,79.8848688,0.9216867,1.0,0.625,0.8732239,0.0152473,1.0,1.0,0.195225,-
1,route_planner_greedy:RoutePlanner,"Zurich, Switzerland","Zurich, Switzerland",12,summer,8,nature_sport,0.4,0.1,0.2,0.3,78.6736295,0.7364458,1.0,0.625,0.7835649,0.6769553,1.0,1.0,0.006587,-
2,route_planner_greedy_local:RoutePlanner,"Zurich, Switzerland","Zurich, Switzerland",12,summer,8,nature_sport,0.4,0.1,0.2,0.3,78.6736295,0.7364458,1.0,0.625,0.7835649,0.6769553,1.0,1.0,0.212164,-
3,route_planner:RoutePlanner,"Zurich, Switzerland","Zurich, Switzerland",12,summer,8,nature_sport,0.4,0.1,0.2,0.3,78.6736295,0.7364458,1.0,0.625,0.7835649,0.6769553,1.0,1.0,0.233064,-
1,route_planner_greedy:RoutePlanner,"Zurich, Switzerland","Zurich, Switzerland",12,summer,8,culture_food,0.1,0.4,0.3,0.2,80.4620465,0.7816265,0.9791667,0.625,0.8376818,0.6769553,0.962401,0.9791667,0.007088,-
2,route_planner_greedy_local:RoutePlanner,"Zurich, Switzerland","Zurich, Switzerland",12,summer,8,culture_food,0.1,0.4,0.3,0.2,80.4620465,0.7816265,0.9791667,0.625,0.8376818,0.6769553,0.962401,0.9791667,0.215259,-
3,route_planner:RoutePlanner,"Zurich, Switzerland","Zurich, Switzerland",12,summer,8,culture_food,0.1,0.4,0.3,0.2,80.4620465,0.7816265,0.9791667,0.625,0.8376818,0.6769553,0.962401,0.9791667,0.202036,-
1,route_planner_greedy:RoutePlanner,"Zurich, Switzerland","Zurich, Switzerland",12,summer,8,sport_culture,0.2,0.3,0.1,0.4,78.048699,0.8882114,0.9895833,0.625,0.6890207,0.240724,1.0,1.0,0.007495,-
2,route_planner_greedy_local:RoutePlanner,"Zurich, Switzerland","Zurich, Switzerland",12,summer,8,sport_culture,0.2,0.3,0.1,0.4,78.048699,0.8882114,0.9895833,0.625,0.6890207,0.240724,1.0,1.0,0.294675,-
3,route_planner:RoutePlanner,"Zurich, Switzerland","Zurich, Switzerland",12,summer,8,sport_culture,0.2,0.3,0.1,0.4,78.048699,0.8882114,0.9895833,0.625,0.6890207,0.240724,1.0,1.0,0.32507,-
1,route_planner_greedy:RoutePlanner,"Zurich, Switzerland","Zurich, Switzerland",12,summer,10,balanced,0.25,0.25,0.25,0.25,82.1796934,0.8163265,0.925,0.625,0.8674047,0.7347194,1.0,1.0,0.007649,-
2,route_planner_greedy_local:RoutePlanner,"Zurich, Switzerland","Zurich, Switzerland",12,summer,10,balanced,0.25,0.25,0.25,0.25,79.1328837,0.8846154,0.9833333,0.625,0.869359,0.1298122,0.962401,0.9791667,0.269137,-
3,route_planner:RoutePlanner,"Zurich, Switzerland","Zurich, Switzerland",12,summer,10,balanced,0.25,0.25,0.25,0.25,79.1328837,0.8846154,0.9833333,0.625,0.869359,0.1298122,0.962401,0.9791667,0.284273,-
1,route_planner_greedy:RoutePlanner,"Zurich, Switzerland","Zurich, Switzerland",12,summer,10,nature_sport,0.4,0.1,0.2,0.3,82.9925101,0.8392857,0.9833333,0.625,0.8481971,0.6769553,1.0,1.0,0.007621,-
2,route_planner_greedy_local:RoutePlanner,"Zurich, Switzerland","Zurich, Switzerland",12,summer,10,nature_sport,0.4,0.1,0.2,0.3,82.9925101,0.8392857,0.9833333,0.625,0.8481971,0.6769553,1.0,1.0,0.279788,-
3,route_planner:RoutePlanner,"Zurich, Switzerland","Zurich, Switzerland",12,summer,10,nature_sport,0.4,0.1,0.2,0.3,82.9925101,0.8392857,0.9833333,0.625,0.8481971,0.6769553,1.0,1.0,0.298882,-
1,route_planner_greedy:RoutePlanner,"Zurich, Switzerland","Zurich, Switzerland",12,summer,10,culture_food,0.1,0.4,0.3,0.2,78.7813175,0.873366,0.9666667,0.625,0.869359,0.1298122,1.0,1.0,0.008223,-
2,route_planner_greedy_local:RoutePlanner,"Zurich, Switzerland","Zurich, Switzerland",12,summer,10,culture_food,0.1,0.4,0.3,0.2,78.7813175,0.873366,0.9666667,0.625,0.869359,0.1298122,1.0,1.0,0.362305,-
3,route_planner:RoutePlanner,"Zurich, Switzerland","Zurich, Switzerland",12,summer,10,culture_food,0.1,0.4,0.3,0.2,78.7813175,0.873366,0.9666667,0.625,0.869359,0.1298122,1.0,1.0,0.418281,-
1,route_planner_greedy:RoutePlanner,"Zurich, Switzerland","Zurich, Switzerland",12,summer,10,sport_culture,0.2,0.3,0.1,0.4,77.561871,0.8849206,0.9916667,0.625,0.8124784,0.0152473,1.0,1.0,0.03184,-
2,route_planner_greedy_local:RoutePlanner,"Zurich, Switzerland","Zurich, Switzerland",12,summer,10,sport_culture,0.2,0.3,0.1,0.4,77.561871,0.8849206,0.9916667,0.625,0.8124784,0.0152473,1.0,1.0,0.342871,-
3,route_planner:RoutePlanner,"Zurich, Switzerland","Zurich, Switzerland",12,summer,10,sport_culture,0.2,0.3,0.1,0.4,77.561871,0.8849206,0.9916667,0.625,0.8124784,0.0152473,1.0,1.0,0.328908,-
1,route_planner_greedy:RoutePlanner,"Lugano, Switzerland","Zurich, Switzerland",12,summer,6,balanced,0.25,0.25,0.25,0.25,89.0217444,0.9122807,0.9722222,0.75,0.819628,0.8964166,1.0,1.0,0.004483,-
2,route_planner_greedy_local:RoutePlanner,"Lugano, Switzerland","Zurich, Switzerland",12,summer,6,balanced,0.25,0.25,0.25,0.25,89.4479804,0.9363636,0.9444444,0.75,0.819628,0.8964166,1.0,1.0,0.296771,-
3,route_planner:RoutePlanner,"Lugano, Switzerland","Zurich, Switzerland",12,summer,6,balanced,0.25,0.25,0.25,0.25,90.9460323,0.9285714,0.9861111,0.875,0.7951271,0.9081623,0.9041672,1.0,0.530546,-
1,route_planner_greedy:RoutePlanner,"Lugano, Switzerland","Zurich, Switzerland",12,summer,6,nature_sport,0.4,0.1,0.2,0.3,82.8728881,0.8363095,0.9583333,0.75,0.8239335,0.5618053,1.0,1.0,0.00505,-
2,route_planner_greedy_local:RoutePlanner,"Lugano, Switzerland","Zurich, Switzerland",12,summer,6,nature_sport,0.4,0.1,0.2,0.3,82.8728881,0.8363095,0.9583333,0.75,0.8239335,0.5618053,1.0,1.0,0.139988,-
3,route_planner:RoutePlanner,"Lugano, Switzerland","Zurich, Switzerland",12,summer,6,nature_sport,0.4,0.1,0.2,0.3,88.2474509,0.9469697,0.9583333,0.875,0.7988175,0.6100413,0.9041672,1.0,0.817174,-
1,route_planner_greedy:RoutePlanner,"Lugano, Switzerland","Zurich, Switzerland",12,summer,6,culture_food,0.1,0.4,0.3,0.2,87.9773365,0.8883929,0.9583333,0.75,0.819628,0.8964166,1.0,1.0,0.004317,-
2,route_planner_greedy_local:RoutePlanner,"Lugano, Switzerland","Zurich, Switzerland",12,summer,6,culture_food,0.1,0.4,0.3,0.2,87.9773365,0.8883929,0.9583333,0.75,0.819628,0.8964166,1.0,1.0,0.117402,-
3,route_planner:RoutePlanner,"Lugano, Switzerland","Zurich, Switzerland",12,summer,6,culture_food,0.1,0.4,0.3,0.2,87.9773365,0.8883929,0.9583333,0.75,0.819628,0.8964166,1.0,1.0,0.115181,-
1,route_planner_greedy:RoutePlanner,"Lugano, Switzerland","Zurich, Switzerland",12,summer,6,sport_culture,0.2,0.3,0.1,0.4,84.7016958,0.8714689,0.9861111,0.75,0.8360376,0.5618053,1.0,1.0,0.004317,-
2,route_planner_greedy_local:RoutePlanner,"Lugano, Switzerland","Zurich, Switzerland",12,summer,6,sport_culture,0.2,0.3,0.1,0.4,85.2017454,0.8976608,0.9583333,0.75,0.8360376,0.5618053,1.0,1.0,0.250134,-
3,route_planner:RoutePlanner,"Lugano, Switzerland","Zurich, Switzerland",12,summer,6,sport_culture,0.2,0.3,0.1,0.4,89.6110899,0.9640805,1.0,0.875,0.8091925,0.6084551,0.9041672,1.0,0.391729,-
1,route_planner_greedy:RoutePlanner,"Lugano, Switzerland","Zurich, Switzerland",12,summer,8,balanced,0.25,0.25,0.25,0.25,80.188128,0.675,0.9583333,0.75,0.7507079,0.9969671,0.962401,0.9791667,0.006566,-
2,route_planner_greedy_local:RoutePlanner,"Lugano, Switzerland","Zurich, Switzerland",12,summer,8,balanced,0.25,0.25,0.25,0.25,86.3328649,0.8684211,0.9166667,0.75,0.7507079,0.9969671,0.962401,0.9791667,0.442833,-
3,route_planner:RoutePlanner,"Lugano, Switzerland","Zurich, Switzerland",12,summer,8,balanced,0.25,0.25,0.25,0.25,88.5878029,0.9,0.8645833,0.875,0.7597363,0.9973998,0.9248019,1.0,0.782992,-
1,route_planner_greedy:RoutePlanner,"Lugano, Switzerland","Zurich, Switzerland",12,summer,8,nature_sport,0.4,0.1,0.2,0.3,74.7319059,0.6929012,0.9895833,0.75,0.7986248,0.240724,1.0,1.0,0.006269,-
2,route_planner_greedy_local:RoutePlanner,"Lugano, Switzerland","Zurich, Switzerland",12,summer,8,nature_sport,0.4,0.1,0.2,0.3,78.3212718,0.8133117,0.9479167,0.75,0.7986248,0.240724,1.0,1.0,0.303317,-
3,route_planner:RoutePlanner,"Lugano, Switzerland","Zurich, Switzerland",12,summer,8,nature_sport,0.4,0.1,0.2,0.3,82.8176985,0.9618902,1.0,0.75,0.8451906,0.0411676,0.962401,1.0,0.7773,-
1,route_planner_greedy:RoutePlanner,"Lugano, Switzerland","Zurich, Switzerland",12,summer,8,culture_food,0.1,0.4,0.3,0.2,71.6896251,0.6360442,1.0,0.75,0.7919971,0.1298122,1.0,1.0,0.006238,-
2,route_planner_greedy_local:RoutePlanner,"Lugano, Switzerland","Zurich, Switzerland",12,summer,8,culture_food,0.1,0.4,0.3,0.2,78.9209518,0.8739035,0.9270833,0.75,0.7919971,0.1298122,1.0,1.0,0.325045,-
3,route_planner:RoutePlanner,"Lugano, Switzerland","Zurich, Switzerland",12,summer,8,culture_food,0.1,0.4,0.3,0.2,80.9902397,0.9087838,0.96875,0.875,0.7992599,0.0016823,0.9041672,1.0,0.778147,-
1,route_planner_greedy:RoutePlanner,"Lugano, Switzerland","Zurich, Switzerland",12,summer,8,sport_culture,0.2,0.3,0.1,0.4,81.6718339,0.7841365,1.0,0.75,0.8239335,0.5618053,1.0,1.0,0.006114,-
2,route_planner_greedy_local:RoutePlanner,"Lugano, Switzerland","Zurich, Switzerland",12,summer,8,sport_culture,0.2,0.3,0.1,0.4,82.0709474,0.8401826,0.8958333,0.75,0.8239335,0.5618053,1.0,1.0,0.497733,-
3,route_planner:RoutePlanner,"Lugano, Switzerland","Zurich, Switzerland",12,summer,8,sport_culture,0.2,0.3,0.1,0.4,87.5186762,0.9063786,0.9895833,0.875,0.8136951,0.6100413,0.9041672,1.0,0.74697,-
1,route_planner_greedy:RoutePlanner,"Lugano, Switzerland","Zurich, Switzerland",12,summer,10,balanced,0.25,0.25,0.25,0.25,83.9746202,0.8333333,0.9166667,0.625,0.7882336,0.9963616,1.0,0.9791667,0.007438,-
2,route_planner_greedy_local:RoutePlanner,"Lugano, Switzerland","Zurich, Switzerland",12,summer,10,balanced,0.25,0.25,0.25,0.25,86.5447956,0.9210526,0.8833333,0.625,0.7882336,0.9963616,1.0,0.9791667,0.496085,-
3,route_planner:RoutePlanner,"Lugano, Switzerland","Zurich, Switzerland",12,summer,10,balanced,0.25,0.25,0.25,0.25,87.3560328,0.8888889,0.925,0.75,0.7822388,0.9969671,0.9041672,0.9791667,0.427549,-
1,route_planner_greedy:RoutePlanner,"Lugano, Switzerland","Zurich, Switzerland",12,summer,10,nature_sport,0.4,0.1,0.2,0.3,83.6942217,0.8199838,0.975,0.75,0.8247177,0.6749022,1.0,1.0,0.007127,-
2,route_planner_greedy_local:RoutePlanner,"Lugano, Switzerland","Zurich, Switzerland",12,summer,10,nature_sport,0.4,0.1,0.2,0.3,84.0057529,0.8574561,0.9083333,0.75,0.8247177,0.6749022,1.0,1.0,0.733336,-
3,route_planner:RoutePlanner,"Lugano, Switzerland","Zurich, Switzerland",12,summer,10,nature_sport,0.4,0.1,0.2,0.3,85.68693,0.8287954,0.9666667,0.875,0.8262863,0.7138961,0.9041672,1.0,0.901725,-
1,route_planner_greedy:RoutePlanner,"Lugano, Switzerland","Zurich, Switzerland",12,summer,10,culture_food,0.1,0.4,0.3,0.2,86.2562101,0.9035494,0.9833333,0.625,0.7074099,1.0,1.0,0.9791667,0.007318,-
2,route_planner_greedy_local:RoutePlanner,"Lugano, Switzerland","Zurich, Switzerland",12,summer,10,culture_food,0.1,0.4,0.3,0.2,86.879919,0.9463696,0.925,0.625,0.7074099,1.0,1.0,0.9791667,0.626429,-
3,route_planner:RoutePlanner,"Lugano, Switzerland","Zurich, Switzerland",12,summer,10,culture_food,0.1,0.4,0.3,0.2,86.879919,0.9463696,0.925,0.625,0.7074099,1.0,1.0,0.9791667,0.64014,-
1,route_planner_greedy:RoutePlanner,"Lugano, Switzerland","Zurich, Switzerland",12,summer,10,sport_culture,0.2,0.3,0.1,0.4,85.8725225,0.8881173,0.9833333,0.625,0.7178389,1.0,1.0,0.9791667,0.007921,-
2,route_planner_greedy_local:RoutePlanner,"Lugano, Switzerland","Zurich, Switzerland",12,summer,10,sport_culture,0.2,0.3,0.1,0.4,86.4558855,0.9190705,0.95,0.625,0.7178389,1.0,1.0,0.9791667,0.41131,-
3,route_planner:RoutePlanner,"Lugano, Switzerland","Zurich, Switzerland",12,summer,10,sport_culture,0.2,0.3,0.1,0.4,86.4558855,0.9190705,0.95,0.625,0.7178389,1.0,1.0,0.9791667,0.828067,-
1,route_planner_greedy:RoutePlanner,"Geneva, Switzerland","Lucerne, Switzerland",12,summer,6,balanced,0.25,0.25,0.25,0.25,83.8619115,0.8709677,0.9861111,0.5,0.7560111,0.9954541,1.0,0.9583333,0.005595,-
2,route_planner_greedy_local:RoutePlanner,"Geneva, Switzerland","Lucerne, Switzerland",12,summer,6,balanced,0.25,0.25,0.25,0.25,87.2490082,0.9677419,0.9861111,0.5,0.7560111,0.9954541,1.0,0.9583333,0.288881,-
3,route_planner:RoutePlanner,"Geneva, Switzerland","Lucerne, Switzerland",12,summer,6,balanced,0.25,0.25,0.25,0.25,87.2490082,0.9677419,0.9861111,0.5,0.7560111,0.9954541,1.0,0.9583333,0.592168,-
1,route_planner_greedy:RoutePlanner,"Geneva, Switzerland","Lucerne, Switzerland",12,summer,6,nature_sport,0.4,0.1,0.2,0.3,86.8646049,0.9003906,1.0,0.625,0.7386733,1.0,1.0,0.9791667,0.004434,-
2,route_planner_greedy_local:RoutePlanner,"Geneva, Switzerland","Lucerne, Switzerland",12,summer,6,nature_sport,0.4,0.1,0.2,0.3,86.8646049,0.9003906,1.0,0.625,0.7386733,1.0,1.0,0.9791667,0.127215,-
3,route_planner:RoutePlanner,"Geneva, Switzerland","Lucerne, Switzerland",12,summer,6,nature_sport,0.4,0.1,0.2,0.3,86.8646049,0.9003906,1.0,0.625,0.7386733,1.0,1.0,0.9791667,0.485784,-
1,route_planner_greedy:RoutePlanner,"Geneva, Switzerland","Lucerne, Switzerland",12,summer,6,culture_food,0.1,0.4,0.3,0.2,85.021559,0.9041005,1.0,0.5,0.7560111,0.9954541,1.0,0.9166667,0.003822,-
2,route_planner_greedy_local:RoutePlanner,"Geneva, Switzerland","Lucerne, Switzerland",12,summer,6,culture_food,0.1,0.4,0.3,0.2,85.021559,0.9041005,1.0,0.5,0.7560111,0.9954541,1.0,0.9166667,0.150502,-
3,route_planner:RoutePlanner,"Geneva, Switzerland","Lucerne, Switzerland",12,summer,6,culture_food,0.1,0.4,0.3,0.2,85.021559,0.9041005,1.0,0.5,0.7560111,0.9954541,1.0,0.9166667,0.71175,-
1,route_planner_greedy:RoutePlanner,"Geneva, Switzerland","Lucerne, Switzerland",12,summer,6,sport_culture,0.2,0.3,0.1,0.4,83.621096,0.8611111,1.0,0.5,0.7560111,0.9954541,1.0,0.9375,0.003931,-
2,route_planner_greedy_local:RoutePlanner,"Geneva, Switzerland","Lucerne, Switzerland",12,summer,6,sport_culture,0.2,0.3,0.1,0.4,84.1340889,0.8817204,0.9861111,0.5,0.7560111,0.9954541,1.0,0.9375,0.274698,-
3,route_planner:RoutePlanner,"Geneva, Switzerland","Lucerne, Switzerland",12,summer,6,sport_culture,0.2,0.3,0.1,0.4,84.1340889,0.8817204,0.9861111,0.5,0.7560111,0.9954541,1.0,0.9375,0.488965,-
1,route_planner_greedy:RoutePlanner,"Geneva, Switzerland","Lucerne, Switzerland",12,summer,8,balanced,0.25,0.25,0.25,0.25,81.5052669,0.7654321,0.9375,0.625,0.7587873,1.0,1.0,0.9791667,0.005414,-
2,route_planner_greedy_local:RoutePlanner,"Geneva, Switzerland","Lucerne, Switzerland",12,summer,8,balanced,0.25,0.25,0.25,0.25,81.5052669,0.7654321,0.9375,0.625,0.7587873,1.0,1.0,0.9791667,0.111392,-
3,route_planner:RoutePlanner,"Geneva, Switzerland","Lucerne, Switzerland",12,summer,8,balanced,0.25,0.25,0.25,0.25,86.6005119,0.9,0.8854167,0.75,0.7435062,1.0,0.9041672,0.9791667,0.719901,-
1,route_planner_greedy:RoutePlanner,"Geneva, Switzerland","Lucerne, Switzerland",12,summer,8,nature_sport,0.4,0.1,0.2,0.3,83.3768293,0.8556202,0.9895833,0.5,0.7560111,0.9954541,1.0,0.9583333,0.005856,-
2,route_planner_greedy_local:RoutePlanner,"Geneva, Switzerland","Lucerne, Switzerland",12,summer,8,nature_sport,0.4,0.1,0.2,0.3,86.7343874,0.9515504,0.9895833,0.5,0.7560111,0.9954541,1.0,0.9583333,0.377867,-
3,route_planner:RoutePlanner,"Geneva, Switzerland","Lucerne, Switzerland",12,summer,8,nature_sport,0.4,0.1,0.2,0.3,89.334288,0.9401042,0.9583333,0.875,0.6827088,1.0,0.7588352,0.9791667,1.009986,-
1,route_planner_greedy:RoutePlanner,"Geneva, Switzerland","Lucerne, Switzerland",12,summer,8,culture_food,0.1,0.4,0.3,0.2,80.1739787,0.6789216,1.0,0.75,0.6774483,1.0,1.0,1.0,0.006344,-
2,route_planner_greedy_local:RoutePlanner,"Geneva, Switzerland","Lucerne, Switzerland",12,summer,8,culture_food,0.1,0.4,0.3,0.2,80.1739787,0.6789216,1.0,0.75,0.6774483,1.0,1.0,1.0,0.149581,-
3,route_planner:RoutePlanner,"Geneva, Switzerland","Lucerne, Switzerland",12,summer,8,culture_food,0.1,0.4,0.3,0.2,89.5622794,0.9424342,0.9166667,0.875,0.6787498,1.0,0.9041672,1.0,0.883173,-
1,route_planner_greedy:RoutePlanner,"Geneva, Switzerland","Lucerne, Switzerland",12,summer,8,sport_culture,0.2,0.3,0.1,0.4,86.2895562,0.8859127,0.9791667,0.625,0.7573775,0.9963616,1.0,0.9791667,0.005941,-
2,route_planner_greedy_local:RoutePlanner,"Geneva, Switzerland","Lucerne, Switzerland",12,summer,8,sport_culture,0.2,0.3,0.1,0.4,87.6581198,0.9339431,0.9583333,0.625,0.7573775,0.9963616,1.0,0.9791667,0.294748,-
3,route_planner:RoutePlanner,"Geneva, Switzerland","Lucerne, Switzerland",12,summer,8,sport_culture,0.2,0.3,0.1,0.4,88.9905677,0.9339431,0.96875,0.75,0.7423313,0.9969671,0.9041672,0.9791667,0.411064,-
1,route_planner_greedy:RoutePlanner,"Geneva, Switzerland","Lucerne, Switzerland",12,summer,10,balanced,0.25,0.25,0.25,0.25,85.4882695,0.8738318,0.9666667,0.625,0.7422216,1.0,1.0,0.9791667,0.007323,-
2,route_planner_greedy_local:RoutePlanner,"Geneva, Switzerland","Lucerne, Switzerland",12,summer,10,balanced,0.25,0.25,0.25,0.25,85.4963903,0.8883495,0.9333333,0.625,0.7422216,1.0,1.0,0.9791667,0.439292,-
3,route_planner:RoutePlanner,"Geneva, Switzerland","Lucerne, Switzerland",12,summer,10,balanced,0.25,0.25,0.25,0.25,87.6144377,0.9345794,0.9666667,0.625,0.7422216,1.0,1.0,0.9791667,0.886536,-
1,route_planner_greedy:RoutePlanner,"Geneva, Switzerland","Lucerne, Switzerland",12,summer,10,nature_sport,0.4,0.1,0.2,0.3,79.6322349,0.6481918,0.9833333,0.75,0.7297014,1.0,1.0,1.0,0.006956,-
2,route_planner_greedy_local:RoutePlanner,"Geneva, Switzerland","Lucerne, Switzerland",12,summer,10,nature_sport,0.4,0.1,0.2,0.3,84.5850651,0.7897013,0.9833333,0.75,0.7297014,1.0,1.0,1.0,0.436154,-
3,route_planner:RoutePlanner,"Geneva, Switzerland","Lucerne, Switzerland",12,summer,10,nature_sport,0.4,0.1,0.2,0.3,85.2183589,0.8520249,0.9833333,0.75,0.6653878,1.0,0.9041672,0.9791667,0.891774,-
1,route_planner_greedy:RoutePlanner,"Geneva, Switzerland","Lucerne, Switzerland",12,summer,10,culture_food,0.1,0.4,0.3,0.2,91.1417621,0.951324,1.0,0.75,0.7750501,0.9969671,1.0,1.0,0.007163,-
2,route_planner_greedy_local:RoutePlanner,"Geneva, Switzerland","Lucerne, Switzerland",12,summer,10,culture_food,0.1,0.4,0.3,0.2,91.1417621,0.951324,1.0,0.75,0.7750501,0.9969671,1.0,1.0,0.248519,-
3,route_planner:RoutePlanner,"Geneva, Switzerland","Lucerne, Switzerland",12,summer,10,culture_food,0.1,0.4,0.3,0.2,91.1417621,0.951324,1.0,0.75,0.7750501,0.9969671,1.0,1.0,0.859431,-
1,route_planner_greedy:RoutePlanner,"Geneva, Switzerland","Lucerne, Switzerland",12,summer,10,sport_culture,0.2,0.3,0.1,0.4,80.6632127,0.7492284,0.975,0.625,0.702959,1.0,1.0,0.9791667,0.007289,-
2,route_planner_greedy_local:RoutePlanner,"Geneva, Switzerland","Lucerne, Switzerland",12,summer,10,sport_culture,0.2,0.3,0.1,0.4,80.6669817,0.7636218,0.9416667,0.625,0.702959,1.0,1.0,0.9791667,0.40219,-
3,route_planner:RoutePlanner,"Geneva, Switzerland","Lucerne, Switzerland",12,summer,10,sport_culture,0.2,0.3,0.1,0.4,81.2358335,0.7046926,0.95,0.875,0.6682367,1.0,0.8346087,1.0,0.896719,-
1,route_planner_greedy:RoutePlanner,"Bern, Switzerland","Zermatt, Switzerland",12,summer,6,balanced,0.25,0.25,0.25,0.25,79.9611685,0.9285714,0.9722222,0.75,0.6473956,0.2209063,0.962401,0.9791667,0.004599,-
2,route_planner_greedy_local:RoutePlanner,"Bern, Switzerland","Zermatt, Switzerland",12,summer,6,balanced,0.25,0.25,0.25,0.25,79.9611685,0.9285714,0.9722222,0.75,0.6473956,0.2209063,0.962401,0.9791667,0.114387,-
3,route_planner:RoutePlanner,"Bern, Switzerland","Zermatt, Switzerland",12,summer,6,balanced,0.25,0.25,0.25,0.25,82.0977305,0.9285714,1.0,0.875,0.633544,0.2740897,0.8665681,0.9791667,0.574049,-
1,route_planner_greedy:RoutePlanner,"Bern, Switzerland","Zermatt, Switzerland",12,summer,6,nature_sport,0.4,0.1,0.2,0.3,74.2348118,0.7685185,0.9444444,0.75,0.6473956,0.2209063,1.0,1.0,0.004347,-
2,route_planner_greedy_local:RoutePlanner,"Bern, Switzerland","Zermatt, Switzerland",12,summer,6,nature_sport,0.4,0.1,0.2,0.3,79.0959229,0.9074074,0.9444444,0.75,0.6473956,0.2209063,1.0,1.0,0.226266,-
3,route_planner:RoutePlanner,"Bern, Switzerland","Zermatt, Switzerland",12,summer,6,nature_sport,0.4,0.1,0.2,0.3,81.5968169,0.8053161,0.9444444,0.625,0.6648836,1.0,1.0,0.9791667,0.236433,-
1,route_planner_greedy:RoutePlanner,"Bern, Switzerland","Zermatt, Switzerland",12,summer,6,culture_food,0.1,0.4,0.3,0.2,70.0128967,0.4756944,0.9583333,0.625,0.6478505,1.0,1.0,0.9791667,0.004008,-
2,route_planner_greedy_local:RoutePlanner,"Bern, Switzerland","Zermatt, Switzerland",12,summer,6,culture_food,0.1,0.4,0.3,0.2,82.1656745,0.8229167,0.9583333,0.625,0.6478505,1.0,1.0,0.9791667,0.406618,-
3,route_planner:RoutePlanner,"Bern, Switzerland","Zermatt, Switzerland",12,summer,6,culture_food,0.1,0.4,0.3,0.2,82.6972144,0.8712798,0.9166667,0.625,0.6648836,1.0,0.9041672,0.9166667,0.563805,-
1,route_planner_greedy:RoutePlanner,"Bern, Switzerland","Zermatt, Switzerland",12,summer,6,sport_culture,0.2,0.3,0.1,0.4,78.3926981,0.8635057,1.0,0.75,0.6473956,0.2209063,1.0,1.0,0.004349,-
2,route_planner_greedy_local:RoutePlanner,"Bern, Switzerland","Zermatt, Switzerland",12,summer,6,sport_culture,0.2,0.3,0.1,0.4,78.3926981,0.8635057,1.0,0.75,0.6473956,0.2209063,1.0,1.0,0.127261,-
3,route_planner:RoutePlanner,"Bern, Switzerland","Zermatt, Switzerland",12,summer,6,sport_culture,0.2,0.3,0.1,0.4,88.6494523,0.9330357,0.9583333,0.875,0.6106908,1.0,0.8665681,1.0,0.698224,-
1,route_planner_greedy:RoutePlanner,"Bern, Switzerland","Zermatt, Switzerland",12,summer,8,balanced,0.25,0.25,0.25,0.25,71.9947779,0.7368421,0.9479167,0.75,0.6414751,0.140659,0.962401,0.9791667,0.00618,-
2,route_planner_greedy_local:RoutePlanner,"Bern, Switzerland","Zermatt, Switzerland",12,summer,8,balanced,0.25,0.25,0.25,0.25,76.6914153,0.8888889,0.90625,0.75,0.6414751,0.140659,0.962401,0.9791667,0.248839,-
3,route_planner:RoutePlanner,"Bern, Switzerland","Zermatt, Switzerland",12,summer,8,balanced,0.25,0.25,0.25,0.25,87.6714839,0.9382716,0.96875,0.75,0.6422706,1.0,0.9041672,0.9791667,1.089598,-
1,route_planner_greedy:RoutePlanner,"Bern, Switzerland","Zermatt, Switzerland",12,summer,8,nature_sport,0.4,0.1,0.2,0.3,75.9777805,0.8070988,0.9895833,0.75,0.6483257,0.220285,0.962401,0.9791667,0.007246,-
2,route_planner_greedy_local:RoutePlanner,"Bern, Switzerland","Zermatt, Switzerland",12,summer,8,nature_sport,0.4,0.1,0.2,0.3,78.7899298,0.905303,0.9479167,0.75,0.6483257,0.220285,0.962401,0.9791667,0.304476,-
3,route_planner:RoutePlanner,"Bern, Switzerland","Zermatt, Switzerland",12,summer,8,nature_sport,0.4,0.1,0.2,0.3,87.852811,0.9479167,0.9583333,0.75,0.6422706,1.0,0.9041672,0.9791667,0.575546,-
1,route_planner_greedy:RoutePlanner,"Bern, Switzerland","Zermatt, Switzerland",12,summer,8,culture_food,0.1,0.4,0.3,0.2,72.8125379,0.774789,0.96875,0.75,0.6542448,0.01,1.0,1.0,0.006267,-
2,route_planner_greedy_local:RoutePlanner,"Bern, Switzerland","Zermatt, Switzerland",12,summer,8,culture_food,0.1,0.4,0.3,0.2,76.72604,0.8866034,0.96875,0.75,0.6542448,0.01,1.0,1.0,0.447753,-
3,route_planner:RoutePlanner,"Bern, Switzerland","Zermatt, Switzerland",12,summer,8,culture_food,0.1,0.4,0.3,0.2,85.0490378,0.8357843,0.9895833,0.75,0.6593888,1.0,0.962401,1.0,0.710287,-
1,route_planner_greedy:RoutePlanner,"Bern, Switzerland","Zermatt, Switzerland",12,summer,8,sport_culture,0.2,0.3,0.1,0.4,74.5910049,0.7685185,1.0,0.75,0.7562107,0.0099697,1.0,1.0,0.006308,-
2,route_planner_greedy_local:RoutePlanner,"Bern, Switzerland","Zermatt, Switzerland",12,summer,8,sport_culture,0.2,0.3,0.1,0.4,74.6814931,0.788961,0.9583333,0.75,0.7562107,0.0099697,1.0,1.0,0.280838,-
3,route_planner:RoutePlanner,"Bern, Switzerland","Zermatt, Switzerland",12,summer,8,sport_culture,0.2,0.3,0.1,0.4,82.8764103,0.8099593,0.96875,0.75,0.6860296,0.8644134,0.962401,1.0,0.695033,-
1,route_planner_greedy:RoutePlanner,"Bern, Switzerland","Zermatt, Switzerland",12,summer,10,balanced,0.25,0.25,0.25,0.25,73.8243484,0.7474227,0.9333333,0.75,0.7340926,0.1403166,1.0,1.0,0.007129,-
2,route_planner_greedy_local:RoutePlanner,"Bern, Switzerland","Zermatt, Switzerland",12,summer,10,balanced,0.25,0.25,0.25,0.25,76.5521951,0.8539326,0.8666667,0.75,0.7340926,0.1403166,1.0,1.0,0.690324,-
3,route_planner:RoutePlanner,"Bern, Switzerland","Zermatt, Switzerland",12,summer,10,balanced,0.25,0.25,0.25,0.25,79.9261146,0.723301,0.9666667,0.75,0.6439662,0.9389083,0.962401,1.0,0.491361,-
1,route_planner_greedy:RoutePlanner,"Bern, Switzerland","Zermatt, Switzerland",12,summer,10,nature_sport,0.4,0.1,0.2,0.3,76.4664232,0.8416667,0.9583333,0.75,0.7033824,0.0832353,1.0,1.0,0.007942,-
2,route_planner_greedy_local:RoutePlanner,"Bern, Switzerland","Zermatt, Switzerland",12,summer,10,nature_sport,0.4,0.1,0.2,0.3,77.8622566,0.8958333,0.925,0.75,0.7033824,0.0832353,1.0,1.0,0.775631,-
3,route_planner:RoutePlanner,"Bern, Switzerland","Zermatt, Switzerland",12,summer,10,nature_sport,0.4,0.1,0.2,0.3,86.7364101,0.8847352,0.9833333,0.75,0.6639115,1.0,0.962401,1.0,1.267007,-
1,route_planner_greedy:RoutePlanner,"Bern, Switzerland","Zermatt, Switzerland",12,summer,10,culture_food,0.1,0.4,0.3,0.2,84.7377056,0.8712462,1.0,0.625,0.6648836,1.0,1.0,0.9791667,0.007846,-
2,route_planner_greedy_local:RoutePlanner,"Bern, Switzerland","Zermatt, Switzerland",12,summer,10,culture_food,0.1,0.4,0.3,0.2,87.46189,0.9526515,0.9916667,0.625,0.6648836,1.0,1.0,0.9791667,0.727238,-
3,route_planner:RoutePlanner,"Bern, Switzerland","Zermatt, Switzerland",12,summer,10,culture_food,0.1,0.4,0.3,0.2,87.46189,0.9526515,0.9916667,0.625,0.6648836,1.0,1.0,0.9791667,0.757937,-
1,route_planner_greedy:RoutePlanner,"Bern, Switzerland","Zermatt, Switzerland",12,summer,10,sport_culture,0.2,0.3,0.1,0.4,72.8552322,0.7395833,0.9833333,0.75,0.6760818,0.0828589,1.0,1.0,0.007297,-
2,route_planner_greedy_local:RoutePlanner,"Bern, Switzerland","Zermatt, Switzerland",12,summer,10,sport_culture,0.2,0.3,0.1,0.4,75.0988219,0.8036859,0.9833333,0.75,0.6760818,0.0828589,1.0,1.0,0.524548,-
3,route_planner:RoutePlanner,"Bern, Switzerland","Zermatt, Switzerland",12,summer,10,sport_culture,0.2,0.3,0.1,0.4,84.4151638,0.8498428,0.9833333,0.75,0.6295324,1.0,0.8872029,0.9583333,0.707666,-
1,route_planner_greedy:RoutePlanner,"St. Moritz, Switzerland","St. Moritz, Switzerland",12,summer,6,balanced,0.25,0.25,0.25,0.25,74.4753513,0.7962963,0.9722222,0.625,0.8591873,0.0051,0.962401,0.9791667,0.004754,-
2,route_planner_greedy_local:RoutePlanner,"St. Moritz, Switzerland","St. Moritz, Switzerland",12,summer,6,balanced,0.25,0.25,0.25,0.25,76.1922411,0.8461538,0.9583333,0.625,0.8493165,0.0087108,1.0,1.0,0.196072,-
3,route_planner:RoutePlanner,"St. Moritz, Switzerland","St. Moritz, Switzerland",12,summer,6,balanced,0.25,0.25,0.25,0.25,76.1922411,0.8461538,0.9583333,0.625,0.8493165,0.0087108,1.0,1.0,0.216627,-
1,route_planner_greedy:RoutePlanner,"St. Moritz, Switzerland","St. Moritz, Switzerland",12,summer,6,nature_sport,0.4,0.1,0.2,0.3,78.48752,0.875,1.0,0.625,0.895768,0.0051,1.0,1.0,0.004899,-
2,route_planner_greedy_local:RoutePlanner,"St. Moritz, Switzerland","St. Moritz, Switzerland",12,summer,6,nature_sport,0.4,0.1,0.2,0.3,74.3634803,0.8406863,0.9305556,0.625,0.7804676,0.0087108,0.962401,1.0,0.192233,-
3,route_planner:RoutePlanner,"St. Moritz, Switzerland","St. Moritz, Switzerland",12,summer,6,nature_sport,0.4,0.1,0.2,0.3,74.3634803,0.8406863,0.9305556,0.625,0.7804676,0.0087108,0.962401,1.0,0.198348,-
1,route_planner_greedy:RoutePlanner,"St. Moritz, Switzerland","St. Moritz, Switzerland",12,summer,6,culture_food,0.1,0.4,0.3,0.2,77.9391078,0.9228395,0.9722222,0.625,0.7729629,0.0086949,1.0,1.0,0.004703,-
2,route_planner_greedy_local:RoutePlanner,"St. Moritz, Switzerland","St. Moritz, Switzerland",12,summer,6,culture_food,0.1,0.4,0.3,0.2,76.0438021,0.9189815,0.9583333,0.5,0.8052461,0.0029926,1.0,0.9791667,0.151989,-
3,route_planner:RoutePlanner,"St. Moritz, Switzerland","St. Moritz, Switzerland",12,summer,6,culture_food,0.1,0.4,0.3,0.2,76.0438021,0.9189815,0.9583333,0.5,0.8052461,0.0029926,1.0,0.9791667,0.137629,-
1,route_planner_greedy:RoutePlanner,"St. Moritz, Switzerland","St. Moritz, Switzerland",12,summer,6,sport_culture,0.2,0.3,0.1,0.4,77.6824873,0.918239,0.9583333,0.625,0.7804676,0.0087108,1.0,1.0,0.004664,-
2,route_planner_greedy_local:RoutePlanner,"St. Moritz, Switzerland","St. Moritz, Switzerland",12,summer,6,sport_culture,0.2,0.3,0.1,0.4,77.6824873,0.918239,0.9583333,0.625,0.7804676,0.0087108,1.0,1.0,0.188933,-
3,route_planner:RoutePlanner,"St. Moritz, Switzerland","St. Moritz, Switzerland",12,summer,6,sport_culture,0.2,0.3,0.1,0.4,77.6824873,0.918239,0.9583333,0.625,0.7804676,0.0087108,1.0,1.0,0.192319,-
1,route_planner_greedy:RoutePlanner,"St. Moritz, Switzerland","St. Moritz, Switzerland",12,summer,8,balanced,0.25,0.25,0.25,0.25,76.5983628,0.8947368,0.9583333,0.625,0.7830506,0.0078977,0.962401,0.9791667,0.006756,-
2,route_planner_greedy_local:RoutePlanner,"St. Moritz, Switzerland","St. Moritz, Switzerland",12,summer,8,balanced,0.25,0.25,0.25,0.25,76.5983628,0.8947368,0.9583333,0.625,0.7830506,0.0078977,0.962401,0.9791667,0.260859,-
3,route_planner:RoutePlanner,"St. Moritz, Switzerland","St. Moritz, Switzerland",12,summer,8,balanced,0.25,0.25,0.25,0.25,76.5983628,0.8947368,0.9583333,0.625,0.7830506,0.0078977,0.962401,0.9791667,0.271788,-
1,route_planner_greedy:RoutePlanner,"St. Moritz, Switzerland","St. Moritz, Switzerland",12,summer,8,nature_sport,0.4,0.1,0.2,0.3,70.3105571,0.6835443,1.0,0.625,0.8149794,0.0078977,0.962401,0.9791667,0.006861,-
2,route_planner_greedy_local:RoutePlanner,"St. Moritz, Switzerland","St. Moritz, Switzerland",12,summer,8,nature_sport,0.4,0.1,0.2,0.3,73.3637738,0.7649573,0.9895833,0.625,0.8314938,0.0087108,0.962401,1.0,0.207968,-
3,route_planner:RoutePlanner,"St. Moritz, Switzerland","St. Moritz, Switzerland",12,summer,8,nature_sport,0.4,0.1,0.2,0.3,73.3637738,0.7649573,0.9895833,0.625,0.8314938,0.0087108,0.962401,1.0,0.218677,-
1,route_planner_greedy:RoutePlanner,"St. Moritz, Switzerland","St. Moritz, Switzerland",12,summer,8,culture_food,0.1,0.4,0.3,0.2,75.5608902,0.8433544,0.9895833,0.625,0.7830506,0.0078977,1.0,1.0,0.006671,-
2,route_planner_greedy_local:RoutePlanner,"St. Moritz, Switzerland","St. Moritz, Switzerland",12,summer,8,culture_food,0.1,0.4,0.3,0.2,66.8259808,0.5747863,0.9895833,0.625,0.8393731,0.0087108,0.962401,1.0,0.187397,-
3,route_planner:RoutePlanner,"St. Moritz, Switzerland","St. Moritz, Switzerland",12,summer,8,culture_food,0.1,0.4,0.3,0.2,66.8259808,0.5747863,0.9895833,0.625,0.8393731,0.0087108,0.962401,1.0,0.201111,-
1,route_planner_greedy:RoutePlanner,"St. Moritz, Switzerland","St. Moritz, Switzerland",12,summer,8,sport_culture,0.2,0.3,0.1,0.4,66.24494,0.5780591,0.9895833,0.625,0.7804676,0.0087108,1.0,1.0,0.007107,-
2,route_planner_greedy_local:RoutePlanner,"St. Moritz, Switzerland","St. Moritz, Switzerland",12,summer,8,sport_culture,0.2,0.3,0.1,0.4,68.2017713,0.6482684,0.96875,0.625,0.7804676,0.0087108,0.962401,1.0,0.184726,-
3,route_planner:RoutePlanner,"St. Moritz, Switzerland","St. Moritz, Switzerland",12,summer,8,sport_culture,0.2,0.3,0.1,0.4,68.2017713,0.6482684,0.96875,0.625,0.7804676,0.0087108,0.962401,1.0,0.199214,-
1,route_planner_greedy:RoutePlanner,"St. Moritz, Switzerland","St. Moritz, Switzerland",12,summer,10,balanced,0.25,0.25,0.25,0.25,75.5638088,0.9052632,0.9166667,0.625,0.711166,0.0087108,1.0,1.0,0.00792,-
2,route_planner_greedy_local:RoutePlanner,"St. Moritz, Switzerland","St. Moritz, Switzerland",12,summer,10,balanced,0.25,0.25,0.25,0.25,75.5638088,0.9052632,0.9166667,0.625,0.711166,0.0087108,1.0,1.0,0.300013,-
3,route_planner:RoutePlanner,"St. Moritz, Switzerland","St. Moritz, Switzerland",12,summer,10,balanced,0.25,0.25,0.25,0.25,75.5638088,0.9052632,0.9166667,0.625,0.711166,0.0087108,1.0,1.0,0.320929,-
1,route_planner_greedy:RoutePlanner,"St. Moritz, Switzerland","St. Moritz, Switzerland",12,summer,10,nature_sport,0.4,0.1,0.2,0.3,76.6494124,0.8707045,0.95,0.625,0.8308432,0.0087108,1.0,1.0,0.007953,-
2,route_planner_greedy_local:RoutePlanner,"St. Moritz, Switzerland","St. Moritz, Switzerland",12,summer,10,nature_sport,0.4,0.1,0.2,0.3,76.6494124,0.8707045,0.95,0.625,0.8308432,0.0087108,1.0,1.0,0.412595,-
3,route_planner:RoutePlanner,"St. Moritz, Switzerland","St. Moritz, Switzerland",12,summer,10,nature_sport,0.4,0.1,0.2,0.3,76.6494124,0.8707045,0.95,0.625,0.8308432,0.0087108,1.0,1.0,0.428469,-
1,route_planner_greedy:RoutePlanner,"St. Moritz, Switzerland","St. Moritz, Switzerland",12,summer,10,culture_food,0.1,0.4,0.3,0.2,66.9438576,0.5300481,0.975,0.625,0.6819267,0.4163274,1.0,1.0,0.007605,-
2,route_planner_greedy_local:RoutePlanner,"St. Moritz, Switzerland","St. Moritz, Switzerland",12,summer,10,culture_food,0.1,0.4,0.3,0.2,78.9965145,0.9267799,0.9833333,0.625,0.8231406,0.0087108,1.0,1.0,0.325114,-
3,route_planner:RoutePlanner,"St. Moritz, Switzerland","St. Moritz, Switzerland",12,summer,10,culture_food,0.1,0.4,0.3,0.2,78.9965145,0.9267799,0.9833333,0.625,0.8231406,0.0087108,1.0,1.0,0.361214,-
1,route_planner_greedy:RoutePlanner,"St. Moritz, Switzerland","St. Moritz, Switzerland",12,summer,10,sport_culture,0.2,0.3,0.1,0.4,70.2438722,0.7,0.9583333,0.625,0.7937843,0.0087108,1.0,1.0,0.008561,-
2,route_planner_greedy_local:RoutePlanner,"St. Moritz, Switzerland","St. Moritz, Switzerland",12,summer,10,sport_culture,0.2,0.3,0.1,0.4,70.2438722,0.7,0.9583333,0.625,0.7937843,0.0087108,1.0,1.0,0.287242,-
3,route_planner:RoutePlanner,"St. Moritz, Switzerland","St. Moritz, Switzerland",12,summer,10,sport_culture,0.2,0.3,0.1,0.4,70.2438722,0.7,0.9583333,0.625,0.7937843,0.0087108,1.0,1.0,0.268753,-
1,route_planner_greedy:RoutePlanner,"Interlaken, Switzerland","St. Moritz, Switzerland",12,winter,6,balanced,0.25,0.25,0.25,0.25,75.968262,0.8076923,0.9166667,0.75,0.7145651,0.1980554,1.0,1.0,0.003239,-
2,route_planner_greedy_local:RoutePlanner,"Interlaken, Switzerland","St. Moritz, Switzerland",12,winter,6,balanced,0.25,0.25,0.25,0.25,81.3422406,0.9433962,0.9166667,0.75,0.6965911,0.2874506,1.0,1.0,0.245262,-
3,route_planner:RoutePlanner,"Interlaken, Switzerland","St. Moritz, Switzerland",12,winter,6,balanced,0.25,0.25,0.25,0.25,88.9862222,0.9444444,0.9444444,0.875,0.6955626,0.8872721,0.8665681,1.0,0.620861,-
1,route_planner_greedy:RoutePlanner,"Interlaken, Switzerland","St. Moritz, Switzerland",12,winter,6,nature_sport,0.4,0.1,0.2,0.3,74.3271606,0.7310606,0.9444444,0.75,0.6965911,0.2874506,1.0,1.0,0.003135,-
2,route_planner_greedy_local:RoutePlanner,"Interlaken, Switzerland","St. Moritz, Switzerland",12,winter,6,nature_sport,0.4,0.1,0.2,0.3,74.3271606,0.7310606,0.9444444,0.75,0.6965911,0.2874506,1.0,1.0,0.105857,-
3,route_planner:RoutePlanner,"Interlaken, Switzerland","St. Moritz, Switzerland",12,winter,6,nature_sport,0.4,0.1,0.2,0.3,80.2564565,0.716954,0.9861111,0.75,0.7268639,0.8697604,0.9041672,1.0,0.229678,-
1,route_planner_greedy:RoutePlanner,"Interlaken, Switzerland","St. Moritz, Switzerland",12,winter,6,culture_food,0.1,0.4,0.3,0.2,68.3612515,0.5606061,0.9444444,0.75,0.6965911,0.2874506,1.0,1.0,0.003198,-
2,route_planner_greedy_local:RoutePlanner,"Interlaken, Switzerland","St. Moritz, Switzerland",12,winter,6,culture_food,0.1,0.4,0.3,0.2,70.7476151,0.6287879,0.9444444,0.75,0.6965911,0.2874506,1.0,1.0,0.419249,-
3,route_planner:RoutePlanner,"Interlaken, Switzerland","St. Moritz, Switzerland",12,winter,6,culture_food,0.1,0.4,0.3,0.2,82.0062484,0.7704802,0.9861111,0.75,0.7186223,0.8697604,0.9041672,1.0,0.441555,-
1,route_planner_greedy:RoutePlanner,"Interlaken, Switzerland","St. Moritz, Switzerland",12,winter,6,sport_culture,0.2,0.3,0.1,0.4,72.4895664,0.7376543,0.9444444,0.75,0.7436666,0.01,1.0,1.0,0.0029,-
2,route_planner_greedy_local:RoutePlanner,"Interlaken, Switzerland","St. Moritz, Switzerland",12,winter,6,sport_culture,0.2,0.3,0.1,0.4,74.8661097,0.8055556,0.9444444,0.75,0.7436666,0.01,1.0,1.0,0.182528,-
3,route_planner:RoutePlanner,"Interlaken, Switzerland","St. Moritz, Switzerland",12,winter,6,sport_culture,0.2,0.3,0.1,0.4,80.1094979,0.7413793,0.9722222,0.75,0.6739633,0.8697604,0.9041672,1.0,0.27925,-
1,route_planner_greedy:RoutePlanner,"Interlaken, Switzerland","St. Moritz, Switzerland",12,winter,8,balanced,0.25,0.25,0.25,0.25,71.6864563,0.7792208,0.9375,0.625,0.7360424,0.003976,1.0,0.9791667,0.004187,-
2,route_planner_greedy_local:RoutePlanner,"Interlaken, Switzerland","St. Moritz, Switzerland",12,winter,8,balanced,0.25,0.25,0.25,0.25,73.9678957,0.8533333,0.9166667,0.625,0.7360424,0.003976,1.0,0.9791667,0.22008,-
3,route_planner:RoutePlanner,"Interlaken, Switzerland","St. Moritz, Switzerland",12,winter,8,balanced,0.25,0.25,0.25,0.25,83.1835618,0.835443,0.96875,0.75,0.7499284,0.749621,0.9041672,0.9791667,0.647211,-
1,route_planner_greedy:RoutePlanner,"Interlaken, Switzerland","St. Moritz, Switzerland",12,winter,8,nature_sport,0.4,0.1,0.2,0.3,73.6105767,0.7859589,0.9479167,0.75,0.7219927,0.0095536,0.962401,0.9791667,0.006348,-
2,route_planner_greedy_local:RoutePlanner,"Interlaken, Switzerland","St. Moritz, Switzerland",12,winter,8,nature_sport,0.4,0.1,0.2,0.3,73.9611569,0.8227612,0.8854167,0.75,0.7219927,0.0095536,0.962401,0.9791667,0.251383,-
3,route_planner:RoutePlanner,"Interlaken, Switzerland","St. Moritz, Switzerland",12,winter,8,nature_sport,0.4,0.1,0.2,0.3,81.9275956,0.9384058,0.9583333,1.0,0.7000079,0.0223226,0.7970097,1.0,0.306424,-
1,route_planner_greedy:RoutePlanner,"Interlaken, Switzerland","St. Moritz, Switzerland",12,winter,8,culture_food,0.1,0.4,0.3,0.2,73.6004876,0.7160088,0.9479167,0.75,0.6883494,0.2746189,1.0,1.0,0.004605,-
2,route_planner_greedy_local:RoutePlanner,"Interlaken, Switzerland","St. Moritz, Switzerland",12,winter,8,culture_food,0.1,0.4,0.3,0.2,79.7408385,0.8914474,0.9479167,0.75,0.6883494,0.2746189,1.0,1.0,0.212613,-
3,route_planner:RoutePlanner,"Interlaken, Switzerland","St. Moritz, Switzerland",12,winter,8,culture_food,0.1,0.4,0.3,0.2,84.6763179,0.9305556,0.9270833,0.625,0.6911595,0.8458231,1.0,1.0,0.614337,-
1,route_planner_greedy:RoutePlanner,"Interlaken, Switzerland","St. Moritz, Switzerland",12,winter,8,sport_culture,0.2,0.3,0.1,0.4,82.7270101,0.9711538,0.9479167,0.75,0.6928913,0.2874506,1.0,1.0,0.004283,-
2,route_planner_greedy_local:RoutePlanner,"Interlaken, Switzerland","St. Moritz, Switzerland",12,winter,8,sport_culture,0.2,0.3,0.1,0.4,82.7270101,0.9711538,0.9479167,0.75,0.6928913,0.2874506,1.0,1.0,0.10594,-
3,route_planner:RoutePlanner,"Interlaken, Switzerland","St. Moritz, Switzerland",12,winter,8,sport_culture,0.2,0.3,0.1,0.4,82.7270101,0.9711538,0.9479167,0.75,0.6928913,0.2874506,1.0,1.0,0.042242,-
1,route_planner_greedy:RoutePlanner,"Interlaken, Switzerland","St. Moritz, Switzerland",12,winter,10,balanced,0.25,0.25,0.25,0.25,71.8081836,0.7727273,0.8583333,0.75,0.7219927,0.01,0.962401,0.9791667,0.004832,-
2,route_planner_greedy_local:RoutePlanner,"Interlaken, Switzerland","St. Moritz, Switzerland",12,winter,10,balanced,0.25,0.25,0.25,0.25,75.9293957,0.9047619,0.825,0.75,0.7219927,0.01,0.962401,0.9791667,0.227488,-
3,route_planner:RoutePlanner,"Interlaken, Switzerland","St. Moritz, Switzerland",12,winter,10,balanced,0.25,0.25,0.25,0.25,90.5716226,0.9660194,0.975,0.875,0.7203588,0.8872721,0.8665681,1.0,0.549473,-
1,route_planner_greedy:RoutePlanner,"Interlaken, Switzerland","St. Moritz, Switzerland",12,winter,10,nature_sport,0.4,0.1,0.2,0.3,75.1201961,0.5459105,0.9916667,0.75,0.7460483,0.8697604,1.0,1.0,0.004787,-
2,route_planner_greedy_local:RoutePlanner,"Interlaken, Switzerland","St. Moritz, Switzerland",12,winter,10,nature_sport,0.4,0.1,0.2,0.3,76.8694987,0.6101763,0.9583333,0.75,0.7460483,0.8697604,1.0,1.0,0.682538,-
3,route_planner:RoutePlanner,"Interlaken, Switzerland","St. Moritz, Switzerland",12,winter,10,nature_sport,0.4,0.1,0.2,0.3,76.8694987,0.6101763,0.9583333,0.75,0.7460483,0.8697604,1.0,1.0,0.32347,-
1,route_planner_greedy:RoutePlanner,"Interlaken, Switzerland","St. Moritz, Switzerland",12,winter,10,culture_food,0.1,0.4,0.3,0.2,68.9713837,0.5366044,0.9916667,0.75,0.7460483,0.2874506,1.0,1.0,0.00472,-
2,route_planner_greedy_local:RoutePlanner,"Interlaken, Switzerland","St. Moritz, Switzerland",12,winter,10,culture_food,0.1,0.4,0.3,0.2,70.7521122,0.6089109,0.9416667,0.75,0.7460483,0.2874506,1.0,1.0,0.50754,-
3,route_planner:RoutePlanner,"Interlaken, Switzerland","St. Moritz, Switzerland",12,winter,10,culture_food,0.1,0.4,0.3,0.2,84.9532623,0.8427835,0.9166667,0.875,0.704718,0.838606,0.9248019,1.0,0.718668,-
1,route_planner_greedy:RoutePlanner,"Interlaken, Switzerland","St. Moritz, Switzerland",12,winter,10,sport_culture,0.2,0.3,0.1,0.4,75.4680088,0.7222222,0.9916667,0.75,0.7460483,0.2874506,1.0,1.0,0.004681,-
2,route_planner_greedy_local:RoutePlanner,"Interlaken, Switzerland","St. Moritz, Switzerland",12,winter,10,sport_culture,0.2,0.3,0.1,0.4,76.2767695,0.7596154,0.9583333,0.75,0.7460483,0.2874506,1.0,1.0,0.317409,-
3,route_planner:RoutePlanner,"Interlaken, Switzerland","St. Moritz, Switzerland",12,winter,10,sport_culture,0.2,0.3,0.1,0.4,81.9642226,0.7539683,0.975,0.75,0.7460483,0.8697604,0.962401,1.0,0.423812,-
1,route_planner_greedy:RoutePlanner,"Zurich, Switzerland","Zurich, Switzerland",12,winter,6,balanced,0.25,0.25,0.25,0.25,70.9471034,0.6909091,0.9722222,0.75,0.7353852,0.0277165,0.9248019,1.0,0.00306,-
2,route_planner_greedy_local:RoutePlanner,"Zurich, Switzerland","Zurich, Switzerland",12,winter,6,balanced,0.25,0.25,0.25,0.25,70.9471034,0.6909091,0.9722222,0.75,0.7353852,0.0277165,0.9248019,1.0,0.142586,-
3,route_planner:RoutePlanner,"Zurich, Switzerland","Zurich, Switzerland",12,winter,6,balanced,0.25,0.25,0.25,0.25,70.9471034,0.6909091,0.9722222,0.75,0.7353852,0.0277165,0.9248019,1.0,0.146616,-
1,route_planner_greedy:RoutePlanner,"Zurich, Switzerland","Zurich, Switzerland",12,winter,6,nature_sport,0.4,0.1,0.2,0.3,72.1430928,0.5729167,0.9583333,0.625,0.8481971,0.5618053,1.0,1.0,0.00315,-
2,route_planner_greedy_local:RoutePlanner,"Zurich, Switzerland","Zurich, Switzerland",12,winter,6,nature_sport,0.4,0.1,0.2,0.3,72.1430928,0.5729167,0.9583333,0.625,0.8481971,0.5618053,1.0,1.0,0.14869,-
3,route_planner:RoutePlanner,"Zurich, Switzerland","Zurich, Switzerland",12,winter,6,nature_sport,0.4,0.1,0.2,0.3,72.1430928,0.5729167,0.9583333,0.625,0.8481971,0.5618053,1.0,1.0,0.194995,-
1,route_planner_greedy:RoutePlanner,"Zurich, Switzerland","Zurich, Switzerland",12,winter,6,culture_food,0.1,0.4,0.3,0.2,76.5620138,0.6324405,0.9305556,0.625,0.7395509,1.0,1.0,1.0,0.003571,-
2,route_planner_greedy_local:RoutePlanner,"Zurich, Switzerland","Zurich, Switzerland",12,winter,6,culture_food,0.1,0.4,0.3,0.2,76.5620138,0.6324405,0.9305556,0.625,0.7395509,1.0,1.0,1.0,0.197452,-
3,route_planner:RoutePlanner,"Zurich, Switzerland","Zurich, Switzerland",12,winter,6,culture_food,0.1,0.4,0.3,0.2,76.5620138,0.6324405,0.9305556,0.625,0.7395509,1.0,1.0,1.0,0.22426,-
1,route_planner_greedy:RoutePlanner,"Zurich, Switzerland","Zurich, Switzerland",12,winter,6,sport_culture,0.2,0.3,0.1,0.4,80.3558739,0.8065476,0.9722222,0.625,0.6349038,0.8936979,0.962401,0.9791667,0.003355,-
2,route_planner_greedy_local:RoutePlanner,"Zurich, Switzerland","Zurich, Switzerland",12,winter,6,sport_culture,0.2,0.3,0.1,0.4,80.3558739,0.8065476,0.9722222,0.625,0.6349038,0.8936979,0.962401,0.9791667,0.149718,-
3,route_planner:RoutePlanner,"Zurich, Switzerland","Zurich, Switzerland",12,winter,6,sport_culture,0.2,0.3,0.1,0.4,80.3558739,0.8065476,0.9722222,0.625,0.6349038,0.8936979,0.962401,0.9791667,0.164527,-
1,route_planner_greedy:RoutePlanner,"Zurich, Switzerland","Zurich, Switzerland",12,winter,8,balanced,0.25,0.25,0.25,0.25,82.7993705,0.8,0.9791667,0.625,0.8213561,0.841653,1.0,1.0,0.004772,-
2,route_planner_greedy_local:RoutePlanner,"Zurich, Switzerland","Zurich, Switzerland",12,winter,8,balanced,0.25,0.25,0.25,0.25,82.7993705,0.8,0.9791667,0.625,0.8213561,0.841653,1.0,1.0,0.167309,-
3,route_planner:RoutePlanner,"Zurich, Switzerland","Zurich, Switzerland",12,winter,8,balanced,0.25,0.25,0.25,0.25,82.7993705,0.8,0.9791667,0.625,0.8213561,0.841653,1.0,1.0,0.180242,-
1,route_planner_greedy:RoutePlanner,"Zurich, Switzerland","Zurich, Switzerland",12,winter,8,nature_sport,0.4,0.1,0.2,0.3,73.3328777,0.6090116,1.0,0.625,0.5289755,1.0,0.962401,0.9791667,0.005062,-
2,route_planner_greedy_local:RoutePlanner,"Zurich, Switzerland","Zurich, Switzerland",12,winter,8,nature_sport,0.4,0.1,0.2,0.3,73.3328777,0.6090116,1.0,0.625,0.5289755,1.0,0.962401,0.9791667,0.228117,-
3,route_planner:RoutePlanner,"Zurich, Switzerland","Zurich, Switzerland",12,winter,8,nature_sport,0.4,0.1,0.2,0.3,73.3328777,0.6090116,1.0,0.625,0.5289755,1.0,0.962401,0.9791667,0.205212,-
1,route_planner_greedy:RoutePlanner,"Zurich, Switzerland","Zurich, Switzerland",12,winter,8,culture_food,0.1,0.4,0.3,0.2,76.4514737,0.8229167,0.9895833,0.625,0.8088865,0.1297343,1.0,1.0,0.004332,-
2,route_planner_greedy_local:RoutePlanner,"Zurich, Switzerland","Zurich, Switzerland",12,winter,8,culture_food,0.1,0.4,0.3,0.2,76.4514737,0.8229167,0.9895833,0.625,0.8088865,0.1297343,1.0,1.0,0.13183,-
3,route_planner:RoutePlanner,"Zurich, Switzerland","Zurich, Switzerland",12,winter,8,culture_food,0.1,0.4,0.3,0.2,76.4514737,0.8229167,0.9895833,0.625,0.8088865,0.1297343,1.0,1.0,0.150088,-
1,route_planner_greedy:RoutePlanner,"Zurich, Switzerland","Zurich, Switzerland",12,winter,8,sport_culture,0.2,0.3,0.1,0.4,64.8648895,0.4742798,0.9895833,0.625,0.869359,0.1298122,0.962401,0.9791667,0.004808,-
2,route_planner_greedy_local:RoutePlanner,"Zurich, Switzerland","Zurich, Switzerland",12,winter,8,sport_culture,0.2,0.3,0.1,0.4,64.8648895,0.4742798,0.9895833,0.625,0.869359,0.1298122,0.962401,0.9791667,0.146874,-
3,route_planner:RoutePlanner,"Zurich, Switzerland","Zurich, Switzerland",12,winter,8,sport_culture,0.2,0.3,0.1,0.4,64.8648895,0.4742798,0.9895833,0.625,0.869359,0.1298122,0.962401,0.9791667,0.150387,-
1,route_planner_greedy:RoutePlanner,"Zurich, Switzerland","Zurich, Switzerland",12,winter,10,balanced,0.25,0.25,0.25,0.25,73.726104,0.8380952,0.9833333,0.625,0.6938306,0.0152473,0.962401,0.9791667,0.004957,-
2,route_planner_greedy_local:RoutePlanner,"Zurich, Switzerland","Zurich, Switzerland",12,winter,10,balanced,0.25,0.25,0.25,0.25,73.726104,0.8380952,0.9833333,0.625,0.6938306,0.0152473,0.962401,0.9791667,0.181291,-
3,route_planner:RoutePlanner,"Zurich, Switzerland","Zurich, Switzerland",12,winter,10,balanced,0.25,0.25,0.25,0.25,73.726104,0.8380952,0.9833333,0.625,0.6938306,0.0152473,0.962401,0.9791667,0.189751,-
1,route_planner_greedy:RoutePlanner,"Zurich, Switzerland","Zurich, Switzerland",12,winter,10,nature_sport,0.4,0.1,0.2,0.3,85.5549745,0.8792517,0.925,0.625,0.8377999,0.8964166,1.0,1.0,0.005204,-
2,route_planner_greedy_local:RoutePlanner,"Zurich, Switzerland","Zurich, Switzerland",12,winter,10,nature_sport,0.4,0.1,0.2,0.3,85.5549745,0.8792517,0.925,0.625,0.8377999,0.8964166,1.0,1.0,0.164066,-
3,route_planner:RoutePlanner,"Zurich, Switzerland","Zurich, Switzerland",12,winter,10,nature_sport,0.4,0.1,0.2,0.3,85.5549745,0.8792517,0.925,0.625,0.8377999,0.8964166,1.0,1.0,0.174853,-
1,route_planner_greedy:RoutePlanner,"Zurich, Switzerland","Zurich, Switzerland",12,winter,10,culture_food,0.1,0.4,0.3,0.2,65.0267485,0.4844276,0.925,0.625,0.5856208,0.603747,1.0,1.0,0.004873,-
2,route_planner_greedy_local:RoutePlanner,"Zurich, Switzerland","Zurich, Switzerland",12,winter,10,culture_food,0.1,0.4,0.3,0.2,65.0267485,0.4844276,0.925,0.625,0.5856208,0.603747,1.0,1.0,0.158849,-
3,route_planner:RoutePlanner,"Zurich, Switzerland","Zurich, Switzerland",12,winter,10,culture_food,0.1,0.4,0.3,0.2,65.0267485,0.4844276,0.925,0.625,0.5856208,0.603747,1.0,1.0,0.165053,-
1,route_planner_greedy:RoutePlanner,"Zurich, Switzerland","Zurich, Switzerland",12,winter,10,sport_culture,0.2,0.3,0.1,0.4,72.6487088,0.7125,0.9416667,0.625,0.8608725,0.1298122,1.0,1.0,0.00502,-
2,route_planner_greedy_local:RoutePlanner,"Zurich, Switzerland","Zurich, Switzerland",12,winter,10,sport_culture,0.2,0.3,0.1,0.4,72.6487088,0.7125,0.9416667,0.625,0.8608725,0.1298122,1.0,1.0,0.180013,-
3,route_planner:RoutePlanner,"Zurich, Switzerland","Zurich, Switzerland",12,winter,10,sport_culture,0.2,0.3,0.1,0.4,72.6487088,0.7125,0.9416667,0.625,0.8608725,0.1298122,1.0,1.0,0.189183,-
1,route_planner_greedy:RoutePlanner,"Lugano, Switzerland","Zurich, Switzerland",12,winter,6,balanced,0.25,0.25,0.25,0.25,91.1864997,0.9363636,0.9444444,0.875,0.7665397,1.0,0.9248019,1.0,0.002974,-
2,route_planner_greedy_local:RoutePlanner,"Lugano, Switzerland","Zurich, Switzerland",12,winter,6,balanced,0.25,0.25,0.25,0.25,91.1864997,0.9363636,0.9444444,0.875,0.7665397,1.0,0.9248019,1.0,0.093956,-
3,route_planner:RoutePlanner,"Lugano, Switzerland","Zurich, Switzerland",12,winter,6,balanced,0.25,0.25,0.25,0.25,91.1864997,0.9363636,0.9444444,0.875,0.7665397,1.0,0.9248019,1.0,0.409886,-
1,route_planner_greedy:RoutePlanner,"Lugano, Switzerland","Zurich, Switzerland",12,winter,6,nature_sport,0.4,0.1,0.2,0.3,74.3715874,0.5416667,0.9722222,0.625,0.7706058,1.0,1.0,0.9791667,0.002967,-
2,route_planner_greedy_local:RoutePlanner,"Lugano, Switzerland","Zurich, Switzerland",12,winter,6,nature_sport,0.4,0.1,0.2,0.3,78.4030201,0.6747076,0.9305556,0.625,0.7706058,1.0,1.0,0.9791667,0.44328,-
3,route_planner:RoutePlanner,"Lugano, Switzerland","Zurich, Switzerland",12,winter,6,nature_sport,0.4,0.1,0.2,0.3,77.3622543,0.6138393,0.9305556,0.75,0.7501918,1.0,0.9041672,0.9791667,0.263944,-
1,route_planner_greedy:RoutePlanner,"Lugano, Switzerland","Zurich, Switzerland",12,winter,6,culture_food,0.1,0.4,0.3,0.2,79.4629854,0.7476852,0.9305556,0.75,0.7544078,0.6769553,1.0,1.0,0.003163,-
2,route_planner_greedy_local:RoutePlanner,"Lugano, Switzerland","Zurich, Switzerland",12,winter,6,culture_food,0.1,0.4,0.3,0.2,79.4629854,0.7476852,0.9305556,0.75,0.7544078,0.6769553,1.0,1.0,0.101297,-
3,route_planner:RoutePlanner,"Lugano, Switzerland","Zurich, Switzerland",12,winter,6,culture_food,0.1,0.4,0.3,0.2,86.1144498,0.9041667,0.8888889,0.875,0.7554584,0.7157572,0.9041672,1.0,0.227183,-
1,route_planner_greedy:RoutePlanner,"Lugano, Switzerland","Zurich, Switzerland",12,winter,6,sport_culture,0.2,0.3,0.1,0.4,78.7465874,0.6666667,0.9722222,0.625,0.7706058,1.0,1.0,0.9791667,0.002871,-
2,route_planner_greedy_local:RoutePlanner,"Lugano, Switzerland","Zurich, Switzerland",12,winter,6,sport_culture,0.2,0.3,0.1,0.4,83.6076985,0.8055556,0.9722222,0.625,0.7706058,1.0,1.0,0.9791667,0.201432,-
3,route_planner:RoutePlanner,"Lugano, Switzerland","Zurich, Switzerland",12,winter,6,sport_culture,0.2,0.3,0.1,0.4,83.6076985,0.8055556,0.9722222,0.625,0.7706058,1.0,1.0,0.9791667,0.294294,-
1,route_planner_greedy:RoutePlanner,"Lugano, Switzerland","Zurich, Switzerland",12,winter,8,balanced,0.25,0.25,0.25,0.25,82.3408432,0.8311688,0.9583333,0.75,0.8022802,0.5590731,1.0,1.0,0.004222,-
2,route_planner_greedy_local:RoutePlanner,"Lugano, Switzerland","Zurich, Switzerland",12,winter,8,balanced,0.25,0.25,0.25,0.25,86.5374341,0.96,0.9375,0.75,0.8022802,0.5590731,1.0,1.0,0.540008,-
3,route_planner:RoutePlanner,"Lugano, Switzerland","Zurich, Switzerland",12,winter,8,balanced,0.25,0.25,0.25,0.25,90.6818938,0.9266667,0.90625,0.875,0.8005983,1.0,0.9041672,1.0,0.57056,-
1,route_planner_greedy:RoutePlanner,"Lugano, Switzerland","Zurich, Switzerland",12,winter,8,nature_sport,0.4,0.1,0.2,0.3,76.8817595,0.8486287,0.9583333,0.75,0.7796296,0.0152473,0.962401,0.9791667,0.004488,-
2,route_planner_greedy_local:RoutePlanner,"Lugano, Switzerland","Zurich, Switzerland",12,winter,8,nature_sport,0.4,0.1,0.2,0.3,77.2509578,0.8591772,0.9583333,0.75,0.7796296,0.0152473,0.962401,0.9791667,0.237535,-
3,route_planner:RoutePlanner,"Lugano, Switzerland","Zurich, Switzerland",12,winter,8,nature_sport,0.4,0.1,0.2,0.3,87.54264,0.9573171,0.96875,0.625,0.7712252,0.8770248,1.0,0.9583333,0.384755,-
1,route_planner_greedy:RoutePlanner,"Lugano, Switzerland","Zurich, Switzerland",12,winter,8,culture_food,0.1,0.4,0.3,0.2,82.2068793,0.6812249,1.0,0.75,0.8096224,0.9969671,1.0,1.0,0.004126,-
2,route_planner_greedy_local:RoutePlanner,"Lugano, Switzerland","Zurich, Switzerland",12,winter,8,culture_food,0.1,0.4,0.3,0.2,83.4193062,0.7247942,0.9791667,0.75,0.8096224,0.9969671,1.0,1.0,0.234916,-
3,route_planner:RoutePlanner,"Lugano, Switzerland","Zurich, Switzerland",12,winter,8,culture_food,0.1,0.4,0.3,0.2,91.663189,0.9628995,0.90625,0.875,0.7832081,0.9973998,0.9041672,1.0,0.784233,-
1,route_planner_greedy:RoutePlanner,"Lugano, Switzerland","Zurich, Switzerland",12,winter,8,sport_culture,0.2,0.3,0.1,0.4,74.4975668,0.578373,1.0,0.75,0.8257639,0.5618053,1.0,1.0,0.004112,-
2,route_planner_greedy_local:RoutePlanner,"Lugano, Switzerland","Zurich, Switzerland",12,winter,8,sport_culture,0.2,0.3,0.1,0.4,77.3820518,0.6697154,0.9791667,0.75,0.8257639,0.5618053,1.0,1.0,0.259695,-
3,route_planner:RoutePlanner,"Lugano, Switzerland","Zurich, Switzerland",12,winter,8,sport_culture,0.2,0.3,0.1,0.4,77.3820518,0.6697154,0.9791667,0.75,0.8257639,0.5618053,1.0,1.0,0.16211,-
1,route_planner_greedy:RoutePlanner,"Lugano, Switzerland","Zurich, Switzerland",12,winter,10,balanced,0.25,0.25,0.25,0.25,85.885714,0.8349515,0.9666667,0.75,0.7965498,0.8964166,1.0,1.0,0.0055,-
2,route_planner_greedy_local:RoutePlanner,"Lugano, Switzerland","Zurich, Switzerland",12,winter,10,balanced,0.25,0.25,0.25,0.25,86.9433409,0.8865979,0.9166667,0.75,0.7965498,0.8964166,1.0,1.0,0.340162,-
3,route_planner:RoutePlanner,"Lugano, Switzerland","Zurich, Switzerland",12,winter,10,balanced,0.25,0.25,0.25,0.25,90.4949485,0.943299,0.925,0.875,0.7902233,0.9105299,0.9041672,1.0,0.64838,-
1,route_planner_greedy:RoutePlanner,"Lugano, Switzerland","Zurich, Switzerland",12,winter,10,nature_sport,0.4,0.1,0.2,0.3,77.3760226,0.875,0.9,0.75,0.7899033,0.0152473,1.0,1.0,0.005317,-
2,route_planner_greedy_local:RoutePlanner,"Lugano, Switzerland","Zurich, Switzerland",12,winter,10,nature_sport,0.4,0.1,0.2,0.3,77.3760226,0.875,0.9,0.75,0.7899033,0.0152473,1.0,1.0,0.17768,-
3,route_planner:RoutePlanner,"Lugano, Switzerland","Zurich, Switzerland",12,winter,10,nature_sport,0.4,0.1,0.2,0.3,77.3760226,0.875,0.9,0.75,0.7899033,0.0152473,1.0,1.0,0.21952,-
1,route_planner_greedy:RoutePlanner,"Lugano, Switzerland","Zurich, Switzerland",12,winter,10,culture_food,0.1,0.4,0.3,0.2,84.3843702,0.8729773,0.975,0.75,0.7470761,0.6749022,1.0,1.0,0.004996,-
2,route_planner_greedy_local:RoutePlanner,"Lugano, Switzerland","Zurich, Switzerland",12,winter,10,culture_food,0.1,0.4,0.3,0.2,84.3843702,0.8729773,0.975,0.75,0.7470761,0.6749022,1.0,1.0,0.170297,-
3,route_planner:RoutePlanner,"Lugano, Switzerland","Zurich, Switzerland",12,winter,10,culture_food,0.1,0.4,0.3,0.2,86.0603797,0.8679868,0.9666667,0.875,0.7597363,0.7138961,0.9041672,1.0,0.10718,-
1,route_planner_greedy:RoutePlanner,"Lugano, Switzerland","Zurich, Switzerland",12,winter,10,sport_culture,0.2,0.3,0.1,0.4,75.485575,0.5993884,0.975,0.625,0.7074099,1.0,1.0,0.9791667,0.004511,-
2,route_planner_greedy_local:RoutePlanner,"Lugano, Switzerland","Zurich, Switzerland",12,winter,10,sport_culture,0.2,0.3,0.1,0.4,80.5450076,0.7653722,0.925,0.625,0.7074099,1.0,1.0,0.9791667,0.597529,-
3,route_planner:RoutePlanner,"Lugano, Switzerland","Zurich, Switzerland",12,winter,10,sport_culture,0.2,0.3,0.1,0.4,80.5450076,0.7653722,0.925,0.625,0.7074099,1.0,1.0,0.9791667,0.473488,-
1,route_planner_greedy:RoutePlanner,"Geneva, Switzerland","Lucerne, Switzerland",12,winter,6,balanced,0.25,0.25,0.25,0.25,86.1424789,0.8196721,1.0,0.75,0.7594633,1.0,0.962401,1.0,0.002871,-
2,route_planner_greedy_local:RoutePlanner,"Geneva, Switzerland","Lucerne, Switzerland",12,winter,6,balanced,0.25,0.25,0.25,0.25,88.8117129,0.9137931,0.9583333,0.75,0.7594633,1.0,0.962401,1.0,0.424402,-
3,route_planner:RoutePlanner,"Geneva, Switzerland","Lucerne, Switzerland",12,winter,6,balanced,0.25,0.25,0.25,0.25,88.8117129,0.9137931,0.9583333,0.75,0.7594633,1.0,0.962401,1.0,0.375757,-
1,route_planner_greedy:RoutePlanner,"Geneva, Switzerland","Lucerne, Switzerland",12,winter,6,nature_sport,0.4,0.1,0.2,0.3,72.106036,0.4925595,0.9444444,0.75,0.6299857,1.0,1.0,1.0,0.003036,-
2,route_planner_greedy_local:RoutePlanner,"Geneva, Switzerland","Lucerne, Switzerland",12,winter,6,nature_sport,0.4,0.1,0.2,0.3,74.920465,0.5848765,0.9166667,0.75,0.6299857,1.0,1.0,1.0,0.3861,-
3,route_planner:RoutePlanner,"Geneva, Switzerland","Lucerne, Switzerland",12,winter,6,nature_sport,0.4,0.1,0.2,0.3,74.920465,0.5848765,0.9166667,0.75,0.6299857,1.0,1.0,1.0,0.335579,-
1,route_planner_greedy:RoutePlanner,"Geneva, Switzerland","Lucerne, Switzerland",12,winter,6,culture_food,0.1,0.4,0.3,0.2,73.2263384,0.5706215,0.9583333,0.625,0.6405836,1.0,1.0,0.9791667,0.002926,-
2,route_planner_greedy_local:RoutePlanner,"Geneva, Switzerland","Lucerne, Switzerland",12,winter,6,culture_food,0.1,0.4,0.3,0.2,79.8506322,0.759887,0.9583333,0.625,0.6405836,1.0,1.0,0.9791667,0.435878,-
3,route_planner:RoutePlanner,"Geneva, Switzerland","Lucerne, Switzerland",12,winter,6,culture_food,0.1,0.4,0.3,0.2,79.8506322,0.759887,0.9583333,0.625,0.6405836,1.0,1.0,0.9791667,0.421266,-
1,route_planner_greedy:RoutePlanner,"Geneva, Switzerland","Lucerne, Switzerland",12,winter,6,sport_culture,0.2,0.3,0.1,0.4,83.1652364,0.7688679,0.9166667,0.875,0.65039,1.0,0.9248019,1.0,0.002772,-
2,route_planner_greedy_local:RoutePlanner,"Geneva, Switzerland","Lucerne, Switzerland",12,winter,6,sport_culture,0.2,0.3,0.1,0.4,83.1652364,0.7688679,0.9166667,0.875,0.65039,1.0,0.9248019,1.0,0.100946,-
3,route_planner:RoutePlanner,"Geneva, Switzerland","Lucerne, Switzerland",12,winter,6,sport_culture,0.2,0.3,0.1,0.4,83.1652364,0.7688679,0.9166667,0.875,0.65039,1.0,0.9248019,1.0,0.331696,-
1,route_planner_greedy:RoutePlanner,"Geneva, Switzerland","Lucerne, Switzerland",12,winter,8,balanced,0.25,0.25,0.25,0.25,79.6186937,0.627907,1.0,0.75,0.7594633,1.0,1.0,1.0,0.009823,-
2,route_planner_greedy_local:RoutePlanner,"Geneva, Switzerland","Lucerne, Switzerland",12,winter,8,balanced,0.25,0.25,0.25,0.25,87.5869319,0.9225352,0.84375,0.75,0.7594633,1.0,1.0,1.0,1.067151,-
3,route_planner:RoutePlanner,"Geneva, Switzerland","Lucerne, Switzerland",12,winter,8,balanced,0.25,0.25,0.25,0.25,86.9336148,0.825,0.9479167,0.875,0.7462686,1.0,0.9041672,1.0,0.701581,-
1,route_planner_greedy:RoutePlanner,"Geneva, Switzerland","Lucerne, Switzerland",12,winter,8,nature_sport,0.4,0.1,0.2,0.3,81.6718288,0.7009804,1.0,0.75,0.7258343,1.0,1.0,1.0,0.00409,-
2,route_planner_greedy_local:RoutePlanner,"Geneva, Switzerland","Lucerne, Switzerland",12,winter,8,nature_sport,0.4,0.1,0.2,0.3,89.6235415,0.941565,0.96875,0.75,0.7258343,1.0,1.0,1.0,0.454395,-
3,route_planner:RoutePlanner,"Geneva, Switzerland","Lucerne, Switzerland",12,winter,8,nature_sport,0.4,0.1,0.2,0.3,89.6235415,0.941565,0.96875,0.75,0.7258343,1.0,1.0,1.0,0.367637,-
1,route_planner_greedy:RoutePlanner,"Geneva, Switzerland","Lucerne, Switzerland",12,winter,8,culture_food,0.1,0.4,0.3,0.2,89.2817022,0.9191176,1.0,0.75,0.7241723,1.0,1.0,1.0,0.004026,-
2,route_planner_greedy_local:RoutePlanner,"Geneva, Switzerland","Lucerne, Switzerland",12,winter,8,culture_food,0.1,0.4,0.3,0.2,89.2817022,0.9191176,1.0,0.75,0.7241723,1.0,1.0,1.0,0.140302,-
3,route_planner:RoutePlanner,"Geneva, Switzerland","Lucerne, Switzerland",12,winter,8,culture_food,0.1,0.4,0.3,0.2,89.2817022,0.9191176,1.0,0.75,0.7241723,1.0,1.0,1.0,0.219066,-
1,route_planner_greedy:RoutePlanner,"Geneva, Switzerland","Lucerne, Switzerland",12,winter,8,sport_culture,0.2,0.3,0.1,0.4,79.5219099,0.6378968,1.0,0.75,0.7297014,1.0,1.0,1.0,0.004152,-
2,route_planner_greedy_local:RoutePlanner,"Geneva, Switzerland","Lucerne, Switzerland",12,winter,8,sport_culture,0.2,0.3,0.1,0.4,79.5219099,0.6378968,1.0,0.75,0.7297014,1.0,1.0,1.0,0.148075,-
3,route_planner:RoutePlanner,"Geneva, Switzerland","Lucerne, Switzerland",12,winter,8,sport_culture,0.2,0.3,0.1,0.4,79.5219099,0.6378968,1.0,0.75,0.7297014,1.0,1.0,1.0,0.426085,-
1,route_planner_greedy:RoutePlanner,"Geneva, Switzerland","Lucerne, Switzerland",12,winter,10,balanced,0.25,0.25,0.25,0.25,81.9106732,0.6938776,0.925,0.875,0.7333966,1.0,0.9248019,1.0,0.00471,-
2,route_planner_greedy_local:RoutePlanner,"Geneva, Switzerland","Lucerne, Switzerland",12,winter,10,balanced,0.25,0.25,0.25,0.25,84.2662632,0.7826087,0.875,0.875,0.7333966,1.0,0.9248019,1.0,0.446744,-
3,route_planner:RoutePlanner,"Geneva, Switzerland","Lucerne, Switzerland",12,winter,10,balanced,0.25,0.25,0.25,0.25,89.695131,0.9222222,0.8583333,1.0,0.7038203,1.0,0.7970097,1.0,1.234302,-
1,route_planner_greedy:RoutePlanner,"Geneva, Switzerland","Lucerne, Switzerland",12,winter,10,nature_sport,0.4,0.1,0.2,0.3,72.389881,0.4402006,0.9916667,0.75,0.7257324,0.9971873,1.0,1.0,0.004737,-
2,route_planner_greedy_local:RoutePlanner,"Geneva, Switzerland","Lucerne, Switzerland",12,winter,10,nature_sport,0.4,0.1,0.2,0.3,72.7949736,0.4517747,0.9916667,0.75,0.7257324,0.9971873,1.0,1.0,0.339999,-
3,route_planner:RoutePlanner,"Geneva, Switzerland","Lucerne, Switzerland",12,winter,10,nature_sport,0.4,0.1,0.2,0.3,78.0748085,0.5821651,0.9916667,0.875,0.6801538,0.9975886,0.9041672,1.0,0.480063,-
1,route_planner_greedy:RoutePlanner,"Geneva, Switzerland","Lucerne, Switzerland",12,winter,10,culture_food,0.1,0.4,0.3,0.2,75.9424551,0.6024465,0.9916667,0.625,0.7163159,0.9966257,1.0,0.9791667,0.004477,-
2,route_planner_greedy_local:RoutePlanner,"Geneva, Switzerland","Lucerne, Switzerland",12,winter,10,culture_food,0.1,0.4,0.3,0.2,75.9424551,0.6024465,0.9916667,0.625,0.7163159,0.9966257,1.0,0.9791667,0.144602,-
3,route_planner:RoutePlanner,"Geneva, Switzerland","Lucerne, Switzerland",12,winter,10,culture_food,0.1,0.4,0.3,0.2,77.6677643,0.6315586,0.9833333,0.75,0.6764362,1.0,0.9041672,0.9791667,0.361767,-
1,route_planner_greedy:RoutePlanner,"Geneva, Switzerland","Lucerne, Switzerland",12,winter,10,sport_culture,0.2,0.3,0.1,0.4,83.6703594,0.7875,0.9333333,0.75,0.7257324,0.9971873,1.0,1.0,0.004891,-
2,route_planner_greedy_local:RoutePlanner,"Geneva, Switzerland","Lucerne, Switzerland",12,winter,10,sport_culture,0.2,0.3,0.1,0.4,86.0959546,0.8639456,0.9166667,0.75,0.7257324,0.9971873,1.0,1.0,0.431038,-
3,route_planner:RoutePlanner,"Geneva, Switzerland","Lucerne, Switzerland",12,winter,10,sport_culture,0.2,0.3,0.1,0.4,87.2779456,0.8686869,0.925,0.875,0.6902046,1.0,0.9041672,1.0,0.496095,-
1,route_planner_greedy:RoutePlanner,"Bern, Switzerland","Zermatt, Switzerland",12,winter,6,balanced,0.25,0.25,0.25,0.25,76.4584856,0.8163265,0.8888889,0.875,0.6042545,0.2740897,0.9248019,1.0,0.003141,-
2,route_planner_greedy_local:RoutePlanner,"Bern, Switzerland","Zermatt, Switzerland",12,winter,6,balanced,0.25,0.25,0.25,0.25,79.3156285,0.8979592,0.8888889,0.875,0.6042545,0.2740897,0.9248019,1.0,0.175557,-
3,route_planner:RoutePlanner,"Bern, Switzerland","Zermatt, Switzerland",12,winter,6,balanced,0.25,0.25,0.25,0.25,86.9680177,0.9680851,0.8611111,0.875,0.6106908,0.8814134,0.8346087,0.9791667,0.485937,-
1,route_planner_greedy:RoutePlanner,"Bern, Switzerland","Zermatt, Switzerland",12,winter,6,nature_sport,0.4,0.1,0.2,0.3,72.8616479,0.5923203,0.8888889,0.75,0.5944312,0.8630638,1.0,1.0,0.003102,-
2,route_planner_greedy_local:RoutePlanner,"Bern, Switzerland","Zermatt, Switzerland",12,winter,6,nature_sport,0.4,0.1,0.2,0.3,72.8616479,0.5923203,0.8888889,0.75,0.5944312,0.8630638,1.0,1.0,0.110169,-
3,route_planner:RoutePlanner,"Bern, Switzerland","Zermatt, Switzerland",12,winter,6,nature_sport,0.4,0.1,0.2,0.3,75.0163304,0.6491228,0.9166667,0.625,0.6184133,1.0,1.0,0.9791667,0.38013,-
1,route_planner_greedy:RoutePlanner,"Bern, Switzerland","Zermatt, Switzerland",12,winter,6,culture_food,0.1,0.4,0.3,0.2,69.0781944,0.683642,0.9444444,0.75,0.6422706,0.01,1.0,1.0,0.003301,-
2,route_planner_greedy_local:RoutePlanner,"Bern, Switzerland","Zermatt, Switzerland",12,winter,6,culture_food,0.1,0.4,0.3,0.2,69.0781944,0.683642,0.9444444,0.75,0.6422706,0.01,1.0,1.0,0.130146,-
3,route_planner:RoutePlanner,"Bern, Switzerland","Zermatt, Switzerland",12,winter,6,culture_food,0.1,0.4,0.3,0.2,83.037678,0.8135965,0.9444444,0.75,0.6222086,1.0,0.962401,1.0,0.516493,-
1,route_planner_greedy:RoutePlanner,"Bern, Switzerland","Zermatt, Switzerland",12,winter,6,sport_culture,0.2,0.3,0.1,0.4,80.0394906,0.7804487,0.875,0.625,0.6909557,0.9963616,1.0,0.9791667,0.003576,-
2,route_planner_greedy_local:RoutePlanner,"Bern, Switzerland","Zermatt, Switzerland",12,winter,6,sport_culture,0.2,0.3,0.1,0.4,81.5539136,0.8237179,0.875,0.625,0.6909557,0.9963616,1.0,0.9791667,0.305021,-
3,route_planner:RoutePlanner,"Bern, Switzerland","Zermatt, Switzerland",12,winter,6,sport_culture,0.2,0.3,0.1,0.4,86.2782782,0.9196429,0.9444444,0.75,0.5908071,1.0,0.962401,1.0,0.69298,-
1,route_planner_greedy:RoutePlanner,"Bern, Switzerland","Zermatt, Switzerland",12,winter,8,balanced,0.25,0.25,0.25,0.25,73.9973015,0.7380952,0.9895833,0.75,0.7108523,0.1407434,1.0,1.0,0.025066,-
2,route_planner_greedy_local:RoutePlanner,"Bern, Switzerland","Zermatt, Switzerland",12,winter,8,balanced,0.25,0.25,0.25,0.25,74.8306348,0.7619048,0.9895833,0.75,0.7108523,0.1407434,1.0,1.0,0.9902,-
3,route_planner:RoutePlanner,"Bern, Switzerland","Zermatt, Switzerland",12,winter,8,balanced,0.25,0.25,0.25,0.25,82.7399521,0.82,0.90625,0.75,0.6519689,1.0,0.9041672,0.9791667,2.564399,-
1,route_planner_greedy:RoutePlanner,"Bern, Switzerland","Zermatt, Switzerland",12,winter,8,nature_sport,0.4,0.1,0.2,0.3,78.8171168,0.6787149,0.9895833,0.75,0.6891806,0.8630638,1.0,1.0,0.005961,-
2,route_planner_greedy_local:RoutePlanner,"Bern, Switzerland","Zermatt, Switzerland",12,winter,8,nature_sport,0.4,0.1,0.2,0.3,78.8171168,0.6787149,0.9895833,0.75,0.6891806,0.8630638,1.0,1.0,0.260922,-
3,route_planner:RoutePlanner,"Bern, Switzerland","Zermatt, Switzerland",12,winter,8,nature_sport,0.4,0.1,0.2,0.3,87.4230989,0.9038462,0.9479167,0.875,0.6739843,0.8814134,0.9041672,1.0,0.638745,-
1,route_planner_greedy:RoutePlanner,"Bern, Switzerland","Zermatt, Switzerland",12,winter,8,culture_food,0.1,0.4,0.3,0.2,63.7547217,0.4593496,0.9895833,0.75,0.6249782,0.2209063,1.0,1.0,0.004193,-
2,route_planner_greedy_local:RoutePlanner,"Bern, Switzerland","Zermatt, Switzerland",12,winter,8,culture_food,0.1,0.4,0.3,0.2,72.3489109,0.7093621,0.9791667,0.75,0.6249782,0.2209063,1.0,1.0,0.404563,-
3,route_planner:RoutePlanner,"Bern, Switzerland","Zermatt, Switzerland",12,winter,8,culture_food,0.1,0.4,0.3,0.2,75.6563473,0.6039095,0.9583333,0.75,0.6249782,1.0,0.9248019,0.9791667,0.327034,-
1,route_planner_greedy:RoutePlanner,"Bern, Switzerland","Zermatt, Switzerland",12,winter,8,sport_culture,0.2,0.3,0.1,0.4,77.2462617,0.8861789,1.0,0.75,0.6528415,0.018738,1.0,1.0,0.011545,-
2,route_planner_greedy_local:RoutePlanner,"Bern, Switzerland","Zermatt, Switzerland",12,winter,8,sport_culture,0.2,0.3,0.1,0.4,77.2462617,0.8861789,1.0,0.75,0.6528415,0.018738,1.0,1.0,0.28892,-
3,route_planner:RoutePlanner,"Bern, Switzerland","Zermatt, Switzerland",12,winter,8,sport_culture,0.2,0.3,0.1,0.4,85.8409953,0.939693,0.9270833,0.75,0.6226235,0.8644134,0.962401,1.0,0.443081,-
1,route_planner_greedy:RoutePlanner,"Bern, Switzerland","Zermatt, Switzerland",12,winter,10,balanced,0.25,0.25,0.25,0.25,72.9244511,0.7105263,0.925,0.75,0.7803845,0.1517424,0.962401,0.9791667,0.004618,-
2,route_planner_greedy_local:RoutePlanner,"Bern, Switzerland","Zermatt, Switzerland",12,winter,10,balanced,0.25,0.25,0.25,0.25,75.1910998,0.826087,0.8833333,0.75,0.7108523,0.1407434,0.962401,0.9791667,1.196974,-
3,route_planner:RoutePlanner,"Bern, Switzerland","Zermatt, Switzerland",12,winter,10,balanced,0.25,0.25,0.25,0.25,82.9564126,0.8,0.9,0.875,0.6349704,0.9474017,0.8665681,1.0,1.156604,-
1,route_planner_greedy:RoutePlanner,"Bern, Switzerland","Zermatt, Switzerland",12,winter,10,nature_sport,0.4,0.1,0.2,0.3,65.3302711,0.5745614,0.9,0.75,0.7108523,0.01,0.962401,0.9791667,0.005021,-
2,route_planner_greedy_local:RoutePlanner,"Bern, Switzerland","Zermatt, Switzerland",12,winter,10,nature_sport,0.4,0.1,0.2,0.3,73.2531891,0.8295019,0.8333333,0.75,0.7108523,0.01,0.962401,0.9791667,1.03795,-
3,route_planner:RoutePlanner,"Bern, Switzerland","Zermatt, Switzerland",12,winter,10,nature_sport,0.4,0.1,0.2,0.3,73.3195727,0.5744048,0.9083333,0.75,0.5880375,1.0,0.9248019,0.9791667,0.561208,-
1,route_planner_greedy:RoutePlanner,"Bern, Switzerland","Zermatt, Switzerland",12,winter,10,culture_food,0.1,0.4,0.3,0.2,79.1554579,0.70625,0.9416667,0.75,0.6459908,0.9371846,1.0,1.0,0.005141,-
2,route_planner_greedy_local:RoutePlanner,"Bern, Switzerland","Zermatt, Switzerland",12,winter,10,culture_food,0.1,0.4,0.3,0.2,79.1554579,0.70625,0.9416667,0.75,0.6459908,0.9371846,1.0,1.0,0.194013,-
3,route_planner:RoutePlanner,"Bern, Switzerland","Zermatt, Switzerland",12,winter,10,culture_food,0.1,0.4,0.3,0.2,86.9710011,0.8983844,0.9333333,0.875,0.6476512,0.9459107,0.8665681,0.9791667,0.746525,-
1,route_planner_greedy:RoutePlanner,"Bern, Switzerland","Zermatt, Switzerland",12,winter,10,sport_culture,0.2,0.3,0.1,0.4,71.2348053,0.725,0.9583333,0.75,0.6698635,0.0186853,1.0,1.0,0.005419,-
2,route_planner_greedy_local:RoutePlanner,"Bern, Switzerland","Zermatt, Switzerland",12,winter,10,sport_culture,0.2,0.3,0.1,0.4,76.8551756,0.9212963,0.875,0.75,0.6698635,0.0186853,1.0,1.0,0.55151,-
3,route_planner:RoutePlanner,"Bern, Switzerland","Zermatt, Switzerland",12,winter,10,sport_culture,0.2,0.3,0.1,0.4,82.0168003,0.7734628,0.95,0.75,0.6422399,1.0,0.962401,1.0,0.516421,-
1,route_planner_greedy:RoutePlanner,"St. Moritz, Switzerland","St. Moritz, Switzerland",12,winter,6,balanced,0.25,0.25,0.25,0.25,75.3959354,0.7692308,0.9861111,0.75,0.8423769,0.0171529,0.9248019,1.0,0.003342,-
2,route_planner_greedy_local:RoutePlanner,"St. Moritz, Switzerland","St. Moritz, Switzerland",12,winter,6,balanced,0.25,0.25,0.25,0.25,75.3959354,0.7692308,0.9861111,0.75,0.8423769,0.0171529,0.9248019,1.0,0.19406,-
3,route_planner:RoutePlanner,"St. Moritz, Switzerland","St. Moritz, Switzerland",12,winter,6,balanced,0.25,0.25,0.25,0.25,75.3959354,0.7692308,0.9861111,0.75,0.8423769,0.0171529,0.9248019,1.0,0.17592,-
1,route_planner_greedy:RoutePlanner,"St. Moritz, Switzerland","St. Moritz, Switzerland",12,winter,6,nature_sport,0.4,0.1,0.2,0.3,74.3300538,0.7753268,0.9444444,0.625,0.9225963,0.0001,0.962401,1.0,0.003517,-
2,route_planner_greedy_local:RoutePlanner,"St. Moritz, Switzerland","St. Moritz, Switzerland",12,winter,6,nature_sport,0.4,0.1,0.2,0.3,68.8489137,0.6404321,0.9861111,0.625,0.824534,0.0087108,0.962401,1.0,0.189051,-
3,route_planner:RoutePlanner,"St. Moritz, Switzerland","St. Moritz, Switzerland",12,winter,6,nature_sport,0.4,0.1,0.2,0.3,68.8489137,0.6404321,0.9861111,0.625,0.824534,0.0087108,0.962401,1.0,0.184761,-
1,route_planner_greedy:RoutePlanner,"St. Moritz, Switzerland","St. Moritz, Switzerland",12,winter,6,culture_food,0.1,0.4,0.3,0.2,73.4485681,0.8497024,0.9722222,0.5,0.7797389,0.0033734,1.0,0.9791667,0.003467,-
2,route_planner_greedy_local:RoutePlanner,"St. Moritz, Switzerland","St. Moritz, Switzerland",12,winter,6,culture_food,0.1,0.4,0.3,0.2,73.4485681,0.8497024,0.9722222,0.5,0.7797389,0.0033734,1.0,0.9791667,0.149408,-
3,route_planner:RoutePlanner,"St. Moritz, Switzerland","St. Moritz, Switzerland",12,winter,6,culture_food,0.1,0.4,0.3,0.2,73.4485681,0.8497024,0.9722222,0.5,0.7797389,0.0033734,1.0,0.9791667,0.154447,-
1,route_planner_greedy:RoutePlanner,"St. Moritz, Switzerland","St. Moritz, Switzerland",12,winter,6,sport_culture,0.2,0.3,0.1,0.4,74.6822471,0.8070988,0.9861111,0.625,0.824534,0.0087108,0.962401,1.0,0.004387,-
2,route_planner_greedy_local:RoutePlanner,"St. Moritz, Switzerland","St. Moritz, Switzerland",12,winter,6,sport_culture,0.2,0.3,0.1,0.4,74.6822471,0.8070988,0.9861111,0.625,0.824534,0.0087108,0.962401,1.0,0.31847,-
3,route_planner:RoutePlanner,"St. Moritz, Switzerland","St. Moritz, Switzerland",12,winter,6,sport_culture,0.2,0.3,0.1,0.4,74.6822471,0.8070988,0.9861111,0.625,0.824534,0.0087108,0.962401,1.0,0.26843,-
1,route_planner_greedy:RoutePlanner,"St. Moritz, Switzerland","St. Moritz, Switzerland",12,winter,8,balanced,0.25,0.25,0.25,0.25,75.4500711,0.8292683,0.9895833,0.625,0.6819267,0.2270192,0.962401,0.9791667,0.006243,-
2,route_planner_greedy_local:RoutePlanner,"St. Moritz, Switzerland","St. Moritz, Switzerland",12,winter,8,balanced,0.25,0.25,0.25,0.25,75.4500711,0.8292683,0.9895833,0.625,0.6819267,0.2270192,0.962401,0.9791667,0.332257,-
3,route_planner:RoutePlanner,"St. Moritz, Switzerland","St. Moritz, Switzerland",12,winter,8,balanced,0.25,0.25,0.25,0.25,75.4500711,0.8292683,0.9895833,0.625,0.6819267,0.2270192,0.962401,0.9791667,0.312961,-
1,route_planner_greedy:RoutePlanner,"St. Moritz, Switzerland","St. Moritz, Switzerland",12,winter,8,nature_sport,0.4,0.1,0.2,0.3,66.9151916,0.6347737,1.0,0.625,0.7024199,0.0078977,0.962401,0.9791667,0.004955,-
2,route_planner_greedy_local:RoutePlanner,"St. Moritz, Switzerland","St. Moritz, Switzerland",12,winter,8,nature_sport,0.4,0.1,0.2,0.3,64.2684814,0.5648734,0.9791667,0.625,0.7024199,0.0087108,0.962401,1.0,0.200886,-
3,route_planner:RoutePlanner,"St. Moritz, Switzerland","St. Moritz, Switzerland",12,winter,8,nature_sport,0.4,0.1,0.2,0.3,64.2684814,0.5648734,0.9791667,0.625,0.7024199,0.0087108,0.962401,1.0,0.261548,-
1,route_planner_greedy:RoutePlanner,"St. Moritz, Switzerland","St. Moritz, Switzerland",12,winter,8,culture_food,0.1,0.4,0.3,0.2,62.5907164,0.457265,0.9895833,0.625,0.8187056,0.0087108,1.0,1.0,0.009131,-
2,route_planner_greedy_local:RoutePlanner,"St. Moritz, Switzerland","St. Moritz, Switzerland",12,winter,8,culture_food,0.1,0.4,0.3,0.2,64.5673839,0.5160256,0.9895833,0.625,0.8259082,0.0087108,0.962401,1.0,0.4118,-
3,route_planner:RoutePlanner,"St. Moritz, Switzerland","St. Moritz, Switzerland",12,winter,8,culture_food,0.1,0.4,0.3,0.2,64.5673839,0.5160256,0.9895833,0.625,0.8259082,0.0087108,0.962401,1.0,0.184104,-
1,route_planner_greedy:RoutePlanner,"St. Moritz, Switzerland","St. Moritz, Switzerland",12,winter,8,sport_culture,0.2,0.3,0.1,0.4,73.5556422,0.775641,0.9895833,0.625,0.8193562,0.0087108,0.962401,1.0,0.004924,-
2,route_planner_greedy_local:RoutePlanner,"St. Moritz, Switzerland","St. Moritz, Switzerland",12,winter,8,sport_culture,0.2,0.3,0.1,0.4,73.5556422,0.775641,0.9895833,0.625,0.8193562,0.0087108,0.962401,1.0,0.140826,-
3,route_planner:RoutePlanner,"St. Moritz, Switzerland","St. Moritz, Switzerland",12,winter,8,sport_culture,0.2,0.3,0.1,0.4,73.5556422,0.775641,0.9895833,0.625,0.8193562,0.0087108,0.962401,1.0,0.141287,-
1,route_planner_greedy:RoutePlanner,"St. Moritz, Switzerland","St. Moritz, Switzerland",12,winter,10,balanced,0.25,0.25,0.25,0.25,77.4371716,0.8837209,0.8666667,0.75,0.83076,0.0171529,0.9248019,1.0,0.005217,-
2,route_planner_greedy_local:RoutePlanner,"St. Moritz, Switzerland","St. Moritz, Switzerland",12,winter,10,balanced,0.25,0.25,0.25,0.25,77.4371716,0.8837209,0.8666667,0.75,0.83076,0.0171529,0.9248019,1.0,0.177212,-
3,route_planner:RoutePlanner,"St. Moritz, Switzerland","St. Moritz, Switzerland",12,winter,10,balanced,0.25,0.25,0.25,0.25,77.4371716,0.8837209,0.8666667,0.75,0.83076,0.0171529,0.9248019,1.0,0.18529,-
1,route_planner_greedy:RoutePlanner,"St. Moritz, Switzerland","St. Moritz, Switzerland",12,winter,10,nature_sport,0.4,0.1,0.2,0.3,66.3663661,0.5708333,0.975,0.625,0.8200061,0.0087108,1.0,1.0,0.005526,-
2,route_planner_greedy_local:RoutePlanner,"St. Moritz, Switzerland","St. Moritz, Switzerland",12,winter,10,nature_sport,0.4,0.1,0.2,0.3,66.3663661,0.5708333,0.975,0.625,0.8200061,0.0087108,1.0,1.0,0.270544,-
3,route_planner:RoutePlanner,"St. Moritz, Switzerland","St. Moritz, Switzerland",12,winter,10,nature_sport,0.4,0.1,0.2,0.3,66.3663661,0.5708333,0.975,0.625,0.8200061,0.0087108,1.0,1.0,0.273183,-
1,route_planner_greedy:RoutePlanner,"St. Moritz, Switzerland","St. Moritz, Switzerland",12,winter,10,culture_food,0.1,0.4,0.3,0.2,71.448888,0.7228964,0.9916667,0.625,0.8004354,0.0078977,0.962401,1.0,0.00531,-
2,route_planner_greedy_local:RoutePlanner,"St. Moritz, Switzerland","St. Moritz, Switzerland",12,winter,10,culture_food,0.1,0.4,0.3,0.2,69.3266842,0.6990291,0.9833333,0.625,0.7224368,0.0087108,0.962401,1.0,0.205134,-
3,route_planner:RoutePlanner,"St. Moritz, Switzerland","St. Moritz, Switzerland",12,winter,10,culture_food,0.1,0.4,0.3,0.2,69.3266842,0.6990291,0.9833333,0.625,0.7224368,0.0087108,0.962401,1.0,0.216785,-
1,route_planner_greedy:RoutePlanner,"St. Moritz, Switzerland","St. Moritz, Switzerland",12,winter,10,sport_culture,0.2,0.3,0.1,0.4,75.170854,0.7386731,0.9666667,0.625,0.6819267,0.5213393,1.0,1.0,0.005295,-
2,route_planner_greedy_local:RoutePlanner,"St. Moritz, Switzerland","St. Moritz, Switzerland",12,winter,10,sport_culture,0.2,0.3,0.1,0.4,75.170854,0.7386731,0.9666667,0.625,0.6819267,0.5213393,1.0,1.0,0.274312,-
3,route_planner:RoutePlanner,"St. Moritz, Switzerland","St. Moritz, Switzerland",12,winter,10,sport_culture,0.2,0.3,0.1,0.4,75.170854,0.7386731,0.9666667,0.625,0.6819267,0.5213393,1.0,1.0,0.224363,-
1,route_planner_greedy:RoutePlanner,"Interlaken, Switzerland","St. Moritz, Switzerland",15,summer,6,balanced,0.25,0.25,0.25,0.25,70.759659,0.6666667,0.9666667,0.7777778,0.7377844,0.0192893,1.0,1.0,0.005689,-
2,route_planner_greedy_local:RoutePlanner,"Interlaken, Switzerland","St. Moritz, Switzerland",15,summer,6,balanced,0.25,0.25,0.25,0.25,78.1147315,0.8768116,0.9666667,0.7777778,0.7377844,0.0192893,1.0,1.0,0.683048,-
3,route_planner:RoutePlanner,"Interlaken, Switzerland","St. Moritz, Switzerland",15,summer,6,balanced,0.25,0.25,0.25,0.25,88.6459128,0.9275362,0.9666667,0.8888889,0.7267526,0.8064583,0.8932545,0.9833333,1.361433,-
1,route_planner_greedy:RoutePlanner,"Interlaken, Switzerland","St. Moritz, Switzerland",15,summer,6,nature_sport,0.4,0.1,0.2,0.3,87.5905955,0.8571429,0.9666667,0.8888889,0.7267526,0.9006369,0.9699208,1.0,0.007505,-
2,route_planner_greedy_local:RoutePlanner,"Interlaken, Switzerland","St. Moritz, Switzerland",15,summer,6,nature_sport,0.4,0.1,0.2,0.3,91.002287,0.9689055,0.9333333,0.8888889,0.7267526,0.9006369,0.9699208,1.0,0.489451,-
3,route_planner:RoutePlanner,"Interlaken, Switzerland","St. Moritz, Switzerland",15,summer,6,nature_sport,0.4,0.1,0.2,0.3,91.1905589,0.9166667,0.9777778,1.0,0.7241719,0.9111707,0.8932545,1.0,1.2362,-
1,route_planner_greedy:RoutePlanner,"Interlaken, Switzerland","St. Moritz, Switzerland",15,summer,6,culture_food,0.1,0.4,0.3,0.2,78.8570577,0.8861111,1.0,0.7777778,0.7377844,0.019307,1.0,0.9833333,0.005318,-
2,route_planner_greedy_local:RoutePlanner,"Interlaken, Switzerland","St. Moritz, Switzerland",15,summer,6,culture_food,0.1,0.4,0.3,0.2,78.8570577,0.8861111,1.0,0.7777778,0.7377844,0.019307,1.0,0.9833333,0.202249,-
3,route_planner:RoutePlanner,"Interlaken, Switzerland","St. Moritz, Switzerland",15,summer,6,culture_food,0.1,0.4,0.3,0.2,84.9249797,0.8878205,0.9,0.7777778,0.7184781,0.8374088,0.9233337,0.9833333,1.044009,-
1,route_planner_greedy:RoutePlanner,"Interlaken, Switzerland","St. Moritz, Switzerland",15,summer,6,sport_culture,0.2,0.3,0.1,0.4,83.9316445,0.8958333,0.9888889,0.8888889,0.7090306,0.3925748,0.9699208,1.0,0.005259,-
2,route_planner_greedy_local:RoutePlanner,"Interlaken, Switzerland","St. Moritz, Switzerland",15,summer,6,sport_culture,0.2,0.3,0.1,0.4,83.9316445,0.8958333,0.9888889,0.8888889,0.7090306,0.3925748,0.9699208,1.0,0.143714,-
3,route_planner:RoutePlanner,"Interlaken, Switzerland","St. Moritz, Switzerland",15,summer,6,sport_culture,0.2,0.3,0.1,0.4,89.8755399,0.9305556,0.9777778,0.8888889,0.712684,0.8999167,0.9233337,1.0,0.821243,-
1,route_planner_greedy:RoutePlanner,"Interlaken, Switzerland","St. Moritz, Switzerland",15,summer,8,balanced,0.25,0.25,0.25,0.25,85.6820544,0.8737864,0.9916667,0.8888889,0.7236664,0.6186596,0.9699208,1.0,0.007628,-
2,route_planner_greedy_local:RoutePlanner,"Interlaken, Switzerland","St. Moritz, Switzerland",15,summer,8,balanced,0.25,0.25,0.25,0.25,86.8713748,0.907767,0.9916667,0.8888889,0.7236664,0.6186596,0.9699208,1.0,0.345755,-
3,route_planner:RoutePlanner,"Interlaken, Switzerland","St. Moritz, Switzerland",15,summer,8,balanced,0.25,0.25,0.25,0.25,88.2192276,0.9038462,0.9916667,0.8888889,0.7032376,0.8572613,0.867687,0.9833333,2.587734,-
1,route_planner_greedy:RoutePlanner,"Interlaken, Switzerland","St. Moritz, Switzerland",15,summer,8,nature_sport,0.4,0.1,0.2,0.3,83.8287811,0.8308824,0.9916667,0.8888889,0.7194273,0.5898552,0.9699208,1.0,0.011911,-
2,route_planner_greedy_local:RoutePlanner,"Interlaken, Switzerland","St. Moritz, Switzerland",15,summer,8,nature_sport,0.4,0.1,0.2,0.3,83.8287811,0.8308824,0.9916667,0.8888889,0.7194273,0.5898552,0.9699208,1.0,0.337829,-
3,route_planner:RoutePlanner,"Interlaken, Switzerland","St. Moritz, Switzerland",15,summer,8,nature_sport,0.4,0.1,0.2,0.3,88.7495862,0.9306891,0.9833333,0.7777778,0.7357651,0.8872721,0.9699208,1.0,1.766672,-
1,route_planner_greedy:RoutePlanner,"Interlaken, Switzerland","St. Moritz, Switzerland",15,summer,8,culture_food,0.1,0.4,0.3,0.2,79.7031968,0.6309524,0.9916667,0.8888889,0.7326209,0.8572613,0.9699208,1.0,0.007668,-
2,route_planner_greedy_local:RoutePlanner,"Interlaken, Switzerland","St. Moritz, Switzerland",15,summer,8,culture_food,0.1,0.4,0.3,0.2,83.8698635,0.75,0.9916667,0.8888889,0.7326209,0.8572613,0.9699208,1.0,0.365429,-
3,route_planner:RoutePlanner,"Interlaken, Switzerland","St. Moritz, Switzerland",15,summer,8,culture_food,0.1,0.4,0.3,0.2,86.1069166,0.8526936,0.975,0.8888889,0.7267526,0.8064583,0.867687,1.0,1.377379,-
1,route_planner_greedy:RoutePlanner,"Interlaken, Switzerland","St. Moritz, Switzerland",15,summer,8,sport_culture,0.2,0.3,0.1,0.4,82.3467465,0.8373016,0.9916667,0.7777778,0.7408509,0.5470094,1.0,0.9833333,0.008446,-
2,route_planner_greedy_local:RoutePlanner,"Interlaken, Switzerland","St. Moritz, Switzerland",15,summer,8,sport_culture,0.2,0.3,0.1,0.4,82.3467465,0.8373016,0.9916667,0.7777778,0.7408509,0.5470094,1.0,0.9833333,0.238836,-
3,route_planner:RoutePlanner,"Interlaken, Switzerland","St. Moritz, Switzerland",15,summer,8,sport_culture,0.2,0.3,0.1,0.4,83.9234663,0.8015873,0.9916667,0.7777778,0.7069279,0.8872721,0.9699208,1.0,0.937163,-
1,route_planner_greedy:RoutePlanner,"Interlaken, Switzerland","St. Moritz, Switzerland",15,summer,10,balanced,0.25,0.25,0.25,0.25,83.4797193,0.8,0.94,0.7777778,0.7621421,0.8364255,1.0,0.9833333,0.010148,-
2,route_planner_greedy_local:RoutePlanner,"Interlaken, Switzerland","St. Moritz, Switzerland",15,summer,10,balanced,0.25,0.25,0.25,0.25,86.6165614,0.9210526,0.8666667,0.7777778,0.7621421,0.8364255,1.0,0.9833333,1.351133,-
3,route_planner:RoutePlanner,"Interlaken, Switzerland","St. Moritz, Switzerland",15,summer,10,balanced,0.25,0.25,0.25,0.25,87.2021504,0.8527132,0.96,0.8888889,0.7278853,0.9006369,0.9398416,1.0,1.835463,-
1,route_planner_greedy:RoutePlanner,"Interlaken, Switzerland","St. Moritz, Switzerland",15,summer,10,nature_sport,0.4,0.1,0.2,0.3,76.3185366,0.7820513,0.9933333,0.8888889,0.7031718,0.0316228,0.9699208,1.0,0.008751,-
2,route_planner_greedy_local:RoutePlanner,"Interlaken, Switzerland","St. Moritz, Switzerland",15,summer,10,nature_sport,0.4,0.1,0.2,0.3,78.3377674,0.8397436,0.9933333,0.8888889,0.7031718,0.0316228,0.9699208,1.0,0.599775,-
3,route_planner:RoutePlanner,"Interlaken, Switzerland","St. Moritz, Switzerland",15,summer,10,nature_sport,0.4,0.1,0.2,0.3,88.7983507,0.8886768,0.98,0.8888889,0.735886,0.9006369,0.9233337,1.0,1.583352,-
1,route_planner_greedy:RoutePlanner,"Interlaken, Switzerland","St. Moritz, Switzerland",15,summer,10,culture_food,0.1,0.4,0.3,0.2,73.8702736,0.7534987,0.98,0.7777778,0.734761,0.019307,1.0,0.9833333,0.00996,-
2,route_planner_greedy_local:RoutePlanner,"Interlaken, Switzerland","St. Moritz, Switzerland",15,summer,10,culture_food,0.1,0.4,0.3,0.2,79.7261239,0.9493802,0.9133333,0.7777778,0.734761,0.019307,1.0,0.9833333,0.837501,-
3,route_planner:RoutePlanner,"Interlaken, Switzerland","St. Moritz, Switzerland",15,summer,10,culture_food,0.1,0.4,0.3,0.2,89.784237,0.9599359,0.9666667,0.7777778,0.7436801,0.8864613,1.0,1.0,2.072184,-
1,route_planner_greedy:RoutePlanner,"Interlaken, Switzerland","St. Moritz, Switzerland",15,summer,10,sport_culture,0.2,0.3,0.1,0.4,77.148964,0.673028,0.9733333,0.7777778,0.7312873,0.6440341,1.0,0.9833333,0.009629,-
2,route_planner_greedy_local:RoutePlanner,"Interlaken, Switzerland","St. Moritz, Switzerland",15,summer,10,sport_culture,0.2,0.3,0.1,0.4,80.6601759,0.7847769,0.9466667,0.7777778,0.7312873,0.6440341,1.0,0.9833333,0.627759,-
3,route_planner:RoutePlanner,"Interlaken, Switzerland","St. Moritz, Switzerland",15,summer,10,sport_culture,0.2,0.3,0.1,0.4,88.6853329,0.974359,0.98,0.8888889,0.6752717,0.6804485,0.9398416,0.9833333,1.39901,-
1,route_planner_greedy:RoutePlanner,"Zurich, Switzerland","Zurich, Switzerland",15,summer,6,balanced,0.25,0.25,0.25,0.25,71.8634328,0.7826087,0.9444444,0.6666667,0.6741567,0.0276444,1.0,0.9833333,0.005053,-
2,route_planner_greedy_local:RoutePlanner,"Zurich, Switzerland","Zurich, Switzerland",15,summer,6,balanced,0.25,0.25,0.25,0.25,81.4622807,0.9411765,0.9555556,0.7777778,0.700918,0.215773,0.9699208,1.0,0.322876,-
3,route_planner:RoutePlanner,"Zurich, Switzerland","Zurich, Switzerland",15,summer,6,balanced,0.25,0.25,0.25,0.25,81.4622807,0.9411765,0.9555556,0.7777778,0.700918,0.215773,0.9699208,1.0,0.315149,-
1,route_planner_greedy:RoutePlanner,"Zurich, Switzerland","Zurich, Switzerland",15,summer,6,nature_sport,0.4,0.1,0.2,0.3,89.5388493,0.8958333,0.9777778,0.7777778,0.8526094,0.9212604,0.9699208,1.0,0.005342,-
2,route_planner_greedy_local:RoutePlanner,"Zurich, Switzerland","Zurich, Switzerland",15,summer,6,nature_sport,0.4,0.1,0.2,0.3,89.5388493,0.8958333,0.9777778,0.7777778,0.8526094,0.9212604,0.9699208,1.0,0.277312,-
3,route_planner:RoutePlanner,"Zurich, Switzerland","Zurich, Switzerland",15,summer,6,nature_sport,0.4,0.1,0.2,0.3,89.5388493,0.8958333,0.9777778,0.7777778,0.8526094,0.9212604,0.9699208,1.0,0.286606,-
1,route_planner_greedy:RoutePlanner,"Zurich, Switzerland","Zurich, Switzerland",15,summer,6,culture_food,0.1,0.4,0.3,0.2,86.41426,0.8665541,0.9777778,0.6666667,0.8264157,0.9105299,1.0,0.9833333,0.005865,-
2,route_planner_greedy_local:RoutePlanner,"Zurich, Switzerland","Zurich, Switzerland",15,summer,6,culture_food,0.1,0.4,0.3,0.2,86.41426,0.8665541,0.9777778,0.6666667,0.8264157,0.9105299,1.0,0.9833333,0.26256,-
3,route_planner:RoutePlanner,"Zurich, Switzerland","Zurich, Switzerland",15,summer,6,culture_food,0.1,0.4,0.3,0.2,86.41426,0.8665541,0.9777778,0.6666667,0.8264157,0.9105299,1.0,0.9833333,0.254671,-
1,route_planner_greedy:RoutePlanner,"Zurich, Switzerland","Zurich, Switzerland",15,summer,6,sport_culture,0.2,0.3,0.1,0.4,88.1219469,0.8310811,1.0,0.7777778,0.8345226,1.0,0.9699208,1.0,0.005503,-
2,route_planner_greedy_local:RoutePlanner,"Zurich, Switzerland","Zurich, Switzerland",15,summer,6,sport_culture,0.2,0.3,0.1,0.4,88.1219469,0.8310811,1.0,0.7777778,0.8345226,1.0,0.9699208,1.0,0.212967,-
3,route_planner:RoutePlanner,"Zurich, Switzerland","Zurich, Switzerland",15,summer,6,sport_culture,0.2,0.3,0.1,0.4,88.1219469,0.8310811,1.0,0.7777778,0.8345226,1.0,0.9699208,1.0,0.223486,-
1,route_planner_greedy:RoutePlanner,"Zurich, Switzerland","Zurich, Switzerland",15,summer,8,balanced,0.25,0.25,0.25,0.25,89.4795544,0.8846154,1.0,0.7777778,0.8526094,0.9212604,0.9699208,1.0,0.007991,-
2,route_planner_greedy_local:RoutePlanner,"Zurich, Switzerland","Zurich, Switzerland",15,summer,8,balanced,0.25,0.25,0.25,0.25,89.4795544,0.8846154,1.0,0.7777778,0.8526094,0.9212604,0.9699208,1.0,0.483282,-
3,route_planner:RoutePlanner,"Zurich, Switzerland","Zurich, Switzerland",15,summer,8,balanced,0.25,0.25,0.25,0.25,89.4795544,0.8846154,1.0,0.7777778,0.8526094,0.9212604,0.9699208,1.0,0.963826,-
1,route_planner_greedy:RoutePlanner,"Zurich, Switzerland","Zurich, Switzerland",15,summer,8,nature_sport,0.4,0.1,0.2,0.3,85.788111,0.795712,1.0,0.7777778,0.8139545,0.9212604,0.9699208,1.0,0.00892,-
2,route_planner_greedy_local:RoutePlanner,"Zurich, Switzerland","Zurich, Switzerland",15,summer,8,nature_sport,0.4,0.1,0.2,0.3,85.788111,0.795712,1.0,0.7777778,0.8139545,0.9212604,0.9699208,1.0,0.461267,-
3,route_planner:RoutePlanner,"Zurich, Switzerland","Zurich, Switzerland",15,summer,8,nature_sport,0.4,0.1,0.2,0.3,85.788111,0.795712,1.0,0.7777778,0.8139545,0.9212604,0.9699208,1.0,0.318341,-
1,route_planner_greedy:RoutePlanner,"Zurich, Switzerland","Zurich, Switzerland",15,summer,8,culture_food,0.1,0.4,0.3,0.2,79.178741,0.656746,0.9833333,0.6666667,0.8280443,0.9105299,1.0,0.9833333,0.008999,-
2,route_planner_greedy_local:RoutePlanner,"Zurich, Switzerland","Zurich, Switzerland",15,summer,8,culture_food,0.1,0.4,0.3,0.2,79.178741,0.656746,0.9833333,0.6666667,0.8280443,0.9105299,1.0,0.9833333,0.399919,-
3,route_planner:RoutePlanner,"Zurich, Switzerland","Zurich, Switzerland",15,summer,8,culture_food,0.1,0.4,0.3,0.2,79.178741,0.656746,0.9833333,0.6666667,0.8280443,0.9105299,1.0,0.9833333,0.559943,-
1,route_planner_greedy:RoutePlanner,"Zurich, Switzerland","Zurich, Switzerland",15,summer,8,sport_culture,0.2,0.3,0.1,0.4,85.2222511,0.8017799,0.9916667,0.7777778,0.7194292,0.9977245,0.9699208,1.0,0.008103,-
2,route_planner_greedy_local:RoutePlanner,"Zurich, Switzerland","Zurich, Switzerland",15,summer,8,sport_culture,0.2,0.3,0.1,0.4,85.2222511,0.8017799,0.9916667,0.7777778,0.7194292,0.9977245,0.9699208,1.0,0.228064,-
3,route_planner:RoutePlanner,"Zurich, Switzerland","Zurich, Switzerland",15,summer,8,sport_culture,0.2,0.3,0.1,0.4,85.2222511,0.8017799,0.9916667,0.7777778,0.7194292,0.9977245,0.9699208,1.0,0.238297,-
1,route_planner_greedy:RoutePlanner,"Zurich, Switzerland","Zurich, Switzerland",15,summer,10,balanced,0.25,0.25,0.25,0.25,83.8648044,0.8622047,0.94,0.6666667,0.7995328,0.767798,1.0,0.9833333,0.0093,-
2,route_planner_greedy_local:RoutePlanner,"Zurich, Switzerland","Zurich, Switzerland",15,summer,10,balanced,0.25,0.25,0.25,0.25,86.4705078,0.8358209,0.9866667,0.6666667,0.8333407,1.0,1.0,0.9833333,0.418959,-
3,route_planner:RoutePlanner,"Zurich, Switzerland","Zurich, Switzerland",15,summer,10,balanced,0.25,0.25,0.25,0.25,86.4705078,0.8358209,0.9866667,0.6666667,0.8333407,1.0,1.0,0.9833333,0.433077,-
1,route_planner_greedy:RoutePlanner,"Zurich, Switzerland","Zurich, Switzerland",15,summer,10,nature_sport,0.4,0.1,0.2,0.3,89.028045,0.8919173,0.9866667,0.7777778,0.7663113,1.0,0.9699208,1.0,0.009242,-
2,route_planner_greedy_local:RoutePlanner,"Zurich, Switzerland","Zurich, Switzerland",15,summer,10,nature_sport,0.4,0.1,0.2,0.3,89.028045,0.8919173,0.9866667,0.7777778,0.7663113,1.0,0.9699208,1.0,0.348577,-
3,route_planner:RoutePlanner,"Zurich, Switzerland","Zurich, Switzerland",15,summer,10,nature_sport,0.4,0.1,0.2,0.3,89.028045,0.8919173,0.9866667,0.7777778,0.7663113,1.0,0.9699208,1.0,0.380149,-
1,route_planner_greedy:RoutePlanner,"Zurich, Switzerland","Zurich, Switzerland",15,summer,10,culture_food,0.1,0.4,0.3,0.2,88.0122897,0.8393766,0.9733333,0.7777778,0.8345226,1.0,0.9699208,1.0,0.009458,-
2,route_planner_greedy_local:RoutePlanner,"Zurich, Switzerland","Zurich, Switzerland",15,summer,10,culture_food,0.1,0.4,0.3,0.2,88.0122897,0.8393766,0.9733333,0.7777778,0.8345226,1.0,0.9699208,1.0,0.337923,-
3,route_planner:RoutePlanner,"Zurich, Switzerland","Zurich, Switzerland",15,summer,10,culture_food,0.1,0.4,0.3,0.2,88.0122897,0.8393766,0.9733333,0.7777778,0.8345226,1.0,0.9699208,1.0,0.365838,-
1,route_planner_greedy:RoutePlanner,"Zurich, Switzerland","Zurich, Switzerland",15,summer,10,sport_culture,0.2,0.3,0.1,0.4,84.7037762,0.849359,0.9866667,0.7777778,0.8119804,0.6480236,0.9699208,1.0,0.01031,-
2,route_planner_greedy_local:RoutePlanner,"Zurich, Switzerland","Zurich, Switzerland",15,summer,10,sport_culture,0.2,0.3,0.1,0.4,84.7037762,0.849359,0.9866667,0.7777778,0.8119804,0.6480236,0.9699208,1.0,0.395179,-
3,route_planner:RoutePlanner,"Zurich, Switzerland","Zurich, Switzerland",15,summer,10,sport_culture,0.2,0.3,0.1,0.4,84.7037762,0.849359,0.9866667,0.7777778,0.8119804,0.6480236,0.9699208,1.0,0.415144,-
1,route_planner_greedy:RoutePlanner,"Lugano, Switzerland","Zurich, Switzerland",15,summer,6,balanced,0.25,0.25,0.25,0.25,88.4407475,0.9014085,0.9777778,0.8888889,0.836845,0.6489173,0.9699208,1.0,0.005796,-
2,route_planner_greedy_local:RoutePlanner,"Lugano, Switzerland","Zurich, Switzerland",15,summer,6,balanced,0.25,0.25,0.25,0.25,88.4407475,0.9014085,0.9777778,0.8888889,0.836845,0.6489173,0.9699208,1.0,0.184917,-
3,route_planner:RoutePlanner,"Lugano, Switzerland","Zurich, Switzerland",15,summer,6,balanced,0.25,0.25,0.25,0.25,88.4407475,0.9014085,0.9777778,0.8888889,0.836845,0.6489173,0.9699208,1.0,1.028109,-
1,route_planner_greedy:RoutePlanner,"Lugano, Switzerland","Zurich, Switzerland",15,summer,6,nature_sport,0.4,0.1,0.2,0.3,87.8783713,0.8430365,0.9666667,0.7777778,0.8136951,1.0,1.0,1.0,0.005232,-
2,route_planner_greedy_local:RoutePlanner,"Lugano, Switzerland","Zurich, Switzerland",15,summer,6,nature_sport,0.4,0.1,0.2,0.3,89.1220927,0.8928571,0.9333333,0.7777778,0.8136951,1.0,1.0,1.0,0.332392,-
3,route_planner:RoutePlanner,"Lugano, Switzerland","Zurich, Switzerland",15,summer,6,nature_sport,0.4,0.1,0.2,0.3,89.1220927,0.8928571,0.9333333,0.7777778,0.8136951,1.0,1.0,1.0,0.665561,-
1,route_planner_greedy:RoutePlanner,"Lugano, Switzerland","Zurich, Switzerland",15,summer,6,culture_food,0.1,0.4,0.3,0.2,84.9540221,0.9543379,0.9777778,0.7777778,0.8229435,0.2958043,1.0,0.9833333,0.007217,-
2,route_planner_greedy_local:RoutePlanner,"Lugano, Switzerland","Zurich, Switzerland",15,summer,6,culture_food,0.1,0.4,0.3,0.2,87.7834705,0.8826291,0.9777778,0.8888889,0.836845,0.6489173,0.9699208,1.0,0.201316,-
3,route_planner:RoutePlanner,"Lugano, Switzerland","Zurich, Switzerland",15,summer,6,culture_food,0.1,0.4,0.3,0.2,87.7834705,0.8826291,0.9777778,0.8888889,0.836845,0.6489173,0.9699208,1.0,0.67182,-
1,route_planner_greedy:RoutePlanner,"Lugano, Switzerland","Zurich, Switzerland",15,summer,6,sport_culture,0.2,0.3,0.1,0.4,88.5886274,0.8230594,0.9888889,0.8888889,0.836845,0.9212604,0.9699208,1.0,0.005144,-
2,route_planner_greedy_local:RoutePlanner,"Lugano, Switzerland","Zurich, Switzerland",15,summer,6,sport_culture,0.2,0.3,0.1,0.4,88.5886274,0.8230594,0.9888889,0.8888889,0.836845,0.9212604,0.9699208,1.0,0.178578,-
3,route_planner:RoutePlanner,"Lugano, Switzerland","Zurich, Switzerland",15,summer,6,sport_culture,0.2,0.3,0.1,0.4,92.6163535,0.9406393,0.9888889,0.8888889,0.8041223,1.0,0.9097623,0.9833333,0.820425,-
1,route_planner_greedy:RoutePlanner,"Lugano, Switzerland","Zurich, Switzerland",15,summer,8,balanced,0.25,0.25,0.25,0.25,82.146084,0.7079208,0.9666667,0.7777778,0.7541017,0.9973998,1.0,0.9833333,0.008028,-
2,route_planner_greedy_local:RoutePlanner,"Lugano, Switzerland","Zurich, Switzerland",15,summer,8,balanced,0.25,0.25,0.25,0.25,87.8997841,0.8865979,0.9333333,0.7777778,0.7541017,0.9973998,1.0,0.9833333,0.624589,-
3,route_planner:RoutePlanner,"Lugano, Switzerland","Zurich, Switzerland",15,summer,8,balanced,0.25,0.25,0.25,0.25,87.8997841,0.8865979,0.9333333,0.7777778,0.7541017,0.9973998,1.0,0.9833333,0.707032,-
1,route_planner_greedy:RoutePlanner,"Lugano, Switzerland","Zurich, Switzerland",15,summer,8,nature_sport,0.4,0.1,0.2,0.3,87.3319139,0.7792904,0.9833333,0.8888889,0.8097711,0.9977245,0.9699208,1.0,0.008811,-
2,route_planner_greedy_local:RoutePlanner,"Lugano, Switzerland","Zurich, Switzerland",15,summer,8,nature_sport,0.4,0.1,0.2,0.3,90.1216115,0.8732818,0.95,0.8888889,0.8097711,0.9977245,0.9699208,1.0,0.390837,-
3,route_planner:RoutePlanner,"Lugano, Switzerland","Zurich, Switzerland",15,summer,8,nature_sport,0.4,0.1,0.2,0.3,91.6565204,0.8837719,0.9416667,1.0,0.8102307,0.997977,0.8932545,1.0,0.689587,-
1,route_planner_greedy:RoutePlanner,"Lugano, Switzerland","Zurich, Switzerland",15,summer,8,culture_food,0.1,0.4,0.3,0.2,89.063905,0.8231132,1.0,0.8888889,0.8048004,1.0,0.9699208,1.0,0.007354,-
2,route_planner_greedy_local:RoutePlanner,"Lugano, Switzerland","Zurich, Switzerland",15,summer,8,culture_food,0.1,0.4,0.3,0.2,93.1924427,0.9625,0.95,0.8888889,0.8048004,1.0,0.9699208,1.0,0.566593,-
3,route_planner:RoutePlanner,"Lugano, Switzerland","Zurich, Switzerland",15,summer,8,culture_food,0.1,0.4,0.3,0.2,93.1924427,0.9625,0.95,0.8888889,0.8048004,1.0,0.9699208,1.0,0.51095,-
1,route_planner_greedy:RoutePlanner,"Lugano, Switzerland","Zurich, Switzerland",15,summer,8,sport_culture,0.2,0.3,0.1,0.4,88.2038537,0.8380503,1.0,0.7777778,0.8136951,1.0,1.0,1.0,0.00734,-
2,route_planner_greedy_local:RoutePlanner,"Lugano, Switzerland","Zurich, Switzerland",15,summer,8,sport_culture,0.2,0.3,0.1,0.4,90.0509648,0.9158249,0.9416667,0.7777778,0.8136951,1.0,1.0,1.0,0.400757,-
3,route_planner:RoutePlanner,"Lugano, Switzerland","Zurich, Switzerland",15,summer,8,sport_culture,0.2,0.3,0.1,0.4,93.013108,0.9642857,0.95,0.8888889,0.8164454,0.9816425,0.9233337,1.0,0.978033,-
1,route_planner_greedy:RoutePlanner,"Lugano, Switzerland","Zurich, Switzerland",15,summer,10,balanced,0.25,0.25,0.25,0.25,78.2162147,0.8032787,0.94,0.8888889,0.825707,0.0432919,0.9699208,1.0,0.008765,-
2,route_planner_greedy_local:RoutePlanner,"Lugano, Switzerland","Zurich, Switzerland",15,summer,10,balanced,0.25,0.25,0.25,0.25,78.472647,0.8220339,0.9133333,0.8888889,0.825707,0.0432919,0.9699208,1.0,0.520793,-
3,route_planner:RoutePlanner,"Lugano, Switzerland","Zurich, Switzerland",15,summer,10,balanced,0.25,0.25,0.25,0.25,85.4007921,0.9354839,0.94,0.8888889,0.8170336,0.3436684,0.9233337,0.9833333,1.305978,-
1,route_planner_greedy:RoutePlanner,"Lugano, Switzerland","Zurich, Switzerland",15,summer,10,nature_sport,0.4,0.1,0.2,0.3,87.0550928,0.817112,0.9733333,0.7777778,0.8143673,0.9973998,1.0,1.0,0.008993,-
2,route_planner_greedy_local:RoutePlanner,"Lugano, Switzerland","Zurich, Switzerland",15,summer,10,nature_sport,0.4,0.1,0.2,0.3,87.0550928,0.817112,0.9733333,0.7777778,0.8143673,0.9973998,1.0,1.0,0.334089,-
3,route_planner:RoutePlanner,"Lugano, Switzerland","Zurich, Switzerland",15,summer,10,nature_sport,0.4,0.1,0.2,0.3,92.2893928,0.94,0.9466667,0.8888889,0.8174764,0.9977245,0.9233337,1.0,1.180062,-
1,route_planner_greedy:RoutePlanner,"Lugano, Switzerland","Zurich, Switzerland",15,summer,10,culture_food,0.1,0.4,0.3,0.2,77.0859071,0.7936198,0.9466667,0.6666667,0.7132826,0.4659975,1.0,0.95,0.008685,-
2,route_planner_greedy_local:RoutePlanner,"Lugano, Switzerland","Zurich, Switzerland",15,summer,10,culture_food,0.1,0.4,0.3,0.2,77.3653823,0.8044619,0.94,0.6666667,0.7132826,0.4659975,1.0,0.95,0.552778,-
3,route_planner:RoutePlanner,"Lugano, Switzerland","Zurich, Switzerland",15,summer,10,culture_food,0.1,0.4,0.3,0.2,77.3653823,0.8044619,0.94,0.6666667,0.7132826,0.4659975,1.0,0.95,0.837617,-
1,route_planner_greedy:RoutePlanner,"Lugano, Switzerland","Zurich, Switzerland",15,summer,10,sport_culture,0.2,0.3,0.1,0.4,86.6889035,0.8546366,0.9866667,0.7777778,0.7525327,0.9105299,1.0,0.9833333,0.008678,-
2,route_planner_greedy_local:RoutePlanner,"Lugano, Switzerland","Zurich, Switzerland",15,summer,10,sport_culture,0.2,0.3,0.1,0.4,86.6889035,0.8546366,0.9866667,0.7777778,0.7525327,0.9105299,1.0,0.9833333,0.288706,-
3,route_planner:RoutePlanner,"Lugano, Switzerland","Zurich, Switzerland",15,summer,10,sport_culture,0.2,0.3,0.1,0.4,88.8208424,0.912465,0.9,0.8888889,0.7536863,0.9212604,0.9233337,0.9833333,0.886841,-
1,route_planner_greedy:RoutePlanner,"Geneva, Switzerland","Lucerne, Switzerland",15,summer,6,balanced,0.25,0.25,0.25,0.25,79.6559892,0.8766234,0.9888889,0.6666667,0.7720932,0.280944,1.0,0.95,0.005658,-
2,route_planner_greedy_local:RoutePlanner,"Geneva, Switzerland","Lucerne, Switzerland",15,summer,6,balanced,0.25,0.25,0.25,0.25,84.9294742,0.9350649,0.9888889,0.6666667,0.7720932,0.603747,1.0,0.95,0.368357,-
3,route_planner:RoutePlanner,"Geneva, Switzerland","Lucerne, Switzerland",15,summer,6,balanced,0.25,0.25,0.25,0.25,86.4866126,0.9459459,0.9666667,0.7777778,0.7570942,0.6488756,0.9233337,0.95,1.239682,-
1,route_planner_greedy:RoutePlanner,"Geneva, Switzerland","Lucerne, Switzerland",15,summer,6,nature_sport,0.4,0.1,0.2,0.3,86.227887,0.8619792,0.9888889,0.6666667,0.7594633,1.0,1.0,0.9666667,0.004496,-
2,route_planner_greedy_local:RoutePlanner,"Geneva, Switzerland","Lucerne, Switzerland",15,summer,6,nature_sport,0.4,0.1,0.2,0.3,86.227887,0.8619792,0.9888889,0.6666667,0.7594633,1.0,1.0,0.9666667,0.196902,-
3,route_planner:RoutePlanner,"Geneva, Switzerland","Lucerne, Switzerland",15,summer,6,nature_sport,0.4,0.1,0.2,0.3,86.227887,0.8619792,0.9888889,0.6666667,0.7594633,1.0,1.0,0.9666667,0.347279,-
1,route_planner_greedy:RoutePlanner,"Geneva, Switzerland","Lucerne, Switzerland",15,summer,6,culture_food,0.1,0.4,0.3,0.2,82.3281469,0.8833333,1.0,0.7777778,0.7851389,0.3368126,0.9699208,0.95,0.004852,-
2,route_planner_greedy_local:RoutePlanner,"Geneva, Switzerland","Lucerne, Switzerland",15,summer,6,culture_food,0.1,0.4,0.3,0.2,85.692333,0.9616228,0.9777778,0.6666667,0.7720932,0.603747,1.0,0.95,0.42401,-
3,route_planner:RoutePlanner,"Geneva, Switzerland","Lucerne, Switzerland",15,summer,6,culture_food,0.1,0.4,0.3,0.2,85.692333,0.9616228,0.9777778,0.6666667,0.7720932,0.603747,1.0,0.95,0.59852,-
1,route_planner_greedy:RoutePlanner,"Geneva, Switzerland","Lucerne, Switzerland",15,summer,6,sport_culture,0.2,0.3,0.1,0.4,82.7844338,0.8701299,1.0,0.6666667,0.7750501,0.603747,1.0,0.9333333,0.005019,-
2,route_planner_greedy_local:RoutePlanner,"Geneva, Switzerland","Lucerne, Switzerland",15,summer,6,sport_culture,0.2,0.3,0.1,0.4,82.7844338,0.8701299,1.0,0.6666667,0.7750501,0.603747,1.0,0.9333333,0.256858,-
3,route_planner:RoutePlanner,"Geneva, Switzerland","Lucerne, Switzerland",15,summer,6,sport_culture,0.2,0.3,0.1,0.4,85.0948517,0.783105,0.9888889,0.8888889,0.6757713,1.0,0.8932545,0.9833333,0.814694,-
1,route_planner_greedy:RoutePlanner,"Geneva, Switzerland","Lucerne, Switzerland",15,summer,8,balanced,0.25,0.25,0.25,0.25,87.0856957,0.86,0.9416667,0.7777778,0.7462686,1.0,1.0,1.0,0.007115,-
2,route_planner_greedy_local:RoutePlanner,"Geneva, Switzerland","Lucerne, Switzerland",15,summer,8,balanced,0.25,0.25,0.25,0.25,89.4639566,0.9565217,0.875,0.7777778,0.7462686,1.0,1.0,1.0,0.532329,-
3,route_planner:RoutePlanner,"Geneva, Switzerland","Lucerne, Switzerland",15,summer,8,balanced,0.25,0.25,0.25,0.25,90.5141458,0.9375,0.925,0.8888889,0.7251096,1.0,0.9233337,1.0,0.56114,-
1,route_planner_greedy:RoutePlanner,"Geneva, Switzerland","Lucerne, Switzerland",15,summer,8,nature_sport,0.4,0.1,0.2,0.3,81.6154093,0.8737981,0.9916667,0.7777778,0.7570942,0.3368126,0.9699208,0.9833333,0.00771,-
2,route_planner_greedy_local:RoutePlanner,"Geneva, Switzerland","Lucerne, Switzerland",15,summer,8,nature_sport,0.4,0.1,0.2,0.3,80.9937014,0.8306075,1.0,0.6666667,0.7423313,0.603747,1.0,0.95,0.460827,-
3,route_planner:RoutePlanner,"Geneva, Switzerland","Lucerne, Switzerland",15,summer,8,nature_sport,0.4,0.1,0.2,0.3,82.8455189,0.8860294,0.9583333,0.6666667,0.7750501,0.6317468,0.9699208,0.9333333,0.785108,-
1,route_planner_greedy:RoutePlanner,"Geneva, Switzerland","Lucerne, Switzerland",15,summer,8,culture_food,0.1,0.4,0.3,0.2,78.4703342,0.7457562,1.0,0.6666667,0.7720932,0.603747,1.0,0.95,0.007663,-
2,route_planner_greedy_local:RoutePlanner,"Geneva, Switzerland","Lucerne, Switzerland",15,summer,8,culture_food,0.1,0.4,0.3,0.2,90.6043014,0.9387755,0.925,0.8888889,0.7126148,1.0,0.9699208,1.0,0.543235,-
3,route_planner:RoutePlanner,"Geneva, Switzerland","Lucerne, Switzerland",15,summer,8,culture_food,0.1,0.4,0.3,0.2,92.2978844,0.9605263,0.9166667,1.0,0.6975461,1.0,0.8932545,1.0,0.77377,-
1,route_planner_greedy:RoutePlanner,"Geneva, Switzerland","Lucerne, Switzerland",15,summer,8,sport_culture,0.2,0.3,0.1,0.4,77.8808152,0.8611111,0.9833333,0.6666667,0.7978146,0.1358041,1.0,0.9333333,0.007089,-
2,route_planner_greedy_local:RoutePlanner,"Geneva, Switzerland","Lucerne, Switzerland",15,summer,8,sport_culture,0.2,0.3,0.1,0.4,79.2697041,0.9007937,0.9833333,0.6666667,0.7978146,0.1358041,1.0,0.9333333,0.466601,-
3,route_planner:RoutePlanner,"Geneva, Switzerland","Lucerne, Switzerland",15,summer,8,sport_culture,0.2,0.3,0.1,0.4,83.8776893,0.8105346,1.0,0.7777778,0.5894875,1.0,1.0,1.0,1.262652,-
1,route_planner_greedy:RoutePlanner,"Geneva, Switzerland","Lucerne, Switzerland",15,summer,10,balanced,0.25,0.25,0.25,0.25,87.305675,0.8970588,0.9733333,0.6666667,0.7594633,1.0,1.0,0.9833333,0.010394,-
2,route_planner_greedy_local:RoutePlanner,"Geneva, Switzerland","Lucerne, Switzerland",15,summer,10,balanced,0.25,0.25,0.25,0.25,87.857101,0.9242424,0.9466667,0.6666667,0.7594633,1.0,1.0,0.9833333,0.956708,-
3,route_planner:RoutePlanner,"Geneva, Switzerland","Lucerne, Switzerland",15,summer,10,balanced,0.25,0.25,0.25,0.25,91.5629322,0.9545455,0.96,0.8888889,0.7388049,1.0,0.867687,1.0,1.729414,-
1,route_planner_greedy:RoutePlanner,"Geneva, Switzerland","Lucerne, Switzerland",15,summer,10,nature_sport,0.4,0.1,0.2,0.3,86.5791607,0.885723,0.9866667,0.6666667,0.7297014,1.0,1.0,0.9666667,0.007942,-
2,route_planner_greedy_local:RoutePlanner,"Geneva, Switzerland","Lucerne, Switzerland",15,summer,10,nature_sport,0.4,0.1,0.2,0.3,86.5791607,0.885723,0.9866667,0.6666667,0.7297014,1.0,1.0,0.9666667,0.283512,-
3,route_planner:RoutePlanner,"Geneva, Switzerland","Lucerne, Switzerland",15,summer,10,nature_sport,0.4,0.1,0.2,0.3,88.1984244,0.9188931,0.9866667,0.8888889,0.673339,0.8187077,0.9233337,1.0,0.821634,-
1,route_planner_greedy:RoutePlanner,"Geneva, Switzerland","Lucerne, Switzerland",15,summer,10,culture_food,0.1,0.4,0.3,0.2,84.605459,0.8050487,1.0,0.6666667,0.7750501,0.9969671,1.0,0.9666667,0.008086,-
2,route_planner_greedy_local:RoutePlanner,"Geneva, Switzerland","Lucerne, Switzerland",15,summer,10,culture_food,0.1,0.4,0.3,0.2,88.288549,0.9102798,1.0,0.6666667,0.7750501,0.9969671,1.0,0.9666667,0.89811,-
3,route_planner:RoutePlanner,"Geneva, Switzerland","Lucerne, Switzerland",15,summer,10,culture_food,0.1,0.4,0.3,0.2,88.8551102,0.9027778,1.0,0.7777778,0.7444814,0.9973998,0.9233337,0.9666667,0.598945,-
1,route_planner_greedy:RoutePlanner,"Geneva, Switzerland","Lucerne, Switzerland",15,summer,10,sport_culture,0.2,0.3,0.1,0.4,79.3638286,0.8013784,0.9733333,0.7777778,0.6526899,0.5341901,1.0,0.9833333,0.008669,-
2,route_planner_greedy_local:RoutePlanner,"Geneva, Switzerland","Lucerne, Switzerland",15,summer,10,sport_culture,0.2,0.3,0.1,0.4,79.3638286,0.8013784,0.9733333,0.7777778,0.6526899,0.5341901,1.0,0.9833333,0.292438,-
3,route_planner:RoutePlanner,"Geneva, Switzerland","Lucerne, Switzerland",15,summer,10,sport_culture,0.2,0.3,0.1,0.4,86.7783177,0.8169192,0.98,0.8888889,0.696907,1.0,0.9398416,1.0,1.241002,-
1,route_planner_greedy:RoutePlanner,"Bern, Switzerland","Zermatt, Switzerland",15,summer,6,balanced,0.25,0.25,0.25,0.25,79.0890739,0.8972603,0.9777778,0.7777778,0.6381686,0.1862436,1.0,0.9833333,0.005421,-
2,route_planner_greedy_local:RoutePlanner,"Bern, Switzerland","Zermatt, Switzerland",15,summer,6,balanced,0.25,0.25,0.25,0.25,79.0890739,0.8972603,0.9777778,0.7777778,0.6381686,0.1862436,1.0,0.9833333,0.17089,-
3,route_planner:RoutePlanner,"Bern, Switzerland","Zermatt, Switzerland",15,summer,6,balanced,0.25,0.25,0.25,0.25,80.9766522,0.8972603,1.0,0.8888889,0.6272018,0.2297847,0.9233337,0.9833333,0.905363,-
1,route_planner_greedy:RoutePlanner,"Bern, Switzerland","Zermatt, Switzerland",15,summer,6,nature_sport,0.4,0.1,0.2,0.3,81.1507892,0.8977273,0.9444444,0.8888889,0.6725408,0.2292618,0.9699208,1.0,0.005196,-
2,route_planner_greedy_local:RoutePlanner,"Bern, Switzerland","Zermatt, Switzerland",15,summer,6,nature_sport,0.4,0.1,0.2,0.3,82.0346276,0.9229798,0.9444444,0.8888889,0.6725408,0.2292618,0.9699208,1.0,0.287636,-
3,route_planner:RoutePlanner,"Bern, Switzerland","Zermatt, Switzerland",15,summer,6,nature_sport,0.4,0.1,0.2,0.3,87.1413542,0.8958333,0.9555556,0.8888889,0.6137814,0.9530861,0.8932545,0.9833333,0.613915,-
1,route_planner_greedy:RoutePlanner,"Bern, Switzerland","Zermatt, Switzerland",15,summer,6,culture_food,0.1,0.4,0.3,0.2,73.8114808,0.5696272,0.9666667,0.6666667,0.6360797,1.0,1.0,0.9666667,0.004791,-
2,route_planner_greedy_local:RoutePlanner,"Bern, Switzerland","Zermatt, Switzerland",15,summer,6,culture_food,0.1,0.4,0.3,0.2,79.8554925,0.8668981,0.9777778,0.8888889,0.6741024,0.1552917,0.9699208,1.0,0.284145,-
3,route_planner:RoutePlanner,"Bern, Switzerland","Zermatt, Switzerland",15,summer,6,culture_food,0.1,0.4,0.3,0.2,84.0534705,0.8560049,0.9,0.7777778,0.6106908,1.0,0.9699208,0.9833333,0.768918,-
1,route_planner_greedy:RoutePlanner,"Bern, Switzerland","Zermatt, Switzerland",15,summer,6,sport_culture,0.2,0.3,0.1,0.4,76.9446396,0.8254505,1.0,0.7777778,0.68536,0.119014,1.0,0.9833333,0.005179,-
2,route_planner_greedy_local:RoutePlanner,"Bern, Switzerland","Zermatt, Switzerland",15,summer,6,sport_culture,0.2,0.3,0.1,0.4,81.6743693,0.9605856,1.0,0.7777778,0.68536,0.119014,1.0,0.9833333,0.473071,-
3,route_planner:RoutePlanner,"Bern, Switzerland","Zermatt, Switzerland",15,summer,6,sport_culture,0.2,0.3,0.1,0.4,87.6001355,0.8985507,0.9222222,0.8888889,0.6400836,1.0,0.8932545,0.9833333,1.440268,-
1,route_planner_greedy:RoutePlanner,"Bern, Switzerland","Zermatt, Switzerland",15,summer,8,balanced,0.25,0.25,0.25,0.25,71.6878627,0.6666667,0.9583333,0.7777778,0.6437806,0.2739487,1.0,0.9833333,0.007869,-
2,route_planner_greedy_local:RoutePlanner,"Bern, Switzerland","Zermatt, Switzerland",15,summer,8,balanced,0.25,0.25,0.25,0.25,74.5161455,0.7474747,0.9583333,0.7777778,0.6437806,0.2739487,1.0,0.9833333,0.404978,-
3,route_planner:RoutePlanner,"Bern, Switzerland","Zermatt, Switzerland",15,summer,8,balanced,0.25,0.25,0.25,0.25,88.6454627,0.9278351,0.95,0.8888889,0.6925593,0.8944411,0.867687,0.9833333,1.577093,-
1,route_planner_greedy:RoutePlanner,"Bern, Switzerland","Zermatt, Switzerland",15,summer,8,nature_sport,0.4,0.1,0.2,0.3,74.9383673,0.7714401,0.9916667,0.7777778,0.6861573,0.118727,1.0,0.9833333,0.008025,-
2,route_planner_greedy_local:RoutePlanner,"Bern, Switzerland","Zermatt, Switzerland",15,summer,8,nature_sport,0.4,0.1,0.2,0.3,82.0402355,0.9886364,0.9583333,0.7777778,0.6861573,0.118727,1.0,0.9833333,0.719796,-
3,route_planner:RoutePlanner,"Bern, Switzerland","Zermatt, Switzerland",15,summer,8,nature_sport,0.4,0.1,0.2,0.3,83.5260339,0.8302469,1.0,0.6666667,0.6422706,1.0,1.0,0.9666667,0.71552,-
1,route_planner_greedy:RoutePlanner,"Bern, Switzerland","Zermatt, Switzerland",15,summer,8,culture_food,0.1,0.4,0.3,0.2,78.5685306,0.7748397,1.0,0.8888889,0.6695984,0.3222227,0.9699208,1.0,0.007554,-
2,route_planner_greedy_local:RoutePlanner,"Bern, Switzerland","Zermatt, Switzerland",15,summer,8,culture_food,0.1,0.4,0.3,0.2,80.8121204,0.8389423,1.0,0.8888889,0.6695984,0.3222227,0.9699208,1.0,0.408986,-
3,route_planner:RoutePlanner,"Bern, Switzerland","Zermatt, Switzerland",15,summer,8,culture_food,0.1,0.4,0.3,0.2,84.6106108,0.8035714,0.975,0.7777778,0.6795963,1.0,1.0,1.0,1.653926,-
1,route_planner_greedy:RoutePlanner,"Bern, Switzerland","Zermatt, Switzerland",15,summer,8,sport_culture,0.2,0.3,0.1,0.4,83.9716347,0.754902,0.9916667,0.8888889,0.7038796,0.8933935,0.9699208,1.0,0.011661,-
2,route_planner_greedy_local:RoutePlanner,"Bern, Switzerland","Zermatt, Switzerland",15,summer,8,sport_culture,0.2,0.3,0.1,0.4,88.1214946,0.8877551,0.9583333,0.8888889,0.7038796,0.8933935,0.9699208,1.0,0.429511,-
3,route_planner:RoutePlanner,"Bern, Switzerland","Zermatt, Switzerland",15,summer,8,sport_culture,0.2,0.3,0.1,0.4,88.1214946,0.8877551,0.9583333,0.8888889,0.7038796,0.8933935,0.9699208,1.0,1.007714,-
1,route_planner_greedy:RoutePlanner,"Bern, Switzerland","Zermatt, Switzerland",15,summer,10,balanced,0.25,0.25,0.25,0.25,76.9915278,0.8548387,0.9466667,0.7777778,0.7397515,0.0192568,1.0,0.9833333,0.010639,-
2,route_planner_greedy_local:RoutePlanner,"Bern, Switzerland","Zermatt, Switzerland",15,summer,10,balanced,0.25,0.25,0.25,0.25,79.4277285,0.9444444,0.9,0.7777778,0.7397515,0.0192568,1.0,0.9833333,1.238503,-
3,route_planner:RoutePlanner,"Bern, Switzerland","Zermatt, Switzerland",15,summer,10,balanced,0.25,0.25,0.25,0.25,85.9944525,0.8255814,0.9733333,0.8888889,0.6618895,0.9538221,0.9398416,1.0,1.251597,-
1,route_planner_greedy:RoutePlanner,"Bern, Switzerland","Zermatt, Switzerland",15,summer,10,nature_sport,0.4,0.1,0.2,0.3,77.6365234,0.8383333,0.96,0.8888889,0.6805122,0.0504237,0.9699208,1.0,0.009063,-
2,route_planner_greedy_local:RoutePlanner,"Bern, Switzerland","Zermatt, Switzerland",15,summer,10,nature_sport,0.4,0.1,0.2,0.3,80.4241267,0.9294077,0.9333333,0.8888889,0.6805122,0.0504237,0.9699208,1.0,0.836387,-
3,route_planner:RoutePlanner,"Bern, Switzerland","Zermatt, Switzerland",15,summer,10,nature_sport,0.4,0.1,0.2,0.3,88.5823713,0.9773551,0.9933333,0.6666667,0.6639115,1.0,0.9699208,0.9333333,1.347576,-
1,route_planner_greedy:RoutePlanner,"Bern, Switzerland","Zermatt, Switzerland",15,summer,10,culture_food,0.1,0.4,0.3,0.2,69.383889,0.6600877,0.9933333,0.7777778,0.6311701,0.0329934,1.0,0.9833333,0.009252,-
2,route_planner_greedy_local:RoutePlanner,"Bern, Switzerland","Zermatt, Switzerland",15,summer,10,culture_food,0.1,0.4,0.3,0.2,72.6733627,0.7540727,0.9933333,0.7777778,0.6311701,0.0329934,1.0,0.9833333,0.548267,-
3,route_planner:RoutePlanner,"Bern, Switzerland","Zermatt, Switzerland",15,summer,10,culture_food,0.1,0.4,0.3,0.2,83.7629568,0.7548077,0.98,0.8888889,0.6624275,0.9992003,0.8932545,0.9833333,1.78418,-
1,route_planner_greedy:RoutePlanner,"Bern, Switzerland","Zermatt, Switzerland",15,summer,10,sport_culture,0.2,0.3,0.1,0.4,75.1845505,0.8079427,0.98,0.7777778,0.7223558,0.0104948,0.9699208,0.95,0.009301,-
2,route_planner_greedy_local:RoutePlanner,"Bern, Switzerland","Zermatt, Switzerland",15,summer,10,sport_culture,0.2,0.3,0.1,0.4,76.6266659,0.869146,0.9333333,0.7777778,0.7223558,0.0104948,0.9699208,0.95,1.677025,-
3,route_planner:RoutePlanner,"Bern, Switzerland","Zermatt, Switzerland",15,summer,10,sport_culture,0.2,0.3,0.1,0.4,86.1509359,0.8383085,0.9866667,0.8888889,0.6351731,1.0,0.8631753,0.9666667,1.959376,-
1,route_planner_greedy:RoutePlanner,"St. Moritz, Switzerland","St. Moritz, Switzerland",15,summer,6,balanced,0.25,0.25,0.25,0.25,73.5933087,0.7428571,0.9666667,0.6666667,0.8712157,0.0108407,1.0,0.9833333,0.005751,-
2,route_planner_greedy_local:RoutePlanner,"St. Moritz, Switzerland","St. Moritz, Switzerland",15,summer,6,balanced,0.25,0.25,0.25,0.25,76.510731,0.7727273,0.9666667,0.7777778,0.8775916,0.0285131,0.9699208,1.0,0.329994,-
3,route_planner:RoutePlanner,"St. Moritz, Switzerland","St. Moritz, Switzerland",15,summer,6,balanced,0.25,0.25,0.25,0.25,76.510731,0.7727273,0.9666667,0.7777778,0.8775916,0.0285131,0.9699208,1.0,0.340209,-
1,route_planner_greedy:RoutePlanner,"St. Moritz, Switzerland","St. Moritz, Switzerland",15,summer,6,nature_sport,0.4,0.1,0.2,0.3,83.0453069,0.9426329,0.9888889,0.7777778,0.9008474,0.0190843,0.9699208,1.0,0.005646,-
2,route_planner_greedy_local:RoutePlanner,"St. Moritz, Switzerland","St. Moritz, Switzerland",15,summer,6,nature_sport,0.4,0.1,0.2,0.3,76.8670009,0.8662935,0.9444444,0.6666667,0.8139021,0.0171529,1.0,1.0,0.386139,-
3,route_planner:RoutePlanner,"St. Moritz, Switzerland","St. Moritz, Switzerland",15,summer,6,nature_sport,0.4,0.1,0.2,0.3,76.8670009,0.8662935,0.9444444,0.6666667,0.8139021,0.0171529,1.0,1.0,0.309024,-
1,route_planner_greedy:RoutePlanner,"St. Moritz, Switzerland","St. Moritz, Switzerland",15,summer,6,culture_food,0.1,0.4,0.3,0.2,81.0301203,0.9105392,0.9888889,0.7777778,0.835127,0.0284739,0.9699208,1.0,0.005532,-
2,route_planner_greedy_local:RoutePlanner,"St. Moritz, Switzerland","St. Moritz, Switzerland",15,summer,6,culture_food,0.1,0.4,0.3,0.2,79.3571878,0.9074755,0.9777778,0.6666667,0.8670098,0.0157461,0.9699208,0.9833333,0.240628,-
3,route_planner:RoutePlanner,"St. Moritz, Switzerland","St. Moritz, Switzerland",15,summer,6,culture_food,0.1,0.4,0.3,0.2,79.3571878,0.9074755,0.9777778,0.6666667,0.8670098,0.0157461,0.9699208,0.9833333,0.248693,-
1,route_planner_greedy:RoutePlanner,"St. Moritz, Switzerland","St. Moritz, Switzerland",15,summer,6,sport_culture,0.2,0.3,0.1,0.4,80.699818,0.9104478,0.9666667,0.7777778,0.8355163,0.0285131,0.9699208,1.0,0.005611,-
2,route_planner_greedy_local:RoutePlanner,"St. Moritz, Switzerland","St. Moritz, Switzerland",15,summer,6,sport_culture,0.2,0.3,0.1,0.4,80.699818,0.9104478,0.9666667,0.7777778,0.8355163,0.0285131,0.9699208,1.0,0.305961,-
3,route_planner:RoutePlanner,"St. Moritz, Switzerland","St. Moritz, Switzerland",15,summer,6,sport_culture,0.2,0.3,0.1,0.4,80.699818,0.9104478,0.9666667,0.7777778,0.8355163,0.0285131,0.9699208,1.0,0.310415,-
1,route_planner_greedy:RoutePlanner,"St. Moritz, Switzerland","St. Moritz, Switzerland",15,summer,8,balanced,0.25,0.25,0.25,0.25,77.8866229,0.8877551,0.9666667,0.6666667,0.8160546,0.0157709,1.0,0.9833333,0.008224,-
2,route_planner_greedy_local:RoutePlanner,"St. Moritz, Switzerland","St. Moritz, Switzerland",15,summer,8,balanced,0.25,0.25,0.25,0.25,77.8866229,0.8877551,0.9666667,0.6666667,0.8160546,0.0157709,1.0,0.9833333,0.384416,-
3,route_planner:RoutePlanner,"St. Moritz, Switzerland","St. Moritz, Switzerland",15,summer,8,balanced,0.25,0.25,0.25,0.25,77.8866229,0.8877551,0.9666667,0.6666667,0.8160546,0.0157709,1.0,0.9833333,0.404346,-
1,route_planner_greedy:RoutePlanner,"St. Moritz, Switzerland","St. Moritz, Switzerland",15,summer,8,nature_sport,0.4,0.1,0.2,0.3,66.3487261,0.5420792,0.9916667,0.6666667,0.8284385,0.0157709,1.0,0.9833333,0.008396,-
2,route_planner_greedy_local:RoutePlanner,"St. Moritz, Switzerland","St. Moritz, Switzerland",15,summer,8,nature_sport,0.4,0.1,0.2,0.3,74.5407042,0.7625,0.9916667,0.6666667,0.8537784,0.0171529,1.0,1.0,0.345736,-
3,route_planner:RoutePlanner,"St. Moritz, Switzerland","St. Moritz, Switzerland",15,summer,8,nature_sport,0.4,0.1,0.2,0.3,74.5407042,0.7625,0.9916667,0.6666667,0.8537784,0.0171529,1.0,1.0,0.356701,-
1,route_planner_greedy:RoutePlanner,"St. Moritz, Switzerland","St. Moritz, Switzerland",15,summer,8,culture_food,0.1,0.4,0.3,0.2,80.6878021,0.9071782,0.9833333,0.7777778,0.8270245,0.0264926,0.9699208,1.0,0.007975,-
2,route_planner_greedy_local:RoutePlanner,"St. Moritz, Switzerland","St. Moritz, Switzerland",15,summer,8,culture_food,0.1,0.4,0.3,0.2,71.178879,0.6625,0.9916667,0.6666667,0.86299,0.0171529,1.0,1.0,0.377702,-
3,route_planner:RoutePlanner,"St. Moritz, Switzerland","St. Moritz, Switzerland",15,summer,8,culture_food,0.1,0.4,0.3,0.2,71.178879,0.6625,0.9916667,0.6666667,0.86299,0.0171529,1.0,1.0,0.399921,-
1,route_planner_greedy:RoutePlanner,"St. Moritz, Switzerland","St. Moritz, Switzerland",15,summer,8,sport_culture,0.2,0.3,0.1,0.4,77.8285915,0.8284314,0.9916667,0.7777778,0.8104728,0.0285131,0.9699208,1.0,0.008248,-
2,route_planner_greedy_local:RoutePlanner,"St. Moritz, Switzerland","St. Moritz, Switzerland",15,summer,8,sport_culture,0.2,0.3,0.1,0.4,63.7443345,0.4711221,0.9916667,0.6666667,0.8139021,0.0171529,1.0,1.0,0.360363,-
3,route_planner:RoutePlanner,"St. Moritz, Switzerland","St. Moritz, Switzerland",15,summer,8,sport_culture,0.2,0.3,0.1,0.4,63.7443345,0.4711221,0.9916667,0.6666667,0.8139021,0.0171529,1.0,1.0,0.37219,-
1,route_planner_greedy:RoutePlanner,"St. Moritz, Switzerland","St. Moritz, Switzerland",15,summer,10,balanced,0.25,0.25,0.25,0.25,78.989727,0.894958,0.9333333,0.7777778,0.7909864,0.0285131,0.9699208,1.0,0.009435,-
2,route_planner_greedy_local:RoutePlanner,"St. Moritz, Switzerland","St. Moritz, Switzerland",15,summer,10,balanced,0.25,0.25,0.25,0.25,78.989727,0.894958,0.9333333,0.7777778,0.7909864,0.0285131,0.9699208,1.0,0.340508,-
3,route_planner:RoutePlanner,"St. Moritz, Switzerland","St. Moritz, Switzerland",15,summer,10,balanced,0.25,0.25,0.25,0.25,78.989727,0.894958,0.9333333,0.7777778,0.7909864,0.0285131,0.9699208,1.0,0.363946,-
1,route_planner_greedy:RoutePlanner,"St. Moritz, Switzerland","St. Moritz, Switzerland",15,summer,10,nature_sport,0.4,0.1,0.2,0.3,80.0580303,0.8966802,0.9466667,0.7777778,0.8448547,0.0285131,0.9699208,1.0,0.009577,-
2,route_planner_greedy_local:RoutePlanner,"St. Moritz, Switzerland","St. Moritz, Switzerland",15,summer,10,nature_sport,0.4,0.1,0.2,0.3,80.0580303,0.8966802,0.9466667,0.7777778,0.8448547,0.0285131,0.9699208,1.0,0.382676,-
3,route_planner:RoutePlanner,"St. Moritz, Switzerland","St. Moritz, Switzerland",15,summer,10,nature_sport,0.4,0.1,0.2,0.3,80.0580303,0.8966802,0.9466667,0.7777778,0.8448547,0.0285131,0.9699208,1.0,0.410566,-
1,route_planner_greedy:RoutePlanner,"St. Moritz, Switzerland","St. Moritz, Switzerland",15,summer,10,culture_food,0.1,0.4,0.3,0.2,70.6632175,0.6089015,0.98,0.6666667,0.6844502,0.4468245,1.0,0.9833333,0.009876,-
2,route_planner_greedy_local:RoutePlanner,"St. Moritz, Switzerland","St. Moritz, Switzerland",15,summer,10,culture_food,0.1,0.4,0.3,0.2,80.4803722,0.8846154,0.9866667,0.7777778,0.8611621,0.0285131,0.9699208,1.0,0.478998,-
3,route_planner:RoutePlanner,"St. Moritz, Switzerland","St. Moritz, Switzerland",15,summer,10,culture_food,0.1,0.4,0.3,0.2,80.4803722,0.8846154,0.9866667,0.7777778,0.8611621,0.0285131,0.9699208,1.0,0.50339,-
1,route_planner_greedy:RoutePlanner,"St. Moritz, Switzerland","St. Moritz, Switzerland",15,summer,10,sport_culture,0.2,0.3,0.1,0.4,78.4623481,0.7298177,0.9733333,0.7777778,0.7655961,0.5318517,0.9699208,1.0,0.010673,-
2,route_planner_greedy_local:RoutePlanner,"St. Moritz, Switzerland","St. Moritz, Switzerland",15,summer,10,sport_culture,0.2,0.3,0.1,0.4,78.4623481,0.7298177,0.9733333,0.7777778,0.7655961,0.5318517,0.9699208,1.0,0.420882,-
3,route_planner:RoutePlanner,"St. Moritz, Switzerland","St. Moritz, Switzerland",15,summer,10,sport_culture,0.2,0.3,0.1,0.4,78.4623481,0.7298177,0.9733333,0.7777778,0.7655961,0.5318517,0.9699208,1.0,0.426088,-
1,route_planner_greedy:RoutePlanner,"Interlaken, Switzerland","St. Moritz, Switzerland",15,winter,6,balanced,0.25,0.25,0.25,0.25,80.4489356,0.9375,0.9333333,0.8888889,0.6809567,0.0239148,0.9699208,1.0,0.003726,-
2,route_planner_greedy_local:RoutePlanner,"Interlaken, Switzerland","St. Moritz, Switzerland",15,winter,6,balanced,0.25,0.25,0.25,0.25,87.3471263,0.9552239,0.9333333,0.8888889,0.6617912,0.6804485,0.9699208,1.0,0.137544,-
3,route_planner:RoutePlanner,"Interlaken, Switzerland","St. Moritz, Switzerland",15,winter,6,balanced,0.25,0.25,0.25,0.25,89.1270877,0.9552239,0.9444444,1.0,0.6639619,0.7101884,0.8932545,1.0,1.141073,-
1,route_planner_greedy:RoutePlanner,"Interlaken, Switzerland","St. Moritz, Switzerland",15,winter,6,nature_sport,0.4,0.1,0.2,0.3,83.2739755,0.7593897,0.9555556,0.8888889,0.7070969,0.8572613,0.9699208,1.0,0.005215,-
2,route_planner_greedy_local:RoutePlanner,"Interlaken, Switzerland","St. Moritz, Switzerland",15,winter,6,nature_sport,0.4,0.1,0.2,0.3,83.2739755,0.7593897,0.9555556,0.8888889,0.7070969,0.8572613,0.9699208,1.0,0.181969,-
3,route_planner:RoutePlanner,"Interlaken, Switzerland","St. Moritz, Switzerland",15,winter,6,nature_sport,0.4,0.1,0.2,0.3,86.5801384,0.8248792,0.9555556,1.0,0.679279,0.8720574,0.8932545,1.0,0.539657,-
1,route_planner_greedy:RoutePlanner,"Interlaken, Switzerland","St. Moritz, Switzerland",15,winter,6,culture_food,0.1,0.4,0.3,0.2,74.9179136,0.5905797,0.9555556,0.8888889,0.6617912,0.6804485,0.9699208,1.0,0.004239,-
2,route_planner_greedy_local:RoutePlanner,"Interlaken, Switzerland","St. Moritz, Switzerland",15,winter,6,culture_food,0.1,0.4,0.3,0.2,77.411875,0.6618357,0.9555556,0.8888889,0.6617912,0.6804485,0.9699208,1.0,0.493045,-
3,route_planner:RoutePlanner,"Interlaken, Switzerland","St. Moritz, Switzerland",15,winter,6,culture_food,0.1,0.4,0.3,0.2,79.0533938,0.7850529,0.8333333,0.6666667,0.7186223,0.8697604,0.9699208,0.95,0.538467,-
1,route_planner_greedy:RoutePlanner,"Interlaken, Switzerland","St. Moritz, Switzerland",15,winter,6,sport_culture,0.2,0.3,0.1,0.4,82.1484792,0.778169,0.9555556,0.8888889,0.7061205,0.6804485,0.9699208,1.0,0.003631,-
2,route_planner_greedy_local:RoutePlanner,"Interlaken, Switzerland","St. Moritz, Switzerland",15,winter,6,sport_culture,0.2,0.3,0.1,0.4,82.1484792,0.778169,0.9555556,0.8888889,0.7061205,0.6804485,0.9699208,1.0,0.138611,-
3,route_planner:RoutePlanner,"Interlaken, Switzerland","St. Moritz, Switzerland",15,winter,6,sport_culture,0.2,0.3,0.1,0.4,82.2624621,0.7694064,0.9666667,0.7777778,0.6962831,0.8872721,0.9699208,1.0,0.131219,-
1,route_planner_greedy:RoutePlanner,"Interlaken, Switzerland","St. Moritz, Switzerland",15,winter,8,balanced,0.25,0.25,0.25,0.25,85.9487165,0.871134,0.9416667,0.7777778,0.7357651,0.8864613,0.9699208,0.9833333,0.005196,-
2,route_planner_greedy_local:RoutePlanner,"Interlaken, Switzerland","St. Moritz, Switzerland",15,winter,8,balanced,0.25,0.25,0.25,0.25,87.2116031,0.9072165,0.9416667,0.7777778,0.7357651,0.8864613,0.9699208,0.9833333,0.338184,-
3,route_planner:RoutePlanner,"Interlaken, Switzerland","St. Moritz, Switzerland",15,winter,8,balanced,0.25,0.25,0.25,0.25,87.2116031,0.9072165,0.9416667,0.7777778,0.7357651,0.8864613,0.9699208,0.9833333,0.550852,-
1,route_planner_greedy:RoutePlanner,"Interlaken, Switzerland","St. Moritz, Switzerland",15,winter,8,nature_sport,0.4,0.1,0.2,0.3,70.0260895,0.6820175,0.9416667,0.7777778,0.6840989,0.0185658,1.0,0.9833333,0.005272,-
2,route_planner_greedy_local:RoutePlanner,"Interlaken, Switzerland","St. Moritz, Switzerland",15,winter,8,nature_sport,0.4,0.1,0.2,0.3,70.0260895,0.6820175,0.9416667,0.7777778,0.6840989,0.0185658,1.0,0.9833333,0.14947,-
3,route_planner:RoutePlanner,"Interlaken, Switzerland","St. Moritz, Switzerland",15,winter,8,nature_sport,0.4,0.1,0.2,0.3,85.1037077,0.8958333,0.9416667,0.6666667,0.734018,0.8697604,1.0,0.9833333,0.34169,-
1,route_planner_greedy:RoutePlanner,"Interlaken, Switzerland","St. Moritz, Switzerland",15,winter,8,culture_food,0.1,0.4,0.3,0.2,85.105644,0.8214286,0.9583333,0.8888889,0.7009156,0.8283972,0.9699208,1.0,0.005316,-
2,route_planner_greedy_local:RoutePlanner,"Interlaken, Switzerland","St. Moritz, Switzerland",15,winter,8,culture_food,0.1,0.4,0.3,0.2,85.4325671,0.8557692,0.9,0.8888889,0.7009156,0.8283972,0.9699208,1.0,0.301696,-
3,route_planner:RoutePlanner,"Interlaken, Switzerland","St. Moritz, Switzerland",15,winter,8,culture_food,0.1,0.4,0.3,0.2,86.8143799,0.8307292,0.95,1.0,0.7042336,0.8459082,0.8932545,1.0,0.45007,-
1,route_planner_greedy:RoutePlanner,"Interlaken, Switzerland","St. Moritz, Switzerland",15,winter,8,sport_culture,0.2,0.3,0.1,0.4,87.4508416,0.9472789,0.9583333,0.8888889,0.7034364,0.6186596,0.9699208,1.0,0.007227,-
2,route_planner_greedy_local:RoutePlanner,"Interlaken, Switzerland","St. Moritz, Switzerland",15,winter,8,sport_culture,0.2,0.3,0.1,0.4,87.4508416,0.9472789,0.9583333,0.8888889,0.7034364,0.6186596,0.9699208,1.0,0.167265,-
3,route_planner:RoutePlanner,"Interlaken, Switzerland","St. Moritz, Switzerland",15,winter,8,sport_culture,0.2,0.3,0.1,0.4,89.4299722,0.9625,0.9583333,0.7777778,0.7324393,0.8864613,0.9699208,1.0,0.611421,-
1,route_planner_greedy:RoutePlanner,"Interlaken, Switzerland","St. Moritz, Switzerland",15,winter,10,balanced,0.25,0.25,0.25,0.25,79.7264565,0.7521368,0.8866667,0.8888889,0.6898652,0.6804485,0.9398416,0.9833333,0.007713,-
2,route_planner_greedy_local:RoutePlanner,"Interlaken, Switzerland","St. Moritz, Switzerland",15,winter,10,balanced,0.25,0.25,0.25,0.25,85.2755019,0.9392523,0.82,0.8888889,0.6898652,0.6804485,0.9398416,0.9833333,0.678973,-
3,route_planner:RoutePlanner,"Interlaken, Switzerland","St. Moritz, Switzerland",15,winter,10,balanced,0.25,0.25,0.25,0.25,85.2755019,0.9392523,0.82,0.8888889,0.6898652,0.6804485,0.9398416,0.9833333,0.568323,-
1,route_planner_greedy:RoutePlanner,"Interlaken, Switzerland","St. Moritz, Switzerland",15,winter,10,nature_sport,0.4,0.1,0.2,0.3,72.2969685,0.510723,0.98,0.6666667,0.7460483,0.8697604,1.0,0.9666667,0.005503,-
2,route_planner_greedy_local:RoutePlanner,"Interlaken, Switzerland","St. Moritz, Switzerland",15,winter,10,nature_sport,0.4,0.1,0.2,0.3,73.3869399,0.5704365,0.9133333,0.6666667,0.7460483,0.8697604,1.0,0.9666667,1.388564,-
3,route_planner:RoutePlanner,"Interlaken, Switzerland","St. Moritz, Switzerland",15,winter,10,nature_sport,0.4,0.1,0.2,0.3,79.4903679,0.647096,0.9933333,0.8888889,0.6657092,0.9006369,0.9233337,1.0,0.469612,-
1,route_planner_greedy:RoutePlanner,"Interlaken, Switzerland","St. Moritz, Switzerland",15,winter,10,culture_food,0.1,0.4,0.3,0.2,66.5255433,0.5096899,0.98,0.8888889,0.6991487,0.0316228,0.9699208,1.0,0.005603,-
2,route_planner_greedy_local:RoutePlanner,"Interlaken, Switzerland","St. Moritz, Switzerland",15,winter,10,culture_food,0.1,0.4,0.3,0.2,76.770664,0.8652648,0.8333333,0.8888889,0.6991487,0.0316228,0.9699208,1.0,0.867305,-
3,route_planner:RoutePlanner,"Interlaken, Switzerland","St. Moritz, Switzerland",15,winter,10,culture_food,0.1,0.4,0.3,0.2,85.6091914,0.8535354,0.98,0.7777778,0.7097642,0.8872721,0.9699208,1.0,0.894718,-
1,route_planner_greedy:RoutePlanner,"Interlaken, Switzerland","St. Moritz, Switzerland",15,winter,10,sport_culture,0.2,0.3,0.1,0.4,74.456038,0.7307692,0.9866667,0.8888889,0.70533,0.0316228,0.9699208,1.0,0.006018,-
2,route_planner_greedy_local:RoutePlanner,"Interlaken, Switzerland","St. Moritz, Switzerland",15,winter,10,sport_culture,0.2,0.3,0.1,0.4,75.1457816,0.7619048,0.96,0.8888889,0.70533,0.0316228,0.9699208,1.0,0.35393,-
3,route_planner:RoutePlanner,"Interlaken, Switzerland","St. Moritz, Switzerland",15,winter,10,sport_culture,0.2,0.3,0.1,0.4,75.1597214,0.765625,0.9733333,0.8888889,0.70533,0.0316228,0.9233337,0.9833333,0.195842,-
1,route_planner_greedy:RoutePlanner,"Zurich, Switzerland","Zurich, Switzerland",15,winter,6,balanced,0.25,0.25,0.25,0.25,80.6230645,0.7028986,0.9444444,0.7777778,0.7417382,0.9212604,0.9699208,1.0,0.003772,-
2,route_planner_greedy_local:RoutePlanner,"Zurich, Switzerland","Zurich, Switzerland",15,winter,6,balanced,0.25,0.25,0.25,0.25,80.6230645,0.7028986,0.9444444,0.7777778,0.7417382,0.9212604,0.9699208,1.0,0.160728,-
3,route_planner:RoutePlanner,"Zurich, Switzerland","Zurich, Switzerland",15,winter,6,balanced,0.25,0.25,0.25,0.25,80.6230645,0.7028986,0.9444444,0.7777778,0.7417382,0.9212604,0.9699208,1.0,0.16527,-
1,route_planner_greedy:RoutePlanner,"Zurich, Switzerland","Zurich, Switzerland",15,winter,6,nature_sport,0.4,0.1,0.2,0.3,79.3859397,0.625,0.9666667,0.7777778,0.7663113,1.0,0.9699208,1.0,0.003874,-
2,route_planner_greedy_local:RoutePlanner,"Zurich, Switzerland","Zurich, Switzerland",15,winter,6,nature_sport,0.4,0.1,0.2,0.3,79.3859397,0.625,0.9666667,0.7777778,0.7663113,1.0,0.9699208,1.0,0.193598,-
3,route_planner:RoutePlanner,"Zurich, Switzerland","Zurich, Switzerland",15,winter,6,nature_sport,0.4,0.1,0.2,0.3,79.3859397,0.625,0.9666667,0.7777778,0.7663113,1.0,0.9699208,1.0,0.207374,-
1,route_planner_greedy:RoutePlanner,"Zurich, Switzerland","Zurich, Switzerland",15,winter,6,culture_food,0.1,0.4,0.3,0.2,76.6105275,0.6654412,0.9444444,0.7777778,0.7431984,0.6489173,0.9699208,1.0,0.004144,-
2,route_planner_greedy_local:RoutePlanner,"Zurich, Switzerland","Zurich, Switzerland",15,winter,6,culture_food,0.1,0.4,0.3,0.2,76.6105275,0.6654412,0.9444444,0.7777778,0.7431984,0.6489173,0.9699208,1.0,0.265241,-
3,route_planner:RoutePlanner,"Zurich, Switzerland","Zurich, Switzerland",15,winter,6,culture_food,0.1,0.4,0.3,0.2,76.6105275,0.6654412,0.9444444,0.7777778,0.7431984,0.6489173,0.9699208,1.0,0.273863,-
1,route_planner_greedy:RoutePlanner,"Zurich, Switzerland","Zurich, Switzerland",15,winter,6,sport_culture,0.2,0.3,0.1,0.4,76.3647022,0.9019608,0.9444444,0.6666667,0.6957532,0.0276444,1.0,0.9833333,0.004177,-
2,route_planner_greedy_local:RoutePlanner,"Zurich, Switzerland","Zurich, Switzerland",15,winter,6,sport_culture,0.2,0.3,0.1,0.4,76.3647022,0.9019608,0.9444444,0.6666667,0.6957532,0.0276444,1.0,0.9833333,0.184516,-
3,route_planner:RoutePlanner,"Zurich, Switzerland","Zurich, Switzerland",15,winter,6,sport_culture,0.2,0.3,0.1,0.4,76.3647022,0.9019608,0.9444444,0.6666667,0.6957532,0.0276444,1.0,0.9833333,0.184558,-
1,route_planner_greedy:RoutePlanner,"Zurich, Switzerland","Zurich, Switzerland",15,winter,8,balanced,0.25,0.25,0.25,0.25,78.9593752,0.8076923,1.0,0.6666667,0.8647349,0.2802455,1.0,0.9833333,0.005204,-
2,route_planner_greedy_local:RoutePlanner,"Zurich, Switzerland","Zurich, Switzerland",15,winter,8,balanced,0.25,0.25,0.25,0.25,86.7395221,0.8564356,0.9833333,0.7777778,0.7306522,0.9538221,0.9699208,1.0,0.183716,-
3,route_planner:RoutePlanner,"Zurich, Switzerland","Zurich, Switzerland",15,winter,8,balanced,0.25,0.25,0.25,0.25,86.7395221,0.8564356,0.9833333,0.7777778,0.7306522,0.9538221,0.9699208,1.0,0.191658,-
1,route_planner_greedy:RoutePlanner,"Zurich, Switzerland","Zurich, Switzerland",15,winter,8,nature_sport,0.4,0.1,0.2,0.3,74.1482489,0.5989097,1.0,0.6666667,0.5513163,1.0,1.0,0.9833333,0.005402,-
2,route_planner_greedy_local:RoutePlanner,"Zurich, Switzerland","Zurich, Switzerland",15,winter,8,nature_sport,0.4,0.1,0.2,0.3,74.1482489,0.5989097,1.0,0.6666667,0.5513163,1.0,1.0,0.9833333,0.245003,-
3,route_planner:RoutePlanner,"Zurich, Switzerland","Zurich, Switzerland",15,winter,8,nature_sport,0.4,0.1,0.2,0.3,74.1482489,0.5989097,1.0,0.6666667,0.5513163,1.0,1.0,0.9833333,0.25899,-
1,route_planner_greedy:RoutePlanner,"Zurich, Switzerland","Zurich, Switzerland",15,winter,8,culture_food,0.1,0.4,0.3,0.2,85.340554,0.7687908,0.9916667,0.7777778,0.8030735,0.9995501,0.9699208,1.0,0.005197,-
2,route_planner_greedy_local:RoutePlanner,"Zurich, Switzerland","Zurich, Switzerland",15,winter,8,culture_food,0.1,0.4,0.3,0.2,85.340554,0.7687908,0.9916667,0.7777778,0.8030735,0.9995501,0.9699208,1.0,0.188335,-
3,route_planner:RoutePlanner,"Zurich, Switzerland","Zurich, Switzerland",15,winter,8,culture_food,0.1,0.4,0.3,0.2,85.340554,0.7687908,0.9916667,0.7777778,0.8030735,0.9995501,0.9699208,1.0,0.196446,-
1,route_planner_greedy:RoutePlanner,"Zurich, Switzerland","Zurich, Switzerland",15,winter,8,sport_culture,0.2,0.3,0.1,0.4,71.0417765,0.3928571,0.9916667,0.6666667,0.8333407,1.0,1.0,0.9833333,0.005255,-
2,route_planner_greedy_local:RoutePlanner,"Zurich, Switzerland","Zurich, Switzerland",15,winter,8,sport_culture,0.2,0.3,0.1,0.4,71.0417765,0.3928571,0.9916667,0.6666667,0.8333407,1.0,1.0,0.9833333,0.232953,-
3,route_planner:RoutePlanner,"Zurich, Switzerland","Zurich, Switzerland",15,winter,8,sport_culture,0.2,0.3,0.1,0.4,71.0417765,0.3928571,0.9916667,0.6666667,0.8333407,1.0,1.0,0.9833333,0.243865,-
1,route_planner_greedy:RoutePlanner,"Zurich, Switzerland","Zurich, Switzerland",15,winter,10,balanced,0.25,0.25,0.25,0.25,75.5026303,0.7727273,0.9733333,0.6666667,0.7321644,0.2958043,1.0,0.9833333,0.006431,-
2,route_planner_greedy_local:RoutePlanner,"Zurich, Switzerland","Zurich, Switzerland",15,winter,10,balanced,0.25,0.25,0.25,0.25,75.5026303,0.7727273,0.9733333,0.6666667,0.7321644,0.2958043,1.0,0.9833333,0.258971,-
3,route_planner:RoutePlanner,"Zurich, Switzerland","Zurich, Switzerland",15,winter,10,balanced,0.25,0.25,0.25,0.25,75.5026303,0.7727273,0.9733333,0.6666667,0.7321644,0.2958043,1.0,0.9833333,0.395025,-
1,route_planner_greedy:RoutePlanner,"Zurich, Switzerland","Zurich, Switzerland",15,winter,10,nature_sport,0.4,0.1,0.2,0.3,78.9744814,0.6289062,0.96,0.7777778,0.7364328,1.0,0.9699208,1.0,0.008943,-
2,route_planner_greedy_local:RoutePlanner,"Zurich, Switzerland","Zurich, Switzerland",15,winter,10,nature_sport,0.4,0.1,0.2,0.3,78.9744814,0.6289062,0.96,0.7777778,0.7364328,1.0,0.9699208,1.0,0.249292,-
3,route_planner:RoutePlanner,"Zurich, Switzerland","Zurich, Switzerland",15,winter,10,nature_sport,0.4,0.1,0.2,0.3,78.9744814,0.6289062,0.96,0.7777778,0.7364328,1.0,0.9699208,1.0,0.270331,-
1,route_planner_greedy:RoutePlanner,"Zurich, Switzerland","Zurich, Switzerland",15,winter,10,culture_food,0.1,0.4,0.3,0.2,66.8982005,0.5870596,0.92,0.6666667,0.6286951,0.3204021,1.0,0.9833333,0.00822,-
2,route_planner_greedy_local:RoutePlanner,"Zurich, Switzerland","Zurich, Switzerland",15,winter,10,culture_food,0.1,0.4,0.3,0.2,66.8982005,0.5870596,0.92,0.6666667,0.6286951,0.3204021,1.0,0.9833333,0.224314,-
3,route_planner:RoutePlanner,"Zurich, Switzerland","Zurich, Switzerland",15,winter,10,culture_food,0.1,0.4,0.3,0.2,66.8982005,0.5870596,0.92,0.6666667,0.6286951,0.3204021,1.0,0.9833333,0.230527,-
1,route_planner_greedy:RoutePlanner,"Zurich, Switzerland","Zurich, Switzerland",15,winter,10,sport_culture,0.2,0.3,0.1,0.4,78.9250307,0.683727,0.9466667,0.7777778,0.8526094,0.6489173,0.9699208,1.0,0.006207,-
2,route_planner_greedy_local:RoutePlanner,"Zurich, Switzerland","Zurich, Switzerland",15,winter,10,sport_culture,0.2,0.3,0.1,0.4,78.9250307,0.683727,0.9466667,0.7777778,0.8526094,0.6489173,0.9699208,1.0,0.32262,-
3,route_planner:RoutePlanner,"Zurich, Switzerland","Zurich, Switzerland",15,winter,10,sport_culture,0.2,0.3,0.1,0.4,78.9250307,0.683727,0.9466667,0.7777778,0.8526094,0.6489173,0.9699208,1.0,0.330807,-
1,route_planner_greedy:RoutePlanner,"Lugano, Switzerland","Zurich, Switzerland",15,winter,6,balanced,0.25,0.25,0.25,0.25,92.6031799,0.9571429,0.9555556,0.8888889,0.7724606,1.0,0.9699208,1.0,0.004167,-
2,route_planner_greedy_local:RoutePlanner,"Lugano, Switzerland","Zurich, Switzerland",15,winter,6,balanced,0.25,0.25,0.25,0.25,92.6031799,0.9571429,0.9555556,0.8888889,0.7724606,1.0,0.9699208,1.0,0.228283,-
3,route_planner:RoutePlanner,"Lugano, Switzerland","Zurich, Switzerland",15,winter,6,balanced,0.25,0.25,0.25,0.25,92.6031799,0.9571429,0.9555556,0.8888889,0.7724606,1.0,0.9699208,1.0,0.153183,-
1,route_planner_greedy:RoutePlanner,"Lugano, Switzerland","Zurich, Switzerland",15,winter,6,nature_sport,0.4,0.1,0.2,0.3,73.0022663,0.6715686,0.9555556,0.8888889,0.7698125,0.0433906,0.9699208,1.0,0.004449,-
2,route_planner_greedy_local:RoutePlanner,"Lugano, Switzerland","Zurich, Switzerland",15,winter,6,nature_sport,0.4,0.1,0.2,0.3,77.579435,0.8118687,0.9333333,0.8888889,0.7698125,0.0433906,0.9699208,1.0,0.314338,-
3,route_planner:RoutePlanner,"Lugano, Switzerland","Zurich, Switzerland",15,winter,6,nature_sport,0.4,0.1,0.2,0.3,85.3820892,0.8406863,0.9222222,0.7777778,0.7624069,0.9105299,1.0,0.9833333,0.637721,-
1,route_planner_greedy:RoutePlanner,"Lugano, Switzerland","Zurich, Switzerland",15,winter,6,culture_food,0.1,0.4,0.3,0.2,90.1994961,0.9836957,0.9555556,0.8888889,0.7843137,0.6489173,0.9699208,1.0,0.003733,-
2,route_planner_greedy_local:RoutePlanner,"Lugano, Switzerland","Zurich, Switzerland",15,winter,6,culture_food,0.1,0.4,0.3,0.2,90.1994961,0.9836957,0.9555556,0.8888889,0.7843137,0.6489173,0.9699208,1.0,0.149014,-
3,route_planner:RoutePlanner,"Lugano, Switzerland","Zurich, Switzerland",15,winter,6,culture_food,0.1,0.4,0.3,0.2,90.1994961,0.9836957,0.9555556,0.8888889,0.7843137,0.6489173,0.9699208,1.0,0.238713,-
1,route_planner_greedy:RoutePlanner,"Lugano, Switzerland","Zurich, Switzerland",15,winter,6,sport_culture,0.2,0.3,0.1,0.4,78.3503417,0.810049,0.9555556,0.8888889,0.80323,0.0433906,0.9699208,1.0,0.00398,-
2,route_planner_greedy_local:RoutePlanner,"Lugano, Switzerland","Zurich, Switzerland",15,winter,6,sport_culture,0.2,0.3,0.1,0.4,81.4814691,0.8995098,0.9555556,0.8888889,0.80323,0.0433906,0.9699208,1.0,0.507375,-
3,route_planner:RoutePlanner,"Lugano, Switzerland","Zurich, Switzerland",15,winter,6,sport_culture,0.2,0.3,0.1,0.4,88.0137832,0.8995098,0.9222222,0.7777778,0.8005983,0.9105299,1.0,0.9833333,0.311968,-
1,route_planner_greedy:RoutePlanner,"Lugano, Switzerland","Zurich, Switzerland",15,winter,8,balanced,0.25,0.25,0.25,0.25,77.286517,0.8247423,0.9666667,0.7777778,0.8050475,0.0261491,1.0,0.9833333,0.004925,-
2,route_planner_greedy_local:RoutePlanner,"Lugano, Switzerland","Zurich, Switzerland",15,winter,8,balanced,0.25,0.25,0.25,0.25,81.0841951,0.8842105,0.9583333,0.8888889,0.8097711,0.0432322,0.9699208,1.0,0.140314,-
3,route_planner:RoutePlanner,"Lugano, Switzerland","Zurich, Switzerland",15,winter,8,balanced,0.25,0.25,0.25,0.25,85.1182637,0.9574468,0.9583333,1.0,0.8102307,0.0612893,0.8932545,1.0,0.558619,-
1,route_planner_greedy:RoutePlanner,"Lugano, Switzerland","Zurich, Switzerland",15,winter,8,nature_sport,0.4,0.1,0.2,0.3,79.7235974,0.7458333,0.9583333,0.7777778,0.8017047,0.5869256,0.9699208,0.9666667,0.005198,-
2,route_planner_greedy_local:RoutePlanner,"Lugano, Switzerland","Zurich, Switzerland",15,winter,8,nature_sport,0.4,0.1,0.2,0.3,81.9110974,0.8083333,0.9583333,0.7777778,0.8017047,0.5869256,0.9699208,0.9666667,0.340744,-
3,route_planner:RoutePlanner,"Lugano, Switzerland","Zurich, Switzerland",15,winter,8,nature_sport,0.4,0.1,0.2,0.3,81.9110974,0.8083333,0.9583333,0.7777778,0.8017047,0.5869256,0.9699208,0.9666667,0.436277,-
1,route_planner_greedy:RoutePlanner,"Lugano, Switzerland","Zurich, Switzerland",15,winter,8,culture_food,0.1,0.4,0.3,0.2,90.9982995,0.888754,1.0,0.8888889,0.7821151,0.9977245,0.9699208,1.0,0.005116,-
2,route_planner_greedy_local:RoutePlanner,"Lugano, Switzerland","Zurich, Switzerland",15,winter,8,culture_food,0.1,0.4,0.3,0.2,92.1150927,0.9278053,0.9833333,0.8888889,0.7821151,0.9977245,0.9699208,1.0,0.293181,-
3,route_planner:RoutePlanner,"Lugano, Switzerland","Zurich, Switzerland",15,winter,8,culture_food,0.1,0.4,0.3,0.2,92.560029,0.9119416,0.9583333,1.0,0.7880687,0.997977,0.8932545,1.0,0.353609,-
1,route_planner_greedy:RoutePlanner,"Lugano, Switzerland","Zurich, Switzerland",15,winter,8,sport_culture,0.2,0.3,0.1,0.4,85.8569525,0.7222222,1.0,0.8888889,0.8264158,1.0,0.9699208,1.0,0.005621,-
2,route_planner_greedy_local:RoutePlanner,"Lugano, Switzerland","Zurich, Switzerland",15,winter,8,sport_culture,0.2,0.3,0.1,0.4,85.8569525,0.7222222,1.0,0.8888889,0.8264158,1.0,0.9699208,1.0,0.182107,-
3,route_planner:RoutePlanner,"Lugano, Switzerland","Zurich, Switzerland",15,winter,8,sport_culture,0.2,0.3,0.1,0.4,88.1492597,0.8813131,0.95,0.7777778,0.7886591,0.9790476,0.9699208,0.9833333,0.337006,-
1,route_planner_greedy:RoutePlanner,"Lugano, Switzerland","Zurich, Switzerland",15,winter,10,balanced,0.25,0.25,0.25,0.25,81.0601147,0.875,0.9733333,0.8888889,0.8145514,0.0433906,0.9699208,1.0,0.005956,-
2,route_planner_greedy_local:RoutePlanner,"Lugano, Switzerland","Zurich, Switzerland",15,winter,10,balanced,0.25,0.25,0.25,0.25,82.6554537,0.9491525,0.9066667,0.8888889,0.8145514,0.0433906,0.9699208,1.0,0.582991,-
3,route_planner:RoutePlanner,"Lugano, Switzerland","Zurich, Switzerland",15,winter,10,balanced,0.25,0.25,0.25,0.25,88.6846191,0.9333333,0.9066667,0.8888889,0.8058781,0.7463113,0.9233337,0.9833333,1.456486,-
1,route_planner_greedy:RoutePlanner,"Lugano, Switzerland","Zurich, Switzerland",15,winter,10,nature_sport,0.4,0.1,0.2,0.3,83.6899719,0.7971311,0.9266667,0.8888889,0.8145514,0.6489173,0.9699208,1.0,0.02045,-
2,route_planner_greedy_local:RoutePlanner,"Lugano, Switzerland","Zurich, Switzerland",15,winter,10,nature_sport,0.4,0.1,0.2,0.3,83.6899719,0.7971311,0.9266667,0.8888889,0.8145514,0.6489173,0.9699208,1.0,0.579151,-
3,route_planner:RoutePlanner,"Lugano, Switzerland","Zurich, Switzerland",15,winter,10,nature_sport,0.4,0.1,0.2,0.3,83.6899719,0.7971311,0.9266667,0.8888889,0.8145514,0.6489173,0.9699208,1.0,0.767773,-
1,route_planner_greedy:RoutePlanner,"Lugano, Switzerland","Zurich, Switzerland",15,winter,10,culture_food,0.1,0.4,0.3,0.2,77.3363252,0.7916667,0.9666667,0.8888889,0.7674757,0.0432919,0.9699208,1.0,0.006721,-
2,route_planner_greedy_local:RoutePlanner,"Lugano, Switzerland","Zurich, Switzerland",15,winter,10,culture_food,0.1,0.4,0.3,0.2,77.3363252,0.7916667,0.9666667,0.8888889,0.7674757,0.0432919,0.9699208,1.0,0.28879,-
3,route_planner:RoutePlanner,"Lugano, Switzerland","Zurich, Switzerland",15,winter,10,culture_food,0.1,0.4,0.3,0.2,85.2230918,0.8340456,0.8733333,0.7777778,0.7509886,1.0,1.0,1.0,0.661709,-
1,route_planner_greedy:RoutePlanner,"Lugano, Switzerland","Zurich, Switzerland",15,winter,10,sport_culture,0.2,0.3,0.1,0.4,84.2447445,0.9063307,0.96,0.8888889,0.7663806,0.3444522,0.9699208,1.0,0.005824,-
2,route_planner_greedy_local:RoutePlanner,"Lugano, Switzerland","Zurich, Switzerland",15,winter,10,sport_culture,0.2,0.3,0.1,0.4,85.4506611,0.9750712,0.88,0.8888889,0.7663806,0.3444522,0.9699208,1.0,0.601542,-
3,route_planner:RoutePlanner,"Lugano, Switzerland","Zurich, Switzerland",15,winter,10,sport_culture,0.2,0.3,0.1,0.4,86.3073823,0.9752066,0.9266667,1.0,0.7648122,0.2336696,0.8932545,1.0,0.541988,-
1,route_planner_greedy:RoutePlanner,"Geneva, Switzerland","Lucerne, Switzerland",15,winter,6,balanced,0.25,0.25,0.25,0.25,76.7761343,0.75,0.9666667,0.7777778,0.7938257,0.2769145,0.9699208,0.9666667,0.003358,-
2,route_planner_greedy_local:RoutePlanner,"Geneva, Switzerland","Lucerne, Switzerland",15,winter,6,balanced,0.25,0.25,0.25,0.25,81.8746192,0.9242424,0.9,0.7777778,0.7938257,0.2769145,0.9699208,0.9666667,0.934647,-
3,route_planner:RoutePlanner,"Geneva, Switzerland","Lucerne, Switzerland",15,winter,6,balanced,0.25,0.25,0.25,0.25,81.8746192,0.9242424,0.9,0.7777778,0.7938257,0.2769145,0.9699208,0.9666667,0.480549,-
1,route_planner_greedy:RoutePlanner,"Geneva, Switzerland","Lucerne, Switzerland",15,winter,6,nature_sport,0.4,0.1,0.2,0.3,76.704613,0.5491898,0.9555556,0.8888889,0.6644466,1.0,0.9699208,1.0,0.003542,-
2,route_planner_greedy_local:RoutePlanner,"Geneva, Switzerland","Lucerne, Switzerland",15,winter,6,nature_sport,0.4,0.1,0.2,0.3,79.8643352,0.6394676,0.9555556,0.8888889,0.6644466,1.0,0.9699208,1.0,0.311831,-
3,route_planner:RoutePlanner,"Geneva, Switzerland","Lucerne, Switzerland",15,winter,6,nature_sport,0.4,0.1,0.2,0.3,79.8643352,0.6394676,0.9555556,0.8888889,0.6644466,1.0,0.9699208,1.0,0.529064,-
1,route_planner_greedy:RoutePlanner,"Geneva, Switzerland","Lucerne, Switzerland",15,winter,6,culture_food,0.1,0.4,0.3,0.2,79.377516,0.6455399,0.9666667,0.8888889,0.6067121,1.0,0.9699208,1.0,0.003918,-
2,route_planner_greedy_local:RoutePlanner,"Geneva, Switzerland","Lucerne, Switzerland",15,winter,6,culture_food,0.1,0.4,0.3,0.2,87.3160948,0.8866422,0.9333333,0.8888889,0.6067121,1.0,0.9699208,1.0,0.838505,-
3,route_planner:RoutePlanner,"Geneva, Switzerland","Lucerne, Switzerland",15,winter,6,culture_food,0.1,0.4,0.3,0.2,87.3160948,0.8866422,0.9333333,0.8888889,0.6067121,1.0,0.9699208,1.0,0.83466,-
1,route_planner_greedy:RoutePlanner,"Geneva, Switzerland","Lucerne, Switzerland",15,winter,6,sport_culture,0.2,0.3,0.1,0.4,83.836302,0.8042929,0.8888889,0.7777778,0.7141368,0.9973998,1.0,1.0,0.005712,-
2,route_planner_greedy_local:RoutePlanner,"Geneva, Switzerland","Lucerne, Switzerland",15,winter,6,sport_culture,0.2,0.3,0.1,0.4,88.1913028,0.8869048,0.9333333,0.8888889,0.6644466,1.0,0.9699208,1.0,0.311611,-
3,route_planner:RoutePlanner,"Geneva, Switzerland","Lucerne, Switzerland",15,winter,6,sport_culture,0.2,0.3,0.1,0.4,90.4612304,0.9565217,0.9222222,0.8888889,0.6644466,1.0,0.9699208,1.0,0.976429,-
1,route_planner_greedy:RoutePlanner,"Geneva, Switzerland","Lucerne, Switzerland",15,winter,8,balanced,0.25,0.25,0.25,0.25,83.8653686,0.7429907,1.0,0.7777778,0.7462686,1.0,1.0,1.0,0.005799,-
2,route_planner_greedy_local:RoutePlanner,"Geneva, Switzerland","Lucerne, Switzerland",15,winter,8,balanced,0.25,0.25,0.25,0.25,86.482191,0.817757,1.0,0.7777778,0.7462686,1.0,1.0,1.0,0.47153,-
3,route_planner:RoutePlanner,"Geneva, Switzerland","Lucerne, Switzerland",15,winter,8,balanced,0.25,0.25,0.25,0.25,86.482191,0.817757,1.0,0.7777778,0.7462686,1.0,1.0,1.0,1.020785,-
1,route_planner_greedy:RoutePlanner,"Geneva, Switzerland","Lucerne, Switzerland",15,winter,8,nature_sport,0.4,0.1,0.2,0.3,80.9554919,0.6309524,1.0,0.8888889,0.7126148,1.0,0.9699208,1.0,0.004822,-
2,route_planner_greedy_local:RoutePlanner,"Geneva, Switzerland","Lucerne, Switzerland",15,winter,8,nature_sport,0.4,0.1,0.2,0.3,87.3409085,0.83125,0.9583333,0.8888889,0.7126148,1.0,0.9699208,1.0,0.578143,-
3,route_planner:RoutePlanner,"Geneva, Switzerland","Lucerne, Switzerland",15,winter,8,nature_sport,0.4,0.1,0.2,0.3,88.1420151,0.8294271,0.9333333,1.0,0.7097196,1.0,0.8932545,1.0,0.678094,-
1,route_planner_greedy:RoutePlanner,"Geneva, Switzerland","Lucerne, Switzerland",15,winter,8,culture_food,0.1,0.4,0.3,0.2,85.6635788,0.8032407,1.0,0.7777778,0.7311213,1.0,1.0,0.9833333,0.004718,-
2,route_planner_greedy_local:RoutePlanner,"Geneva, Switzerland","Lucerne, Switzerland",15,winter,8,culture_food,0.1,0.4,0.3,0.2,88.6955931,0.8970126,0.9833333,0.7777778,0.7311213,1.0,1.0,0.9833333,0.563598,-
3,route_planner:RoutePlanner,"Geneva, Switzerland","Lucerne, Switzerland",15,winter,8,culture_food,0.1,0.4,0.3,0.2,88.6955931,0.8970126,0.9833333,0.7777778,0.7311213,1.0,1.0,0.9833333,0.243244,-
1,route_planner_greedy:RoutePlanner,"Geneva, Switzerland","Lucerne, Switzerland",15,winter,8,sport_culture,0.2,0.3,0.1,0.4,80.1909069,0.6825397,1.0,0.7777778,0.6936066,0.9314586,1.0,0.9833333,0.004897,-
2,route_planner_greedy_local:RoutePlanner,"Geneva, Switzerland","Lucerne, Switzerland",15,winter,8,sport_culture,0.2,0.3,0.1,0.4,80.1909069,0.6825397,1.0,0.7777778,0.6936066,0.9314586,1.0,0.9833333,0.181319,-
3,route_planner:RoutePlanner,"Geneva, Switzerland","Lucerne, Switzerland",15,winter,8,sport_culture,0.2,0.3,0.1,0.4,80.5999634,0.6748366,1.0,0.8888889,0.7126148,0.8424792,0.9233337,0.9833333,0.205822,-
1,route_planner_greedy:RoutePlanner,"Geneva, Switzerland","Lucerne, Switzerland",15,winter,10,balanced,0.25,0.25,0.25,0.25,81.6901364,0.71875,0.94,0.7777778,0.7333966,1.0,0.9699208,0.9833333,0.005452,-
2,route_planner_greedy_local:RoutePlanner,"Geneva, Switzerland","Lucerne, Switzerland",15,winter,10,balanced,0.25,0.25,0.25,0.25,84.3596929,0.8064516,0.9133333,0.7777778,0.7333966,1.0,0.9699208,0.9833333,0.388641,-
3,route_planner:RoutePlanner,"Geneva, Switzerland","Lucerne, Switzerland",15,winter,10,balanced,0.25,0.25,0.25,0.25,84.3596929,0.8064516,0.9133333,0.7777778,0.7333966,1.0,0.9699208,0.9833333,2.039112,-
1,route_planner_greedy:RoutePlanner,"Geneva, Switzerland","Lucerne, Switzerland",15,winter,10,nature_sport,0.4,0.1,0.2,0.3,76.5738783,0.5385802,0.9933333,0.7777778,0.7454011,0.9975886,1.0,1.0,0.007379,-
2,route_planner_greedy_local:RoutePlanner,"Geneva, Switzerland","Lucerne, Switzerland",15,winter,10,nature_sport,0.4,0.1,0.2,0.3,78.0554707,0.6009115,0.9466667,0.7777778,0.7454011,0.9975886,1.0,1.0,1.166324,-
3,route_planner:RoutePlanner,"Geneva, Switzerland","Lucerne, Switzerland",15,winter,10,nature_sport,0.4,0.1,0.2,0.3,80.778603,0.662037,0.94,0.8888889,0.7038203,1.0,0.9233337,1.0,1.103402,-
1,route_planner_greedy:RoutePlanner,"Geneva, Switzerland","Lucerne, Switzerland",15,winter,10,culture_food,0.1,0.4,0.3,0.2,76.1957918,0.5277778,0.9933333,0.7777778,0.7454011,0.9975886,1.0,1.0,0.006061,-
2,route_planner_greedy_local:RoutePlanner,"Geneva, Switzerland","Lucerne, Switzerland",15,winter,10,culture_food,0.1,0.4,0.3,0.2,83.152082,0.7665289,0.9,0.7777778,0.7454011,0.9975886,1.0,1.0,0.81425,-
3,route_planner:RoutePlanner,"Geneva, Switzerland","Lucerne, Switzerland",15,winter,10,culture_food,0.1,0.4,0.3,0.2,85.0817816,0.8323171,0.9266667,0.8888889,0.6067121,1.0,0.9233337,1.0,1.044393,-
1,route_planner_greedy:RoutePlanner,"Geneva, Switzerland","Lucerne, Switzerland",15,winter,10,sport_culture,0.2,0.3,0.1,0.4,80.8851182,0.6817585,0.9466667,0.7777778,0.7454011,0.9975886,1.0,1.0,0.005716,-
2,route_planner_greedy_local:RoutePlanner,"Geneva, Switzerland","Lucerne, Switzerland",15,winter,10,sport_culture,0.2,0.3,0.1,0.4,81.9621449,0.7211022,0.9266667,0.7777778,0.7454011,0.9975886,1.0,1.0,0.604111,-
3,route_planner:RoutePlanner,"Geneva, Switzerland","Lucerne, Switzerland",15,winter,10,sport_culture,0.2,0.3,0.1,0.4,86.672192,0.8271858,0.9133333,0.8888889,0.7380458,1.0,0.9233337,1.0,0.531716,-
1,route_planner_greedy:RoutePlanner,"Bern, Switzerland","Zermatt, Switzerland",15,winter,6,balanced,0.25,0.25,0.25,0.25,74.1010667,0.7539683,0.8888889,0.8888889,0.642866,0.1552917,0.9699208,1.0,0.003935,-
2,route_planner_greedy_local:RoutePlanner,"Bern, Switzerland","Zermatt, Switzerland",15,winter,6,balanced,0.25,0.25,0.25,0.25,79.9344,0.9206349,0.8888889,0.8888889,0.642866,0.1552917,0.9699208,1.0,0.51832,-
3,route_planner:RoutePlanner,"Bern, Switzerland","Zermatt, Switzerland",15,winter,6,balanced,0.25,0.25,0.25,0.25,85.0916968,0.9206349,0.8444444,0.7777778,0.6213775,1.0,0.9097623,0.9333333,0.947429,-
1,route_planner_greedy:RoutePlanner,"Bern, Switzerland","Zermatt, Switzerland",15,winter,6,nature_sport,0.4,0.1,0.2,0.3,69.8457282,0.6628788,0.9222222,0.8888889,0.6081496,0.0506456,0.9699208,1.0,0.003771,-
2,route_planner_greedy_local:RoutePlanner,"Bern, Switzerland","Zermatt, Switzerland",15,winter,6,nature_sport,0.4,0.1,0.2,0.3,69.8457282,0.6628788,0.9222222,0.8888889,0.6081496,0.0506456,0.9699208,1.0,0.145997,-
3,route_planner:RoutePlanner,"Bern, Switzerland","Zermatt, Switzerland",15,winter,6,nature_sport,0.4,0.1,0.2,0.3,77.6675402,0.8269231,0.9444444,1.0,0.6301415,0.0640171,0.8932545,1.0,0.645519,-
1,route_planner_greedy:RoutePlanner,"Bern, Switzerland","Zermatt, Switzerland",15,winter,6,culture_food,0.1,0.4,0.3,0.2,72.877273,0.7142857,0.9666667,0.8888889,0.6585405,0.0316228,0.9699208,1.0,0.004184,-
2,route_planner_greedy_local:RoutePlanner,"Bern, Switzerland","Zermatt, Switzerland",15,winter,6,culture_food,0.1,0.4,0.3,0.2,75.7939397,0.797619,0.9666667,0.8888889,0.6585405,0.0316228,0.9699208,1.0,0.321957,-
3,route_planner:RoutePlanner,"Bern, Switzerland","Zermatt, Switzerland",15,winter,6,culture_food,0.1,0.4,0.3,0.2,83.6418147,0.8826291,0.9111111,0.6666667,0.6222086,1.0,1.0,0.95,0.55969,-
1,route_planner_greedy:RoutePlanner,"Bern, Switzerland","Zermatt, Switzerland",15,winter,6,sport_culture,0.2,0.3,0.1,0.4,84.0509818,0.8164062,0.9111111,0.8888889,0.6462149,0.8933935,0.9699208,1.0,0.003814,-
2,route_planner_greedy_local:RoutePlanner,"Bern, Switzerland","Zermatt, Switzerland",15,winter,6,sport_culture,0.2,0.3,0.1,0.4,86.101763,0.875,0.9111111,0.8888889,0.6462149,0.8933935,0.9699208,1.0,0.247773,-
3,route_planner:RoutePlanner,"Bern, Switzerland","Zermatt, Switzerland",15,winter,6,sport_culture,0.2,0.3,0.1,0.4,86.101763,0.875,0.9111111,0.8888889,0.6462149,0.8933935,0.9699208,1.0,0.277834,-
1,route_planner_greedy:RoutePlanner,"Bern, Switzerland","Zermatt, Switzerland",15,winter,8,balanced,0.25,0.25,0.25,0.25,84.8578331,0.7809524,0.9916667,0.8888889,0.6618895,0.9538221,0.9699208,1.0,0.004962,-
2,route_planner_greedy_local:RoutePlanner,"Bern, Switzerland","Zermatt, Switzerland",15,winter,8,balanced,0.25,0.25,0.25,0.25,89.0789552,0.9158416,0.9583333,0.8888889,0.6618895,0.9538221,0.9699208,1.0,0.595319,-
3,route_planner:RoutePlanner,"Bern, Switzerland","Zermatt, Switzerland",15,winter,8,balanced,0.25,0.25,0.25,0.25,89.0789552,0.9158416,0.9583333,0.8888889,0.6618895,0.9538221,0.9699208,1.0,0.884537,-
1,route_planner_greedy:RoutePlanner,"Bern, Switzerland","Zermatt, Switzerland",15,winter,8,nature_sport,0.4,0.1,0.2,0.3,81.0322152,0.669967,0.9833333,0.8888889,0.674656,0.9530593,0.9699208,1.0,0.005714,-
2,route_planner_greedy_local:RoutePlanner,"Bern, Switzerland","Zermatt, Switzerland",15,winter,8,nature_sport,0.4,0.1,0.2,0.3,86.0037823,0.8548689,0.8833333,0.8888889,0.674656,0.9530593,0.9699208,1.0,0.699299,-
3,route_planner:RoutePlanner,"Bern, Switzerland","Zermatt, Switzerland",15,winter,8,nature_sport,0.4,0.1,0.2,0.3,89.6015513,0.9024823,0.9333333,1.0,0.6644505,0.9581642,0.8932545,1.0,0.858359,-
1,route_planner_greedy:RoutePlanner,"Bern, Switzerland","Zermatt, Switzerland",15,winter,8,culture_food,0.1,0.4,0.3,0.2,70.7449244,0.662037,0.9666667,0.8888889,0.6382975,0.0316228,0.9699208,1.0,0.004837,-
2,route_planner_greedy_local:RoutePlanner,"Bern, Switzerland","Zermatt, Switzerland",15,winter,8,culture_food,0.1,0.4,0.3,0.2,79.9957661,0.9263468,0.9666667,0.8888889,0.6382975,0.0316228,0.9699208,1.0,0.311871,-
3,route_planner:RoutePlanner,"Bern, Switzerland","Zermatt, Switzerland",15,winter,8,culture_food,0.1,0.4,0.3,0.2,80.5292601,0.7032828,0.95,0.8888889,0.6655519,0.896481,0.8932545,0.9833333,0.596688,-
1,route_planner_greedy:RoutePlanner,"Bern, Switzerland","Zermatt, Switzerland",15,winter,8,sport_culture,0.2,0.3,0.1,0.4,69.363065,0.6493399,0.9833333,0.7777778,0.6739843,0.019307,1.0,0.9833333,0.005066,-
2,route_planner_greedy_local:RoutePlanner,"Bern, Switzerland","Zermatt, Switzerland",15,winter,8,sport_culture,0.2,0.3,0.1,0.4,75.182559,0.8298969,0.95,0.7777778,0.6739843,0.019307,1.0,0.9833333,0.535646,-
3,route_planner:RoutePlanner,"Bern, Switzerland","Zermatt, Switzerland",15,winter,8,sport_culture,0.2,0.3,0.1,0.4,82.4753083,0.7694175,0.975,0.7777778,0.6169353,1.0,1.0,1.0,0.285515,-
1,route_planner_greedy:RoutePlanner,"Bern, Switzerland","Zermatt, Switzerland",15,winter,10,balanced,0.25,0.25,0.25,0.25,75.5527592,0.7368421,0.9,0.8888889,0.7722825,0.172984,0.9398416,0.9833333,0.005625,-
2,route_planner_greedy_local:RoutePlanner,"Bern, Switzerland","Zermatt, Switzerland",15,winter,10,balanced,0.25,0.25,0.25,0.25,85.1139814,0.8089431,0.9266667,0.8888889,0.663451,1.0,0.9398416,0.9833333,0.412784,-
3,route_planner:RoutePlanner,"Bern, Switzerland","Zermatt, Switzerland",15,winter,10,balanced,0.25,0.25,0.25,0.25,87.1232574,0.8547009,0.8933333,1.0,0.6688154,0.9588458,0.8376078,1.0,1.27431,-
1,route_planner_greedy:RoutePlanner,"Bern, Switzerland","Zermatt, Switzerland",15,winter,10,nature_sport,0.4,0.1,0.2,0.3,63.4943265,0.4911723,0.9,0.7777778,0.7521591,0.0171305,0.9699208,0.9666667,0.005373,-
2,route_planner_greedy_local:RoutePlanner,"Bern, Switzerland","Zermatt, Switzerland",15,winter,10,nature_sport,0.4,0.1,0.2,0.3,69.4409527,0.6953616,0.82,0.7777778,0.7521591,0.0171305,0.9699208,0.9666667,1.003507,-
3,route_planner:RoutePlanner,"Bern, Switzerland","Zermatt, Switzerland",15,winter,10,nature_sport,0.4,0.1,0.2,0.3,77.8399617,0.6049618,0.9733333,0.8888889,0.623335,1.0,0.8932545,0.9833333,1.034117,-
1,route_planner_greedy:RoutePlanner,"Bern, Switzerland","Zermatt, Switzerland",15,winter,10,culture_food,0.1,0.4,0.3,0.2,84.2881429,0.7724359,0.9666667,0.8888889,0.6389147,0.9986228,0.9699208,1.0,0.005562,-
2,route_planner_greedy_local:RoutePlanner,"Bern, Switzerland","Zermatt, Switzerland",15,winter,10,culture_food,0.1,0.4,0.3,0.2,85.6434603,0.8340164,0.9133333,0.8888889,0.6389147,0.9986228,0.9699208,1.0,0.519203,-
3,route_planner:RoutePlanner,"Bern, Switzerland","Zermatt, Switzerland",15,winter,10,culture_food,0.1,0.4,0.3,0.2,88.8866216,0.8575064,0.9866667,1.0,0.6569066,0.9987758,0.8631753,0.9833333,0.962694,-
1,route_planner_greedy:RoutePlanner,"Bern, Switzerland","Zermatt, Switzerland",15,winter,10,sport_culture,0.2,0.3,0.1,0.4,75.7080908,0.7314815,0.9666667,0.8888889,0.6753536,0.2292998,0.9699208,1.0,0.006188,-
2,route_planner_greedy_local:RoutePlanner,"Bern, Switzerland","Zermatt, Switzerland",15,winter,10,sport_culture,0.2,0.3,0.1,0.4,75.7080908,0.7314815,0.9666667,0.8888889,0.6753536,0.2292998,0.9699208,1.0,0.191672,-
3,route_planner:RoutePlanner,"Bern, Switzerland","Zermatt, Switzerland",15,winter,10,sport_culture,0.2,0.3,0.1,0.4,81.0080255,0.8546832,0.9333333,1.0,0.6614737,0.2705736,0.8932545,1.0,0.444212,-
1,route_planner_greedy:RoutePlanner,"St. Moritz, Switzerland","St. Moritz, Switzerland",15,winter,6,balanced,0.25,0.25,0.25,0.25,74.5642125,0.7384615,0.9444444,0.7777778,0.8499993,0.0285131,0.9699208,1.0,0.004919,-
2,route_planner_greedy_local:RoutePlanner,"St. Moritz, Switzerland","St. Moritz, Switzerland",15,winter,6,balanced,0.25,0.25,0.25,0.25,74.5642125,0.7384615,0.9444444,0.7777778,0.8499993,0.0285131,0.9699208,1.0,0.165325,-
3,route_planner:RoutePlanner,"St. Moritz, Switzerland","St. Moritz, Switzerland",15,winter,6,balanced,0.25,0.25,0.25,0.25,74.5642125,0.7384615,0.9444444,0.7777778,0.8499993,0.0285131,0.9699208,1.0,0.170589,-
1,route_planner_greedy:RoutePlanner,"St. Moritz, Switzerland","St. Moritz, Switzerland",15,winter,6,nature_sport,0.4,0.1,0.2,0.3,75.4617075,0.8108974,0.9111111,0.6666667,0.8898209,0.0066317,1.0,1.0,0.00428,-
2,route_planner_greedy_local:RoutePlanner,"St. Moritz, Switzerland","St. Moritz, Switzerland",15,winter,6,nature_sport,0.4,0.1,0.2,0.3,68.498012,0.6175373,0.9444444,0.6666667,0.8364007,0.0171529,1.0,1.0,0.25512,-
3,route_planner:RoutePlanner,"St. Moritz, Switzerland","St. Moritz, Switzerland",15,winter,6,nature_sport,0.4,0.1,0.2,0.3,68.498012,0.6175373,0.9444444,0.6666667,0.8364007,0.0171529,1.0,1.0,0.31087,-
1,route_planner_greedy:RoutePlanner,"St. Moritz, Switzerland","St. Moritz, Switzerland",15,winter,6,culture_food,0.1,0.4,0.3,0.2,80.9979673,0.8452381,0.9555556,0.6666667,0.7728827,0.5721789,0.9699208,0.9833333,0.00422,-
2,route_planner_greedy_local:RoutePlanner,"St. Moritz, Switzerland","St. Moritz, Switzerland",15,winter,6,culture_food,0.1,0.4,0.3,0.2,80.9979673,0.8452381,0.9555556,0.6666667,0.7728827,0.5721789,0.9699208,0.9833333,0.244961,-
3,route_planner:RoutePlanner,"St. Moritz, Switzerland","St. Moritz, Switzerland",15,winter,6,culture_food,0.1,0.4,0.3,0.2,80.9979673,0.8452381,0.9555556,0.6666667,0.7728827,0.5721789,0.9699208,0.9833333,0.249804,-
1,route_planner_greedy:RoutePlanner,"St. Moritz, Switzerland","St. Moritz, Switzerland",15,winter,6,sport_culture,0.2,0.3,0.1,0.4,75.702614,0.8233831,0.9444444,0.6666667,0.8364007,0.0171529,1.0,1.0,0.003988,-
2,route_planner_greedy_local:RoutePlanner,"St. Moritz, Switzerland","St. Moritz, Switzerland",15,winter,6,sport_culture,0.2,0.3,0.1,0.4,75.702614,0.8233831,0.9444444,0.6666667,0.8364007,0.0171529,1.0,1.0,0.187996,-
3,route_planner:RoutePlanner,"St. Moritz, Switzerland","St. Moritz, Switzerland",15,winter,6,sport_culture,0.2,0.3,0.1,0.4,75.702614,0.8233831,0.9444444,0.6666667,0.8364007,0.0171529,1.0,1.0,0.209432,-
1,route_planner_greedy:RoutePlanner,"St. Moritz, Switzerland","St. Moritz, Switzerland",15,winter,8,balanced,0.25,0.25,0.25,0.25,74.6117919,0.8269231,1.0,0.6666667,0.7063406,0.0157709,1.0,0.9833333,0.005184,-
2,route_planner_greedy_local:RoutePlanner,"St. Moritz, Switzerland","St. Moritz, Switzerland",15,winter,8,balanced,0.25,0.25,0.25,0.25,74.6117919,0.8269231,1.0,0.6666667,0.7063406,0.0157709,1.0,0.9833333,0.236812,-
3,route_planner:RoutePlanner,"St. Moritz, Switzerland","St. Moritz, Switzerland",15,winter,8,balanced,0.25,0.25,0.25,0.25,74.6117919,0.8269231,1.0,0.6666667,0.7063406,0.0157709,1.0,0.9833333,0.245076,-
1,route_planner_greedy:RoutePlanner,"St. Moritz, Switzerland","St. Moritz, Switzerland",15,winter,8,nature_sport,0.4,0.1,0.2,0.3,72.2347855,0.7550505,0.975,0.6666667,0.7405761,0.0157709,1.0,0.9833333,0.005403,-
2,route_planner_greedy_local:RoutePlanner,"St. Moritz, Switzerland","St. Moritz, Switzerland",15,winter,8,nature_sport,0.4,0.1,0.2,0.3,73.022828,0.7739899,0.975,0.6666667,0.7424435,0.0171529,1.0,1.0,0.211704,-
3,route_planner:RoutePlanner,"St. Moritz, Switzerland","St. Moritz, Switzerland",15,winter,8,nature_sport,0.4,0.1,0.2,0.3,73.022828,0.7739899,0.975,0.6666667,0.7424435,0.0171529,1.0,1.0,0.224285,-
1,route_planner_greedy:RoutePlanner,"St. Moritz, Switzerland","St. Moritz, Switzerland",15,winter,8,culture_food,0.1,0.4,0.3,0.2,75.9212518,0.6291667,0.9833333,0.7777778,0.8037275,0.5578236,0.9699208,1.0,0.005346,-
2,route_planner_greedy_local:RoutePlanner,"St. Moritz, Switzerland","St. Moritz, Switzerland",15,winter,8,culture_food,0.1,0.4,0.3,0.2,68.600368,0.6037582,0.9916667,0.6666667,0.8281535,0.0171529,1.0,1.0,0.23369,-
3,route_planner:RoutePlanner,"St. Moritz, Switzerland","St. Moritz, Switzerland",15,winter,8,culture_food,0.1,0.4,0.3,0.2,68.600368,0.6037582,0.9916667,0.6666667,0.8281535,0.0171529,1.0,1.0,0.241972,-
1,route_planner_greedy:RoutePlanner,"St. Moritz, Switzerland","St. Moritz, Switzerland",15,winter,8,sport_culture,0.2,0.3,0.1,0.4,72.7205262,0.726431,0.9833333,0.6666667,0.8405095,0.0171529,0.9699208,0.9833333,0.005611,-
2,route_planner_greedy_local:RoutePlanner,"St. Moritz, Switzerland","St. Moritz, Switzerland",15,winter,8,sport_culture,0.2,0.3,0.1,0.4,77.1995014,0.8416667,0.9916667,0.6666667,0.8463093,0.0171529,1.0,1.0,0.201173,-
3,route_planner:RoutePlanner,"St. Moritz, Switzerland","St. Moritz, Switzerland",15,winter,8,sport_culture,0.2,0.3,0.1,0.4,77.1995014,0.8416667,0.9916667,0.6666667,0.8463093,0.0171529,1.0,1.0,0.211576,-
1,route_planner_greedy:RoutePlanner,"St. Moritz, Switzerland","St. Moritz, Switzerland",15,winter,10,balanced,0.25,0.25,0.25,0.25,79.3208216,0.9043478,0.8933333,0.7777778,0.8467317,0.0285131,0.9398416,0.9833333,0.006643,-
2,route_planner_greedy_local:RoutePlanner,"St. Moritz, Switzerland","St. Moritz, Switzerland",15,winter,10,balanced,0.25,0.25,0.25,0.25,79.3208216,0.9043478,0.8933333,0.7777778,0.8467317,0.0285131,0.9398416,0.9833333,0.249198,-
3,route_planner:RoutePlanner,"St. Moritz, Switzerland","St. Moritz, Switzerland",15,winter,10,balanced,0.25,0.25,0.25,0.25,79.3208216,0.9043478,0.8933333,0.7777778,0.8467317,0.0285131,0.9398416,0.9833333,0.254912,-
1,route_planner_greedy:RoutePlanner,"St. Moritz, Switzerland","St. Moritz, Switzerland",15,winter,10,nature_sport,0.4,0.1,0.2,0.3,67.4608449,0.5302419,0.96,0.7777778,0.8467317,0.0285131,0.9699208,1.0,0.006463,-
2,route_planner_greedy_local:RoutePlanner,"St. Moritz, Switzerland","St. Moritz, Switzerland",15,winter,10,nature_sport,0.4,0.1,0.2,0.3,67.4608449,0.5302419,0.96,0.7777778,0.8467317,0.0285131,0.9699208,1.0,0.311234,-
3,route_planner:RoutePlanner,"St. Moritz, Switzerland","St. Moritz, Switzerland",15,winter,10,nature_sport,0.4,0.1,0.2,0.3,67.4608449,0.5302419,0.96,0.7777778,0.8467317,0.0285131,0.9699208,1.0,0.322265,-
1,route_planner_greedy:RoutePlanner,"St. Moritz, Switzerland","St. Moritz, Switzerland",15,winter,10,culture_food,0.1,0.4,0.3,0.2,71.7840946,0.703084,0.9733333,0.6666667,0.8278964,0.0157709,1.0,1.0,0.006242,-
2,route_planner_greedy_local:RoutePlanner,"St. Moritz, Switzerland","St. Moritz, Switzerland",15,winter,10,culture_food,0.1,0.4,0.3,0.2,69.1471777,0.6576227,0.9733333,0.6666667,0.7572569,0.0171529,1.0,1.0,0.290857,-
3,route_planner:RoutePlanner,"St. Moritz, Switzerland","St. Moritz, Switzerland",15,winter,10,culture_food,0.1,0.4,0.3,0.2,69.1471777,0.6576227,0.9733333,0.6666667,0.7572569,0.0171529,1.0,1.0,0.302865,-
1,route_planner_greedy:RoutePlanner,"St. Moritz, Switzerland","St. Moritz, Switzerland",15,winter,10,sport_culture,0.2,0.3,0.1,0.4,73.5908941,0.746063,0.9733333,0.7777778,0.7384858,0.0285131,0.9699208,1.0,0.006117,-
2,route_planner_greedy_local:RoutePlanner,"St. Moritz, Switzerland","St. Moritz, Switzerland",15,winter,10,sport_culture,0.2,0.3,0.1,0.4,73.5908941,0.746063,0.9733333,0.7777778,0.7384858,0.0285131,0.9699208,1.0,0.226638,-
3,route_planner:RoutePlanner,"St. Moritz, Switzerland","St. Moritz, Switzerland",15,winter,10,sport_culture,0.2,0.3,0.1,0.4,73.5908941,0.746063,0.9733333,0.7777778,0.7384858,0.0285131,0.9699208,1.0,0.271763,-
1,route_planner_greedy:RoutePlanner,"Interlaken, Switzerland","St. Moritz, Switzerland",18,summer,6,balanced,0.25,0.25,0.25,0.25,73.2766546,0.7764706,0.962963,0.7272727,0.7000079,0.0315975,1.0,0.9861111,0.006634,-
2,route_planner_greedy_local:RoutePlanner,"Interlaken, Switzerland","St. Moritz, Switzerland",18,summer,6,balanced,0.25,0.25,0.25,0.25,75.9531252,0.8529412,0.962963,0.7272727,0.7000079,0.0315975,1.0,0.9861111,0.449125,-
3,route_planner:RoutePlanner,"Interlaken, Switzerland","St. Moritz, Switzerland",18,summer,6,balanced,0.25,0.25,0.25,0.25,85.4285064,0.8607595,0.9166667,0.8181818,0.7241719,0.8736722,0.949868,0.9861111,1.098527,-
1,route_planner_greedy:RoutePlanner,"Interlaken, Switzerland","St. Moritz, Switzerland",18,summer,6,nature_sport,0.4,0.1,0.2,0.3,87.3706937,0.9321705,0.9722222,0.8181818,0.7191187,0.7101884,1.0,1.0,0.006305,-
2,route_planner_greedy_local:RoutePlanner,"Interlaken, Switzerland","St. Moritz, Switzerland",18,summer,6,nature_sport,0.4,0.1,0.2,0.3,87.6759263,0.9408915,0.9722222,0.8181818,0.7191187,0.7101884,1.0,1.0,0.42436,-
3,route_planner:RoutePlanner,"Interlaken, Switzerland","St. Moritz, Switzerland",18,summer,6,nature_sport,0.4,0.1,0.2,0.3,89.116786,0.9418605,0.9814815,0.9090909,0.7175595,0.7349135,0.9361114,1.0,0.989622,-
1,route_planner_greedy:RoutePlanner,"Interlaken, Switzerland","St. Moritz, Switzerland",18,summer,6,culture_food,0.1,0.4,0.3,0.2,84.356485,0.7893519,0.9907407,0.8181818,0.7379688,0.8720574,0.974934,0.9861111,0.006097,-
2,route_planner_greedy_local:RoutePlanner,"Interlaken, Switzerland","St. Moritz, Switzerland",18,summer,6,culture_food,0.1,0.4,0.3,0.2,86.6250035,0.8541667,0.9907407,0.8181818,0.7379688,0.8720574,0.974934,0.9861111,0.377126,-
3,route_planner:RoutePlanner,"Interlaken, Switzerland","St. Moritz, Switzerland",18,summer,6,culture_food,0.1,0.4,0.3,0.2,86.6250035,0.8541667,0.9907407,0.8181818,0.7379688,0.8720574,0.974934,0.9861111,1.378535,-
1,route_planner_greedy:RoutePlanner,"Interlaken, Switzerland","St. Moritz, Switzerland",18,summer,6,sport_culture,0.2,0.3,0.1,0.4,89.7217612,0.9318182,0.9907407,0.8181818,0.7241719,0.9111707,1.0,1.0,0.006426,-
2,route_planner_greedy_local:RoutePlanner,"Interlaken, Switzerland","St. Moritz, Switzerland",18,summer,6,sport_culture,0.2,0.3,0.1,0.4,89.7217612,0.9318182,0.9907407,0.8181818,0.7241719,0.9111707,1.0,1.0,0.182229,-
3,route_planner:RoutePlanner,"Interlaken, Switzerland","St. Moritz, Switzerland",18,summer,6,sport_culture,0.2,0.3,0.1,0.4,89.7303445,0.9479167,0.9814815,0.8181818,0.7177806,0.9111707,0.949868,0.9861111,0.460857,-
1,route_planner_greedy:RoutePlanner,"Interlaken, Switzerland","St. Moritz, Switzerland",18,summer,8,balanced,0.25,0.25,0.25,0.25,89.6779914,0.924,0.9930556,0.8181818,0.7371816,0.9111707,1.0,1.0,0.008701,-
2,route_planner_greedy_local:RoutePlanner,"Interlaken, Switzerland","St. Moritz, Switzerland",18,summer,8,balanced,0.25,0.25,0.25,0.25,90.908928,0.9710744,0.9652778,0.8181818,0.7371816,0.9111707,1.0,1.0,0.658225,-
3,route_planner:RoutePlanner,"Interlaken, Switzerland","St. Moritz, Switzerland",18,summer,8,balanced,0.25,0.25,0.25,0.25,90.908928,0.9710744,0.9652778,0.8181818,0.7371816,0.9111707,1.0,1.0,0.796566,-
1,route_planner_greedy:RoutePlanner,"Interlaken, Switzerland","St. Moritz, Switzerland",18,summer,8,nature_sport,0.4,0.1,0.2,0.3,77.2431493,0.7002033,0.9930556,0.8181818,0.7126072,0.5073141,0.974934,0.9861111,0.00918,-
2,route_planner_greedy_local:RoutePlanner,"Interlaken, Switzerland","St. Moritz, Switzerland",18,summer,8,nature_sport,0.4,0.1,0.2,0.3,79.1478912,0.7793716,0.9652778,0.7272727,0.7194273,0.5898552,1.0,0.9583333,0.835821,-
3,route_planner:RoutePlanner,"Interlaken, Switzerland","St. Moritz, Switzerland",18,summer,8,nature_sport,0.4,0.1,0.2,0.3,80.7678532,0.8252688,0.9791667,0.7272727,0.7194273,0.5898552,0.974934,0.9444444,0.883179,-
1,route_planner_greedy:RoutePlanner,"Interlaken, Switzerland","St. Moritz, Switzerland",18,summer,8,culture_food,0.1,0.4,0.3,0.2,78.9358312,0.7016667,0.9930556,0.8181818,0.7432562,0.6254868,0.974934,0.9861111,0.009059,-
2,route_planner_greedy_local:RoutePlanner,"Interlaken, Switzerland","St. Moritz, Switzerland",18,summer,8,culture_food,0.1,0.4,0.3,0.2,79.7191112,0.738292,0.9513889,0.8181818,0.7206453,0.6525651,1.0,1.0,0.416414,-
3,route_planner:RoutePlanner,"Interlaken, Switzerland","St. Moritz, Switzerland",18,summer,8,culture_food,0.1,0.4,0.3,0.2,79.7191112,0.738292,0.9513889,0.8181818,0.7206453,0.6525651,1.0,1.0,0.619627,-
1,route_planner_greedy:RoutePlanner,"Interlaken, Switzerland","St. Moritz, Switzerland",18,summer,8,sport_culture,0.2,0.3,0.1,0.4,85.4381888,0.8125,0.9930556,0.8181818,0.7289085,0.9093275,0.974934,0.9861111,0.008902,-
2,route_planner_greedy_local:RoutePlanner,"Interlaken, Switzerland","St. Moritz, Switzerland",18,summer,8,sport_culture,0.2,0.3,0.1,0.4,85.4381888,0.8125,0.9930556,0.8181818,0.7289085,0.9093275,0.974934,0.9861111,0.234453,-
3,route_planner:RoutePlanner,"Interlaken, Switzerland","St. Moritz, Switzerland",18,summer,8,sport_culture,0.2,0.3,0.1,0.4,85.4381888,0.8125,0.9930556,0.8181818,0.7289085,0.9093275,0.974934,0.9861111,1.038973,-
1,route_planner_greedy:RoutePlanner,"Interlaken, Switzerland","St. Moritz, Switzerland",18,summer,10,balanced,0.25,0.25,0.25,0.25,79.5404782,0.9081633,0.95,0.8181818,0.7336779,0.0421642,0.974934,0.9861111,0.010511,-
2,route_planner_greedy_local:RoutePlanner,"Interlaken, Switzerland","St. Moritz, Switzerland",18,summer,10,balanced,0.25,0.25,0.25,0.25,79.6067453,0.9195804,0.9277778,0.8181818,0.7336779,0.0421642,0.974934,0.9861111,0.578373,-
3,route_planner:RoutePlanner,"Interlaken, Switzerland","St. Moritz, Switzerland",18,summer,10,balanced,0.25,0.25,0.25,0.25,86.9939412,0.8387097,0.9722222,0.9090909,0.7312413,0.9196864,0.8646731,0.9861111,1.268827,-
1,route_planner_greedy:RoutePlanner,"Interlaken, Switzerland","St. Moritz, Switzerland",18,summer,10,nature_sport,0.4,0.1,0.2,0.3,76.5650391,0.8138186,0.9888889,0.8181818,0.7007447,0.0464159,1.0,1.0,0.010364,-
2,route_planner_greedy_local:RoutePlanner,"Interlaken, Switzerland","St. Moritz, Switzerland",18,summer,10,nature_sport,0.4,0.1,0.2,0.3,78.455841,0.8821272,0.9555556,0.8181818,0.7007447,0.0464159,1.0,1.0,1.023013,-
3,route_planner:RoutePlanner,"Interlaken, Switzerland","St. Moritz, Switzerland",18,summer,10,nature_sport,0.4,0.1,0.2,0.3,85.0357496,0.8709936,0.9555556,0.7272727,0.735886,0.9006369,0.9361114,0.9166667,1.463584,-
1,route_planner_greedy:RoutePlanner,"Interlaken, Switzerland","St. Moritz, Switzerland",18,summer,10,culture_food,0.1,0.4,0.3,0.2,83.2650228,0.7563291,0.9833333,0.8181818,0.7348301,0.89431,0.974934,0.9861111,0.010908,-
2,route_planner_greedy_local:RoutePlanner,"Interlaken, Switzerland","St. Moritz, Switzerland",18,summer,10,culture_food,0.1,0.4,0.3,0.2,87.3692614,0.8831169,0.9611111,0.8181818,0.7348301,0.89431,0.974934,0.9861111,0.653065,-
3,route_planner:RoutePlanner,"Interlaken, Switzerland","St. Moritz, Switzerland",18,summer,10,culture_food,0.1,0.4,0.3,0.2,89.1527806,0.9221698,0.9888889,0.8181818,0.7348301,0.89431,0.974934,0.9861111,1.578415,-
1,route_planner_greedy:RoutePlanner,"Interlaken, Switzerland","St. Moritz, Switzerland",18,summer,10,sport_culture,0.2,0.3,0.1,0.4,75.8970206,0.6954927,0.9777778,0.8181818,0.6969744,0.4355542,0.974934,0.9861111,0.011025,-
2,route_planner_greedy_local:RoutePlanner,"Interlaken, Switzerland","St. Moritz, Switzerland",18,summer,10,sport_culture,0.2,0.3,0.1,0.4,78.6570502,0.7862554,0.95,0.8181818,0.6969744,0.4355542,0.974934,0.9861111,1.203415,-
3,route_planner:RoutePlanner,"Interlaken, Switzerland","St. Moritz, Switzerland",18,summer,10,sport_culture,0.2,0.3,0.1,0.4,89.0333004,0.9274194,0.9611111,0.8181818,0.7265235,0.9111707,0.974934,1.0,1.251212,-
1,route_planner_greedy:RoutePlanner,"Zurich, Switzerland","Zurich, Switzerland",18,summer,6,balanced,0.25,0.25,0.25,0.25,79.8578111,0.8915663,0.9537037,0.7272727,0.7383032,0.2558571,0.974934,0.9861111,0.005931,-
2,route_planner_greedy_local:RoutePlanner,"Zurich, Switzerland","Zurich, Switzerland",18,summer,6,balanced,0.25,0.25,0.25,0.25,86.7302015,0.9411765,0.962963,0.7272727,0.7160894,0.7694148,1.0,1.0,0.389228,-
3,route_planner:RoutePlanner,"Zurich, Switzerland","Zurich, Switzerland",18,summer,6,balanced,0.25,0.25,0.25,0.25,86.7302015,0.9411765,0.962963,0.7272727,0.7160894,0.7694148,1.0,1.0,0.40423,-
1,route_planner_greedy:RoutePlanner,"Zurich, Switzerland","Zurich, Switzerland",18,summer,6,nature_sport,0.4,0.1,0.2,0.3,88.4055355,0.8842593,0.9814815,0.7272727,0.8013282,1.0,0.974934,0.9861111,0.006478,-
2,route_planner_greedy_local:RoutePlanner,"Zurich, Switzerland","Zurich, Switzerland",18,summer,6,nature_sport,0.4,0.1,0.2,0.3,87.6280878,0.8564815,0.9814815,0.7272727,0.8013282,1.0,1.0,1.0,0.427614,-
3,route_planner:RoutePlanner,"Zurich, Switzerland","Zurich, Switzerland",18,summer,6,nature_sport,0.4,0.1,0.2,0.3,87.6280878,0.8564815,0.9814815,0.7272727,0.8013282,1.0,1.0,1.0,0.439636,-
1,route_planner_greedy:RoutePlanner,"Zurich, Switzerland","Zurich, Switzerland",18,summer,6,culture_food,0.1,0.4,0.3,0.2,69.0172914,0.6235795,0.9722222,0.6363636,0.8512135,0.0433906,1.0,0.9722222,0.006617,-
2,route_planner_greedy_local:RoutePlanner,"Zurich, Switzerland","Zurich, Switzerland",18,summer,6,culture_food,0.1,0.4,0.3,0.2,69.0172914,0.6235795,0.9722222,0.6363636,0.8512135,0.0433906,1.0,0.9722222,0.433987,-
3,route_planner:RoutePlanner,"Zurich, Switzerland","Zurich, Switzerland",18,summer,6,culture_food,0.1,0.4,0.3,0.2,69.0172914,0.6235795,0.9722222,0.6363636,0.8512135,0.0433906,1.0,0.9722222,0.439794,-
1,route_planner_greedy:RoutePlanner,"Zurich, Switzerland","Zurich, Switzerland",18,summer,6,sport_culture,0.2,0.3,0.1,0.4,86.1865627,0.8131868,1.0,0.7272727,0.7877289,1.0,1.0,1.0,0.006289,-
2,route_planner_greedy_local:RoutePlanner,"Zurich, Switzerland","Zurich, Switzerland",18,summer,6,sport_culture,0.2,0.3,0.1,0.4,86.1865627,0.8131868,1.0,0.7272727,0.7877289,1.0,1.0,1.0,0.410298,-
3,route_planner:RoutePlanner,"Zurich, Switzerland","Zurich, Switzerland",18,summer,6,sport_culture,0.2,0.3,0.1,0.4,86.1865627,0.8131868,1.0,0.7272727,0.7877289,1.0,1.0,1.0,0.412966,-
1,route_planner_greedy:RoutePlanner,"Zurich, Switzerland","Zurich, Switzerland",18,summer,8,balanced,0.25,0.25,0.25,0.25,90.5467392,0.9375,1.0,0.7272727,0.8013282,1.0,0.974934,0.9861111,0.00871,-
2,route_planner_greedy_local:RoutePlanner,"Zurich, Switzerland","Zurich, Switzerland",18,summer,8,balanced,0.25,0.25,0.25,0.25,90.7415137,0.9375,1.0,0.7272727,0.8013282,1.0,1.0,1.0,0.323509,-
3,route_planner:RoutePlanner,"Zurich, Switzerland","Zurich, Switzerland",18,summer,8,balanced,0.25,0.25,0.25,0.25,90.7415137,0.9375,1.0,0.7272727,0.8013282,1.0,1.0,1.0,0.339825,-
1,route_planner_greedy:RoutePlanner,"Zurich, Switzerland","Zurich, Switzerland",18,summer,8,nature_sport,0.4,0.1,0.2,0.3,79.0819206,0.703776,0.9930556,0.6363636,0.6909927,0.9977245,0.974934,0.9583333,0.009544,-
2,route_planner_greedy_local:RoutePlanner,"Zurich, Switzerland","Zurich, Switzerland",18,summer,8,nature_sport,0.4,0.1,0.2,0.3,82.7103289,0.8716667,1.0,0.7272727,0.8276893,0.3877565,1.0,1.0,0.40113,-
3,route_planner:RoutePlanner,"Zurich, Switzerland","Zurich, Switzerland",18,summer,8,nature_sport,0.4,0.1,0.2,0.3,82.7103289,0.8716667,1.0,0.7272727,0.8276893,0.3877565,1.0,1.0,0.418704,-
1,route_planner_greedy:RoutePlanner,"Zurich, Switzerland","Zurich, Switzerland",18,summer,8,culture_food,0.1,0.4,0.3,0.2,81.5189561,0.7011155,0.9930556,0.7272727,0.7579843,1.0,0.974934,0.9861111,0.00912,-
2,route_planner_greedy_local:RoutePlanner,"Zurich, Switzerland","Zurich, Switzerland",18,summer,8,culture_food,0.1,0.4,0.3,0.2,81.5189561,0.7011155,0.9930556,0.7272727,0.7579843,1.0,0.974934,0.9861111,0.241922,-
3,route_planner:RoutePlanner,"Zurich, Switzerland","Zurich, Switzerland",18,summer,8,culture_food,0.1,0.4,0.3,0.2,81.5189561,0.7011155,0.9930556,0.7272727,0.7579843,1.0,0.974934,0.9861111,0.259288,-
1,route_planner_greedy:RoutePlanner,"Zurich, Switzerland","Zurich, Switzerland",18,summer,8,sport_culture,0.2,0.3,0.1,0.4,83.015555,0.8454301,0.9930556,0.7272727,0.7347023,0.6794817,0.974934,0.9861111,0.009099,-
2,route_planner_greedy_local:RoutePlanner,"Zurich, Switzerland","Zurich, Switzerland",18,summer,8,sport_culture,0.2,0.3,0.1,0.4,84.950921,0.8951613,0.9930556,0.7272727,0.7347023,0.6794817,1.0,1.0,0.263647,-
3,route_planner:RoutePlanner,"Zurich, Switzerland","Zurich, Switzerland",18,summer,8,sport_culture,0.2,0.3,0.1,0.4,84.950921,0.8951613,0.9930556,0.7272727,0.7347023,0.6794817,1.0,1.0,0.295785,-
1,route_planner_greedy:RoutePlanner,"Zurich, Switzerland","Zurich, Switzerland",18,summer,10,balanced,0.25,0.25,0.25,0.25,85.8030146,0.8947368,0.95,0.7272727,0.7598047,0.8125839,0.974934,0.9861111,0.011124,-
2,route_planner_greedy_local:RoutePlanner,"Zurich, Switzerland","Zurich, Switzerland",18,summer,10,balanced,0.25,0.25,0.25,0.25,84.5512583,0.8944099,0.9888889,0.6363636,0.8345226,0.6489173,1.0,0.9722222,0.465716,-
3,route_planner:RoutePlanner,"Zurich, Switzerland","Zurich, Switzerland",18,summer,10,balanced,0.25,0.25,0.25,0.25,84.5512583,0.8944099,0.9888889,0.6363636,0.8345226,0.6489173,1.0,0.9722222,0.495538,-
1,route_planner_greedy:RoutePlanner,"Zurich, Switzerland","Zurich, Switzerland",18,summer,10,nature_sport,0.4,0.1,0.2,0.3,85.1598779,0.8755241,0.9888889,0.7272727,0.7753824,0.7143373,1.0,1.0,0.010577,-
2,route_planner_greedy_local:RoutePlanner,"Zurich, Switzerland","Zurich, Switzerland",18,summer,10,nature_sport,0.4,0.1,0.2,0.3,85.1598779,0.8755241,0.9888889,0.7272727,0.7753824,0.7143373,1.0,1.0,0.483919,-
3,route_planner:RoutePlanner,"Zurich, Switzerland","Zurich, Switzerland",18,summer,10,nature_sport,0.4,0.1,0.2,0.3,85.1598779,0.8755241,0.9888889,0.7272727,0.7753824,0.7143373,1.0,1.0,0.513748,-
1,route_planner_greedy:RoutePlanner,"Zurich, Switzerland","Zurich, Switzerland",18,summer,10,culture_food,0.1,0.4,0.3,0.2,86.3180101,0.8320312,0.9777778,0.7272727,0.7877289,1.0,0.974934,0.9861111,0.01103,-
2,route_planner_greedy_local:RoutePlanner,"Zurich, Switzerland","Zurich, Switzerland",18,summer,10,culture_food,0.1,0.4,0.3,0.2,86.3180101,0.8320312,0.9777778,0.7272727,0.7877289,1.0,0.974934,0.9861111,0.36643,-
3,route_planner:RoutePlanner,"Zurich, Switzerland","Zurich, Switzerland",18,summer,10,culture_food,0.1,0.4,0.3,0.2,86.3180101,0.8320312,0.9777778,0.7272727,0.7877289,1.0,0.974934,0.9861111,0.397239,-
1,route_planner_greedy:RoutePlanner,"Zurich, Switzerland","Zurich, Switzerland",18,summer,10,sport_culture,0.2,0.3,0.1,0.4,78.4641902,0.7903564,0.9944444,0.7272727,0.8276893,0.2560619,1.0,1.0,0.011051,-
2,route_planner_greedy_local:RoutePlanner,"Zurich, Switzerland","Zurich, Switzerland",18,summer,10,sport_culture,0.2,0.3,0.1,0.4,78.4641902,0.7903564,0.9944444,0.7272727,0.8276893,0.2560619,1.0,1.0,0.38235,-
3,route_planner:RoutePlanner,"Zurich, Switzerland","Zurich, Switzerland",18,summer,10,sport_culture,0.2,0.3,0.1,0.4,78.4641902,0.7903564,0.9944444,0.7272727,0.8276893,0.2560619,1.0,1.0,0.404073,-
1,route_planner_greedy:RoutePlanner,"Lugano, Switzerland","Zurich, Switzerland",18,summer,6,balanced,0.25,0.25,0.25,0.25,91.2248389,0.9090909,0.9814815,0.8181818,0.8274472,1.0,1.0,1.0,0.005912,-
2,route_planner_greedy_local:RoutePlanner,"Lugano, Switzerland","Zurich, Switzerland",18,summer,6,balanced,0.25,0.25,0.25,0.25,92.815748,0.9545455,0.9814815,0.8181818,0.8274472,1.0,1.0,1.0,0.40109,-
3,route_planner:RoutePlanner,"Lugano, Switzerland","Zurich, Switzerland",18,summer,6,balanced,0.25,0.25,0.25,0.25,92.815748,0.9545455,0.9814815,0.8181818,0.8274472,1.0,1.0,1.0,1.305849,-
1,route_planner_greedy:RoutePlanner,"Lugano, Switzerland","Zurich, Switzerland",18,summer,6,nature_sport,0.4,0.1,0.2,0.3,89.7276673,0.9031008,0.9722222,0.8181818,0.7977428,0.9296938,1.0,1.0,0.006033,-
2,route_planner_greedy_local:RoutePlanner,"Lugano, Switzerland","Zurich, Switzerland",18,summer,6,nature_sport,0.4,0.1,0.2,0.3,90.0635847,0.9206349,0.9537037,0.8181818,0.7977428,0.9296938,1.0,1.0,0.424406,-
3,route_planner:RoutePlanner,"Lugano, Switzerland","Zurich, Switzerland",18,summer,6,nature_sport,0.4,0.1,0.2,0.3,90.0635847,0.9206349,0.9537037,0.8181818,0.7977428,0.9296938,1.0,1.0,0.858408,-
1,route_planner_greedy:RoutePlanner,"Lugano, Switzerland","Zurich, Switzerland",18,summer,6,culture_food,0.1,0.4,0.3,0.2,90.0026022,0.8797348,0.9814815,0.8181818,0.8274472,1.0,0.974934,0.9861111,0.005887,-
2,route_planner_greedy_local:RoutePlanner,"Lugano, Switzerland","Zurich, Switzerland",18,summer,6,culture_food,0.1,0.4,0.3,0.2,91.1591081,0.9191176,0.9537037,0.8181818,0.8274472,1.0,1.0,1.0,0.359151,-
3,route_planner:RoutePlanner,"Lugano, Switzerland","Zurich, Switzerland",18,summer,6,culture_food,0.1,0.4,0.3,0.2,91.1591081,0.9191176,0.9537037,0.8181818,0.8274472,1.0,1.0,1.0,0.688711,-
1,route_planner_greedy:RoutePlanner,"Lugano, Switzerland","Zurich, Switzerland",18,summer,6,sport_culture,0.2,0.3,0.1,0.4,76.3272153,0.7443182,0.9907407,0.8181818,0.8351568,0.0614888,1.0,1.0,0.005667,-
2,route_planner_greedy_local:RoutePlanner,"Lugano, Switzerland","Zurich, Switzerland",18,summer,6,sport_culture,0.2,0.3,0.1,0.4,78.4815714,0.8058712,0.9907407,0.8181818,0.8351568,0.0614888,1.0,1.0,0.739446,-
3,route_planner:RoutePlanner,"Lugano, Switzerland","Zurich, Switzerland",18,summer,6,sport_culture,0.2,0.3,0.1,0.4,92.4156323,0.9568966,0.9722222,0.8181818,0.8258865,1.0,0.949868,0.9861111,0.812448,-
1,route_planner_greedy:RoutePlanner,"Lugano, Switzerland","Zurich, Switzerland",18,summer,8,balanced,0.25,0.25,0.25,0.25,80.8965331,0.736,0.9722222,0.6363636,0.7541017,0.9973998,1.0,0.9444444,0.008274,-
2,route_planner_greedy_local:RoutePlanner,"Lugano, Switzerland","Zurich, Switzerland",18,summer,8,balanced,0.25,0.25,0.25,0.25,85.9595358,0.892562,0.9444444,0.6363636,0.7541017,0.9973998,1.0,0.9444444,0.739764,-
3,route_planner:RoutePlanner,"Lugano, Switzerland","Zurich, Switzerland",18,summer,8,balanced,0.25,0.25,0.25,0.25,89.2970669,0.8606557,0.9722222,0.8181818,0.8309077,0.997977,0.974934,1.0,1.33941,-
1,route_planner_greedy:RoutePlanner,"Lugano, Switzerland","Zurich, Switzerland",18,summer,8,nature_sport,0.4,0.1,0.2,0.3,85.4114825,0.755,0.9930556,0.8181818,0.7892101,0.997977,1.0,1.0,0.008647,-
2,route_planner_greedy_local:RoutePlanner,"Lugano, Switzerland","Zurich, Switzerland",18,summer,8,nature_sport,0.4,0.1,0.2,0.3,91.0990858,0.9294077,0.9652778,0.8181818,0.7892101,0.997977,1.0,1.0,0.886294,-
3,route_planner:RoutePlanner,"Lugano, Switzerland","Zurich, Switzerland",18,summer,8,nature_sport,0.4,0.1,0.2,0.3,93.800487,0.9907025,0.9722222,0.8181818,0.8276933,0.997977,0.974934,1.0,1.428727,-
1,route_planner_greedy:RoutePlanner,"Lugano, Switzerland","Zurich, Switzerland",18,summer,8,culture_food,0.1,0.4,0.3,0.2,81.5815238,0.6762821,1.0,0.7272727,0.8048004,1.0,1.0,0.9861111,0.008491,-
2,route_planner_greedy_local:RoutePlanner,"Lugano, Switzerland","Zurich, Switzerland",18,summer,8,culture_food,0.1,0.4,0.3,0.2,85.5547753,0.8106369,0.9513889,0.7272727,0.8048004,1.0,1.0,0.9861111,0.484455,-
3,route_planner:RoutePlanner,"Lugano, Switzerland","Zurich, Switzerland",18,summer,8,culture_food,0.1,0.4,0.3,0.2,85.6738219,0.8116667,0.9652778,0.7272727,0.8048004,1.0,0.974934,0.9861111,1.645967,-
1,route_planner_greedy:RoutePlanner,"Lugano, Switzerland","Zurich, Switzerland",18,summer,8,sport_culture,0.2,0.3,0.1,0.4,85.5032649,0.7633333,1.0,0.8181818,0.8274472,0.9296938,0.974934,0.9861111,0.008277,-
2,route_planner_greedy_local:RoutePlanner,"Lugano, Switzerland","Zurich, Switzerland",18,summer,8,sport_culture,0.2,0.3,0.1,0.4,88.8081022,0.8976608,0.9236111,0.8181818,0.7977428,0.9296938,1.0,1.0,0.992668,-
3,route_planner:RoutePlanner,"Lugano, Switzerland","Zurich, Switzerland",18,summer,8,sport_culture,0.2,0.3,0.1,0.4,91.5159483,0.9180441,0.9861111,0.9090909,0.8095146,0.936496,0.8897392,1.0,2.003718,-
1,route_planner_greedy:RoutePlanner,"Lugano, Switzerland","Zurich, Switzerland",18,summer,10,balanced,0.25,0.25,0.25,0.25,87.4161194,0.9066667,0.95,0.8181818,0.8377568,0.6593707,1.0,1.0,0.009631,-
2,route_planner_greedy_local:RoutePlanner,"Lugano, Switzerland","Zurich, Switzerland",18,summer,10,balanced,0.25,0.25,0.25,0.25,87.9521924,0.9315068,0.9277778,0.8181818,0.8377568,0.6593707,1.0,1.0,0.623691,-
3,route_planner:RoutePlanner,"Lugano, Switzerland","Zurich, Switzerland",18,summer,10,balanced,0.25,0.25,0.25,0.25,90.5624809,0.96,0.9555556,0.9090909,0.8292076,0.6874113,0.9361114,1.0,2.246828,-
1,route_planner_greedy:RoutePlanner,"Lugano, Switzerland","Zurich, Switzerland",18,summer,10,nature_sport,0.4,0.1,0.2,0.3,83.5423293,0.7833851,0.9777778,0.6363636,0.8143673,0.9973998,1.0,0.9444444,0.008902,-
2,route_planner_greedy_local:RoutePlanner,"Lugano, Switzerland","Zurich, Switzerland",18,summer,10,nature_sport,0.4,0.1,0.2,0.3,89.7547138,0.9236542,0.9833333,0.7272727,0.7906616,0.9977245,1.0,0.9861111,0.373339,-
3,route_planner:RoutePlanner,"Lugano, Switzerland","Zurich, Switzerland",18,summer,10,nature_sport,0.4,0.1,0.2,0.3,91.205052,0.9544702,0.9333333,0.8181818,0.7956656,0.997977,0.9361114,0.9861111,2.351616,-
1,route_planner_greedy:RoutePlanner,"Lugano, Switzerland","Zurich, Switzerland",18,summer,10,culture_food,0.1,0.4,0.3,0.2,77.0746864,0.8509615,0.9444444,0.5454545,0.7132826,0.4659975,1.0,0.9166667,0.009583,-
2,route_planner_greedy_local:RoutePlanner,"Lugano, Switzerland","Zurich, Switzerland",18,summer,10,culture_food,0.1,0.4,0.3,0.2,77.0746864,0.8509615,0.9444444,0.5454545,0.7132826,0.4659975,1.0,0.9166667,0.347163,-
3,route_planner:RoutePlanner,"Lugano, Switzerland","Zurich, Switzerland",18,summer,10,culture_food,0.1,0.4,0.3,0.2,78.6402981,0.8426535,0.9388889,0.7272727,0.8510321,0.1848514,0.949868,0.9583333,1.689792,-
1,route_planner_greedy:RoutePlanner,"Lugano, Switzerland","Zurich, Switzerland",18,summer,10,sport_culture,0.2,0.3,0.1,0.4,87.1813149,0.8203125,0.9888889,0.8181818,0.7706061,1.0,0.974934,0.9861111,0.009791,-
2,route_planner_greedy_local:RoutePlanner,"Lugano, Switzerland","Zurich, Switzerland",18,summer,10,sport_culture,0.2,0.3,0.1,0.4,88.4815954,0.8669872,0.9666667,0.8181818,0.7706061,1.0,0.974934,0.9861111,0.601544,-
3,route_planner:RoutePlanner,"Lugano, Switzerland","Zurich, Switzerland",18,summer,10,sport_culture,0.2,0.3,0.1,0.4,89.581473,0.8618143,0.9833333,0.9090909,0.7697216,1.0,0.9110454,0.9861111,0.97376,-
1,route_planner_greedy:RoutePlanner,"Geneva, Switzerland","Lucerne, Switzerland",18,summer,6,balanced,0.25,0.25,0.25,0.25,79.0173551,0.8478261,0.9907407,0.6363636,0.7851389,0.3368126,1.0,0.9583333,0.006262,-
2,route_planner_greedy_local:RoutePlanner,"Geneva, Switzerland","Lucerne, Switzerland",18,summer,6,balanced,0.25,0.25,0.25,0.25,83.9556571,0.9631579,0.9907407,0.5454545,0.7720932,0.603747,1.0,0.9166667,0.626,-
3,route_planner:RoutePlanner,"Geneva, Switzerland","Lucerne, Switzerland",18,summer,6,balanced,0.25,0.25,0.25,0.25,83.9556571,0.9631579,0.9907407,0.5454545,0.7720932,0.603747,1.0,0.9166667,0.607004,-
1,route_planner_greedy:RoutePlanner,"Geneva, Switzerland","Lucerne, Switzerland",18,summer,6,nature_sport,0.4,0.1,0.2,0.3,83.0119457,0.8970884,0.9166667,0.7272727,0.8119965,0.5177922,0.974934,0.9444444,0.004924,-
2,route_planner_greedy_local:RoutePlanner,"Geneva, Switzerland","Lucerne, Switzerland",18,summer,6,nature_sport,0.4,0.1,0.2,0.3,83.0119457,0.8970884,0.9166667,0.7272727,0.8119965,0.5177922,0.974934,0.9444444,0.235365,-
3,route_planner:RoutePlanner,"Geneva, Switzerland","Lucerne, Switzerland",18,summer,6,nature_sport,0.4,0.1,0.2,0.3,83.0119457,0.8970884,0.9166667,0.7272727,0.8119965,0.5177922,0.974934,0.9444444,0.331888,-
1,route_planner_greedy:RoutePlanner,"Geneva, Switzerland","Lucerne, Switzerland",18,summer,6,culture_food,0.1,0.4,0.3,0.2,80.9630657,0.9014337,1.0,0.6363636,0.7851389,0.3368126,1.0,0.9444444,0.005865,-
2,route_planner_greedy_local:RoutePlanner,"Geneva, Switzerland","Lucerne, Switzerland",18,summer,6,culture_food,0.1,0.4,0.3,0.2,83.333581,0.9473684,0.9907407,0.5454545,0.7720932,0.603747,1.0,0.9027778,0.272481,-
3,route_planner:RoutePlanner,"Geneva, Switzerland","Lucerne, Switzerland",18,summer,6,culture_food,0.1,0.4,0.3,0.2,84.7563661,0.9675926,0.9537037,0.6363636,0.7570942,0.6488756,0.9361114,0.9027778,0.763764,-
1,route_planner_greedy:RoutePlanner,"Geneva, Switzerland","Lucerne, Switzerland",18,summer,6,sport_culture,0.2,0.3,0.1,0.4,80.446648,0.8596491,1.0,0.5454545,0.7750501,0.603747,1.0,0.9027778,0.005334,-
2,route_planner_greedy_local:RoutePlanner,"Geneva, Switzerland","Lucerne, Switzerland",18,summer,6,sport_culture,0.2,0.3,0.1,0.4,80.446648,0.8596491,1.0,0.5454545,0.7750501,0.603747,1.0,0.9027778,0.292934,-
3,route_planner:RoutePlanner,"Geneva, Switzerland","Lucerne, Switzerland",18,summer,6,sport_culture,0.2,0.3,0.1,0.4,80.446648,0.8596491,1.0,0.5454545,0.7750501,0.603747,1.0,0.9027778,0.498158,-
1,route_planner_greedy:RoutePlanner,"Geneva, Switzerland","Lucerne, Switzerland",18,summer,8,balanced,0.25,0.25,0.25,0.25,86.3124744,0.8305085,0.9444444,0.8181818,0.7208262,0.9992891,1.0,1.0,0.007954,-
2,route_planner_greedy_local:RoutePlanner,"Geneva, Switzerland","Lucerne, Switzerland",18,summer,8,balanced,0.25,0.25,0.25,0.25,89.0648533,0.9210526,0.9166667,0.8181818,0.7208262,0.9992891,1.0,1.0,0.423049,-
3,route_planner:RoutePlanner,"Geneva, Switzerland","Lucerne, Switzerland",18,summer,8,balanced,0.25,0.25,0.25,0.25,91.1804784,0.9561404,0.9305556,0.9090909,0.6964473,0.9993602,0.9361114,1.0,1.685367,-
1,route_planner_greedy:RoutePlanner,"Geneva, Switzerland","Lucerne, Switzerland",18,summer,8,nature_sport,0.4,0.1,0.2,0.3,82.0786962,0.9443359,0.9930556,0.6363636,0.7570942,0.3368126,1.0,0.9722222,0.008395,-
2,route_planner_greedy_local:RoutePlanner,"Geneva, Switzerland","Lucerne, Switzerland",18,summer,8,nature_sport,0.4,0.1,0.2,0.3,82.4105556,0.927799,1.0,0.5454545,0.7423313,0.603747,1.0,0.9166667,0.75416,-
3,route_planner:RoutePlanner,"Geneva, Switzerland","Lucerne, Switzerland",18,summer,8,nature_sport,0.4,0.1,0.2,0.3,85.9021956,0.944987,0.9930556,0.7272727,0.7022565,0.70861,0.9361114,0.9444444,1.063355,-
1,route_planner_greedy:RoutePlanner,"Geneva, Switzerland","Lucerne, Switzerland",18,summer,8,culture_food,0.1,0.4,0.3,0.2,76.4903959,0.7458965,1.0,0.5454545,0.7720932,0.603747,1.0,0.9166667,0.008175,-
2,route_planner_greedy_local:RoutePlanner,"Geneva, Switzerland","Lucerne, Switzerland",18,summer,8,culture_food,0.1,0.4,0.3,0.2,82.4663678,0.7559524,0.9652778,0.7272727,0.7126148,1.0,1.0,0.9861111,0.638406,-
3,route_planner:RoutePlanner,"Geneva, Switzerland","Lucerne, Switzerland",18,summer,8,culture_food,0.1,0.4,0.3,0.2,86.035139,0.8177083,0.9930556,0.8181818,0.7090449,1.0,0.9361114,0.9861111,0.936231,-
1,route_planner_greedy:RoutePlanner,"Geneva, Switzerland","Lucerne, Switzerland",18,summer,8,sport_culture,0.2,0.3,0.1,0.4,85.1125713,0.9768519,0.9791667,0.6363636,0.8071858,0.4859793,1.0,0.9444444,0.008478,-
2,route_planner_greedy_local:RoutePlanner,"Geneva, Switzerland","Lucerne, Switzerland",18,summer,8,sport_culture,0.2,0.3,0.1,0.4,85.1125713,0.9768519,0.9791667,0.6363636,0.8071858,0.4859793,1.0,0.9444444,0.278399,-
3,route_planner:RoutePlanner,"Geneva, Switzerland","Lucerne, Switzerland",18,summer,8,sport_culture,0.2,0.3,0.1,0.4,85.1125713,0.9768519,0.9791667,0.6363636,0.8071858,0.4859793,1.0,0.9444444,1.010577,-
1,route_planner_greedy:RoutePlanner,"Geneva, Switzerland","Lucerne, Switzerland",18,summer,10,balanced,0.25,0.25,0.25,0.25,82.9895976,0.8313253,0.9777778,0.5454545,0.7594633,1.0,1.0,0.9305556,0.009371,-
2,route_planner_greedy_local:RoutePlanner,"Geneva, Switzerland","Lucerne, Switzerland",18,summer,10,balanced,0.25,0.25,0.25,0.25,85.1030886,0.9012346,0.9555556,0.5454545,0.7594633,1.0,1.0,0.9305556,0.644116,-
3,route_planner:RoutePlanner,"Geneva, Switzerland","Lucerne, Switzerland",18,summer,10,balanced,0.25,0.25,0.25,0.25,87.3988757,0.9375,0.95,0.6363636,0.7462686,1.0,0.974934,0.9444444,2.149609,-
1,route_planner_greedy:RoutePlanner,"Geneva, Switzerland","Lucerne, Switzerland",18,summer,10,nature_sport,0.4,0.1,0.2,0.3,86.008423,0.8775253,0.9888889,0.6363636,0.7462686,1.0,1.0,0.9444444,0.008812,-
2,route_planner_greedy_local:RoutePlanner,"Geneva, Switzerland","Lucerne, Switzerland",18,summer,10,nature_sport,0.4,0.1,0.2,0.3,88.9317164,0.9800955,0.9444444,0.6363636,0.7462686,1.0,1.0,0.9444444,1.237597,-
3,route_planner:RoutePlanner,"Geneva, Switzerland","Lucerne, Switzerland",18,summer,10,nature_sport,0.4,0.1,0.2,0.3,89.0548665,0.9262422,0.9888889,0.8181818,0.6437105,1.0,0.974934,1.0,1.904389,-
1,route_planner_greedy:RoutePlanner,"Geneva, Switzerland","Lucerne, Switzerland",18,summer,10,culture_food,0.1,0.4,0.3,0.2,72.2159168,0.6515152,1.0,0.6363636,0.7851389,0.3368126,1.0,0.9444444,0.009483,-
2,route_planner_greedy_local:RoutePlanner,"Geneva, Switzerland","Lucerne, Switzerland",18,summer,10,culture_food,0.1,0.4,0.3,0.2,81.7304986,0.8529412,0.95,0.7272727,0.8119965,0.4941626,0.974934,0.9444444,0.965857,-
3,route_planner:RoutePlanner,"Geneva, Switzerland","Lucerne, Switzerland",18,summer,10,culture_food,0.1,0.4,0.3,0.2,84.5701115,0.8951613,0.9722222,0.8181818,0.7841157,0.534422,0.9110454,0.9444444,1.758589,-
1,route_planner_greedy:RoutePlanner,"Geneva, Switzerland","Lucerne, Switzerland",18,summer,10,sport_culture,0.2,0.3,0.1,0.4,81.8325779,0.717827,0.9777778,0.8181818,0.6647415,0.9992891,0.974934,0.9861111,0.010041,-
2,route_planner_greedy_local:RoutePlanner,"Geneva, Switzerland","Lucerne, Switzerland",18,summer,10,sport_culture,0.2,0.3,0.1,0.4,82.1454289,0.7265625,0.9777778,0.8181818,0.6647415,1.0,0.974934,0.9861111,0.305949,-
3,route_planner:RoutePlanner,"Geneva, Switzerland","Lucerne, Switzerland",18,summer,10,sport_culture,0.2,0.3,0.1,0.4,88.1514318,0.9007431,0.9666667,0.8181818,0.6957572,1.0,0.9110454,0.9722222,1.517704,-
1,route_planner_greedy:RoutePlanner,"Bern, Switzerland","Zermatt, Switzerland",18,summer,6,balanced,0.25,0.25,0.25,0.25,78.2998282,0.9318182,0.9814815,0.7272727,0.6585027,0.0316228,1.0,0.9722222,0.006188,-
2,route_planner_greedy_local:RoutePlanner,"Bern, Switzerland","Zermatt, Switzerland",18,summer,6,balanced,0.25,0.25,0.25,0.25,78.2998282,0.9318182,0.9814815,0.7272727,0.6585027,0.0316228,1.0,0.9722222,0.251375,-
3,route_planner:RoutePlanner,"Bern, Switzerland","Zermatt, Switzerland",18,summer,6,balanced,0.25,0.25,0.25,0.25,80.8831321,0.7307692,1.0,0.7272727,0.6618895,0.9538221,1.0,0.9861111,0.893891,-
1,route_planner_greedy:RoutePlanner,"Bern, Switzerland","Zermatt, Switzerland",18,summer,6,nature_sport,0.4,0.1,0.2,0.3,80.272976,0.9408436,0.9537037,0.8181818,0.6867964,0.046322,1.0,1.0,0.00605,-
2,route_planner_greedy_local:RoutePlanner,"Bern, Switzerland","Zermatt, Switzerland",18,summer,6,nature_sport,0.4,0.1,0.2,0.3,80.272976,0.9408436,0.9537037,0.8181818,0.6867964,0.046322,1.0,1.0,0.204874,-
3,route_planner:RoutePlanner,"Bern, Switzerland","Zermatt, Switzerland",18,summer,6,nature_sport,0.4,0.1,0.2,0.3,91.1060533,0.9632353,0.962963,0.9090909,0.6575543,1.0,0.8897392,1.0,0.887533,-
1,route_planner_greedy:RoutePlanner,"Bern, Switzerland","Zermatt, Switzerland",18,summer,6,culture_food,0.1,0.4,0.3,0.2,75.4684571,0.8110465,0.9722222,0.8181818,0.663759,0.0464159,0.974934,0.9861111,0.006293,-
2,route_planner_greedy_local:RoutePlanner,"Bern, Switzerland","Zermatt, Switzerland",18,summer,6,culture_food,0.1,0.4,0.3,0.2,76.1088979,0.8371212,0.962963,0.7272727,0.6741024,0.1552917,1.0,0.9583333,0.748471,-
3,route_planner:RoutePlanner,"Bern, Switzerland","Zermatt, Switzerland",18,summer,6,culture_food,0.1,0.4,0.3,0.2,87.7298757,0.9192073,0.9074074,0.8181818,0.6708446,1.0,0.9361114,0.9861111,1.148553,-
1,route_planner_greedy:RoutePlanner,"Bern, Switzerland","Zermatt, Switzerland",18,summer,6,sport_culture,0.2,0.3,0.1,0.4,78.177387,0.8674242,1.0,0.8181818,0.6690359,0.0704048,0.974934,0.9861111,0.005982,-
2,route_planner_greedy_local:RoutePlanner,"Bern, Switzerland","Zermatt, Switzerland",18,summer,6,sport_culture,0.2,0.3,0.1,0.4,78.177387,0.8674242,1.0,0.8181818,0.6690359,0.0704048,0.974934,0.9861111,0.237055,-
3,route_planner:RoutePlanner,"Bern, Switzerland","Zermatt, Switzerland",18,summer,6,sport_culture,0.2,0.3,0.1,0.4,86.1968062,0.8670635,0.9351852,0.8181818,0.6579456,1.0,0.949868,0.9861111,1.633303,-
1,route_planner_greedy:RoutePlanner,"Bern, Switzerland","Zermatt, Switzerland",18,summer,8,balanced,0.25,0.25,0.25,0.25,77.7269646,0.8442623,0.9652778,0.7272727,0.6600642,0.3222227,0.974934,0.9583333,0.009138,-
2,route_planner_greedy_local:RoutePlanner,"Bern, Switzerland","Zermatt, Switzerland",18,summer,8,balanced,0.25,0.25,0.25,0.25,76.3228613,0.838843,0.9652778,0.7272727,0.6774513,0.1552218,1.0,0.9722222,0.508143,-
3,route_planner:RoutePlanner,"Bern, Switzerland","Zermatt, Switzerland",18,summer,8,balanced,0.25,0.25,0.25,0.25,83.1730066,0.7460317,0.9930556,0.8181818,0.6868301,0.997977,0.9361114,0.9861111,0.934313,-
1,route_planner_greedy:RoutePlanner,"Bern, Switzerland","Zermatt, Switzerland",18,summer,8,nature_sport,0.4,0.1,0.2,0.3,76.9859977,0.8790323,0.9930556,0.7272727,0.6805122,0.0346151,1.0,0.9722222,0.009486,-
2,route_planner_greedy_local:RoutePlanner,"Bern, Switzerland","Zermatt, Switzerland",18,summer,8,nature_sport,0.4,0.1,0.2,0.3,70.5737052,0.7152778,0.9652778,0.7272727,0.6805122,0.0346151,0.974934,0.9444444,0.553465,-
3,route_planner:RoutePlanner,"Bern, Switzerland","Zermatt, Switzerland",18,summer,8,nature_sport,0.4,0.1,0.2,0.3,85.6694121,0.9545455,1.0,0.5454545,0.6422706,1.0,1.0,0.8888889,0.62832,-
1,route_planner_greedy:RoutePlanner,"Bern, Switzerland","Zermatt, Switzerland",18,summer,8,culture_food,0.1,0.4,0.3,0.2,74.5862647,0.712963,1.0,0.8181818,0.6966593,0.1909944,1.0,1.0,0.008431,-
2,route_planner_greedy_local:RoutePlanner,"Bern, Switzerland","Zermatt, Switzerland",18,summer,8,culture_food,0.1,0.4,0.3,0.2,78.058487,0.8121693,1.0,0.8181818,0.6966593,0.1909944,1.0,1.0,0.716301,-
3,route_planner:RoutePlanner,"Bern, Switzerland","Zermatt, Switzerland",18,summer,8,culture_food,0.1,0.4,0.3,0.2,78.058487,0.8121693,1.0,0.8181818,0.6966593,0.1909944,1.0,1.0,0.747547,-
1,route_planner_greedy:RoutePlanner,"Bern, Switzerland","Zermatt, Switzerland",18,summer,8,sport_culture,0.2,0.3,0.1,0.4,81.6007827,0.69,0.9930556,0.8181818,0.6868301,0.997977,1.0,1.0,0.008691,-
2,route_planner_greedy_local:RoutePlanner,"Bern, Switzerland","Zermatt, Switzerland",18,summer,8,sport_culture,0.2,0.3,0.1,0.4,82.4054929,0.7427536,0.9236111,0.8181818,0.6868301,0.997977,1.0,1.0,0.624881,-
3,route_planner:RoutePlanner,"Bern, Switzerland","Zermatt, Switzerland",18,summer,8,sport_culture,0.2,0.3,0.1,0.4,84.2997126,0.786036,0.9097222,0.9090909,0.6673531,0.98154,0.9361114,1.0,1.617978,-
1,route_planner_greedy:RoutePlanner,"Bern, Switzerland","Zermatt, Switzerland",18,summer,10,balanced,0.25,0.25,0.25,0.25,75.0243382,0.8137931,0.9277778,0.7272727,0.7722825,0.0270473,1.0,0.9722222,0.012426,-
2,route_planner_greedy_local:RoutePlanner,"Bern, Switzerland","Zermatt, Switzerland",18,summer,10,balanced,0.25,0.25,0.25,0.25,77.553745,0.9051095,0.8833333,0.7272727,0.7722825,0.0270473,1.0,0.9722222,2.258915,-
3,route_planner:RoutePlanner,"Bern, Switzerland","Zermatt, Switzerland",18,summer,10,balanced,0.25,0.25,0.25,0.25,86.3621655,0.9210526,0.9388889,0.7272727,0.6618895,0.9538221,0.974934,0.9583333,1.640242,-
1,route_planner_greedy:RoutePlanner,"Bern, Switzerland","Zermatt, Switzerland",18,summer,10,nature_sport,0.4,0.1,0.2,0.3,81.8757651,0.9780702,0.9666667,0.8181818,0.693882,0.0462351,1.0,1.0,0.010373,-
2,route_planner_greedy_local:RoutePlanner,"Bern, Switzerland","Zermatt, Switzerland",18,summer,10,nature_sport,0.4,0.1,0.2,0.3,81.8757651,0.9780702,0.9666667,0.8181818,0.693882,0.0462351,1.0,1.0,0.337861,-
3,route_planner:RoutePlanner,"Bern, Switzerland","Zermatt, Switzerland",18,summer,10,nature_sport,0.4,0.1,0.2,0.3,87.6452037,0.9376278,0.9888889,0.7272727,0.623335,1.0,0.974934,0.9722222,2.497774,-
1,route_planner_greedy:RoutePlanner,"Bern, Switzerland","Zermatt, Switzerland",18,summer,10,culture_food,0.1,0.4,0.3,0.2,75.0263675,0.7025681,0.9944444,0.8181818,0.6529606,0.3647455,0.974934,0.9861111,0.01295,-
2,route_planner_greedy_local:RoutePlanner,"Bern, Switzerland","Zermatt, Switzerland",18,summer,10,culture_food,0.1,0.4,0.3,0.2,77.7779399,0.7811845,0.9944444,0.8181818,0.6529606,0.3647455,0.974934,0.9861111,0.772995,-
3,route_planner:RoutePlanner,"Bern, Switzerland","Zermatt, Switzerland",18,summer,10,culture_food,0.1,0.4,0.3,0.2,85.5567048,0.8511146,0.9833333,0.8181818,0.6664797,0.9067874,0.949868,0.9861111,2.067835,-
1,route_planner_greedy:RoutePlanner,"Bern, Switzerland","Zermatt, Switzerland",18,summer,10,sport_culture,0.2,0.3,0.1,0.4,75.6579497,0.8476821,0.9555556,0.7272727,0.7321665,0.0167262,0.974934,0.9444444,0.015632,-
2,route_planner_greedy_local:RoutePlanner,"Bern, Switzerland","Zermatt, Switzerland",18,summer,10,sport_culture,0.2,0.3,0.1,0.4,77.6708937,0.9242424,0.9111111,0.7272727,0.7321665,0.0167262,0.974934,0.9444444,1.767537,-
3,route_planner:RoutePlanner,"Bern, Switzerland","Zermatt, Switzerland",18,summer,10,sport_culture,0.2,0.3,0.1,0.4,89.4927177,0.9456522,0.9888889,0.8181818,0.6535807,1.0,0.9248019,0.9722222,3.7419,-
1,route_planner_greedy:RoutePlanner,"St. Moritz, Switzerland","St. Moritz, Switzerland",18,summer,6,balanced,0.25,0.25,0.25,0.25,76.5838804,0.7891566,0.9722222,0.7272727,0.8918821,0.0287517,0.974934,0.9861111,0.009339,-
2,route_planner_greedy_local:RoutePlanner,"St. Moritz, Switzerland","St. Moritz, Switzerland",18,summer,6,balanced,0.25,0.25,0.25,0.25,76.9204255,0.7962963,0.962963,0.7272727,0.8857129,0.0410827,1.0,1.0,0.336025,-
3,route_planner:RoutePlanner,"St. Moritz, Switzerland","St. Moritz, Switzerland",18,summer,6,balanced,0.25,0.25,0.25,0.25,76.9204255,0.7962963,0.962963,0.7272727,0.8857129,0.0410827,1.0,1.0,0.308421,-
1,route_planner_greedy:RoutePlanner,"St. Moritz, Switzerland","St. Moritz, Switzerland",18,summer,6,nature_sport,0.4,0.1,0.2,0.3,81.5677575,0.8602941,0.9722222,0.7272727,0.8789844,0.2780273,1.0,1.0,0.007511,-
2,route_planner_greedy_local:RoutePlanner,"St. Moritz, Switzerland","St. Moritz, Switzerland",18,summer,6,nature_sport,0.4,0.1,0.2,0.3,78.3151403,0.8636831,0.9444444,0.7272727,0.8474964,0.0423357,0.974934,1.0,0.327769,-
3,route_planner:RoutePlanner,"St. Moritz, Switzerland","St. Moritz, Switzerland",18,summer,6,nature_sport,0.4,0.1,0.2,0.3,78.3151403,0.8636831,0.9444444,0.7272727,0.8474964,0.0423357,0.974934,1.0,0.35603,-
1,route_planner_greedy:RoutePlanner,"St. Moritz, Switzerland","St. Moritz, Switzerland",18,summer,6,culture_food,0.1,0.4,0.3,0.2,78.5890317,0.8611111,0.9722222,0.7272727,0.8356587,0.0422839,1.0,1.0,0.046258,-
2,route_planner_greedy_local:RoutePlanner,"St. Moritz, Switzerland","St. Moritz, Switzerland",18,summer,6,culture_food,0.1,0.4,0.3,0.2,77.1830402,0.858631,0.962963,0.6363636,0.8630627,0.0264561,1.0,0.9861111,0.436006,-
3,route_planner:RoutePlanner,"St. Moritz, Switzerland","St. Moritz, Switzerland",18,summer,6,culture_food,0.1,0.4,0.3,0.2,77.1830402,0.858631,0.962963,0.6363636,0.8630627,0.0264561,1.0,0.9861111,0.384324,-
1,route_planner_greedy:RoutePlanner,"St. Moritz, Switzerland","St. Moritz, Switzerland",18,summer,6,sport_culture,0.2,0.3,0.1,0.4,80.0455636,0.9016064,0.962963,0.7272727,0.8474964,0.0423357,1.0,1.0,0.009405,-
2,route_planner_greedy_local:RoutePlanner,"St. Moritz, Switzerland","St. Moritz, Switzerland",18,summer,6,sport_culture,0.2,0.3,0.1,0.4,80.0455636,0.9016064,0.962963,0.7272727,0.8474964,0.0423357,1.0,1.0,0.457508,-
3,route_planner:RoutePlanner,"St. Moritz, Switzerland","St. Moritz, Switzerland",18,summer,6,sport_culture,0.2,0.3,0.1,0.4,80.0455636,0.9016064,0.962963,0.7272727,0.8474964,0.0423357,1.0,1.0,0.398191,-
1,route_planner_greedy:RoutePlanner,"St. Moritz, Switzerland","St. Moritz, Switzerland",18,summer,8,balanced,0.25,0.25,0.25,0.25,77.1485772,0.8666667,0.9722222,0.6363636,0.8373613,0.0264926,1.0,0.9722222,0.010082,-
2,route_planner_greedy_local:RoutePlanner,"St. Moritz, Switzerland","St. Moritz, Switzerland",18,summer,8,balanced,0.25,0.25,0.25,0.25,78.5809638,0.8644068,0.9652778,0.7272727,0.8491108,0.0396582,0.974934,0.9861111,0.47452,-
3,route_planner:RoutePlanner,"St. Moritz, Switzerland","St. Moritz, Switzerland",18,summer,8,balanced,0.25,0.25,0.25,0.25,78.5809638,0.8644068,0.9652778,0.7272727,0.8491108,0.0396582,0.974934,0.9861111,0.411617,-
1,route_planner_greedy:RoutePlanner,"St. Moritz, Switzerland","St. Moritz, Switzerland",18,summer,8,nature_sport,0.4,0.1,0.2,0.3,71.865137,0.6714092,1.0,0.7272727,0.8169944,0.0396582,0.974934,0.9861111,0.010139,-
2,route_planner_greedy_local:RoutePlanner,"St. Moritz, Switzerland","St. Moritz, Switzerland",18,summer,8,nature_sport,0.4,0.1,0.2,0.3,75.8872263,0.7673611,0.9861111,0.7272727,0.8687202,0.0423357,0.974934,1.0,0.462551,-
3,route_planner:RoutePlanner,"St. Moritz, Switzerland","St. Moritz, Switzerland",18,summer,8,nature_sport,0.4,0.1,0.2,0.3,75.8872263,0.7673611,0.9861111,0.7272727,0.8687202,0.0423357,0.974934,1.0,0.440766,-
1,route_planner_greedy:RoutePlanner,"St. Moritz, Switzerland","St. Moritz, Switzerland",18,summer,8,culture_food,0.1,0.4,0.3,0.2,73.9643106,0.7681452,0.9930556,0.6363636,0.834127,0.0264926,1.0,0.9722222,0.009589,-
2,route_planner_greedy_local:RoutePlanner,"St. Moritz, Switzerland","St. Moritz, Switzerland",18,summer,8,culture_food,0.1,0.4,0.3,0.2,74.7094235,0.7301913,0.9930556,0.7272727,0.8699852,0.0423357,0.974934,1.0,0.423376,-
3,route_planner:RoutePlanner,"St. Moritz, Switzerland","St. Moritz, Switzerland",18,summer,8,culture_food,0.1,0.4,0.3,0.2,74.7094235,0.7301913,0.9930556,0.7272727,0.8699852,0.0423357,0.974934,1.0,0.422202,-
1,route_planner_greedy:RoutePlanner,"St. Moritz, Switzerland","St. Moritz, Switzerland",18,summer,8,sport_culture,0.2,0.3,0.1,0.4,84.3110391,0.8629032,0.9861111,0.7272727,0.795405,0.6477593,1.0,1.0,0.021928,-
2,route_planner_greedy_local:RoutePlanner,"St. Moritz, Switzerland","St. Moritz, Switzerland",18,summer,8,sport_culture,0.2,0.3,0.1,0.4,73.5020079,0.7120596,0.9930556,0.7272727,0.831798,0.0423357,0.974934,1.0,0.348898,-
3,route_planner:RoutePlanner,"St. Moritz, Switzerland","St. Moritz, Switzerland",18,summer,8,sport_culture,0.2,0.3,0.1,0.4,73.5020079,0.7120596,0.9930556,0.7272727,0.831798,0.0423357,0.974934,1.0,0.403237,-
1,route_planner_greedy:RoutePlanner,"St. Moritz, Switzerland","St. Moritz, Switzerland",18,summer,10,balanced,0.25,0.25,0.25,0.25,78.7599887,0.8918919,0.9388889,0.7272727,0.8085327,0.0423357,1.0,1.0,0.011366,-
2,route_planner_greedy_local:RoutePlanner,"St. Moritz, Switzerland","St. Moritz, Switzerland",18,summer,10,balanced,0.25,0.25,0.25,0.25,78.7599887,0.8918919,0.9388889,0.7272727,0.8085327,0.0423357,1.0,1.0,0.658886,-
3,route_planner:RoutePlanner,"St. Moritz, Switzerland","St. Moritz, Switzerland",18,summer,10,balanced,0.25,0.25,0.25,0.25,78.7599887,0.8918919,0.9388889,0.7272727,0.8085327,0.0423357,1.0,1.0,0.683052,-
1,route_planner_greedy:RoutePlanner,"St. Moritz, Switzerland","St. Moritz, Switzerland",18,summer,10,nature_sport,0.4,0.1,0.2,0.3,77.1636132,0.736479,0.95,0.7272727,0.8299909,0.3972668,0.974934,0.9861111,0.014478,-
2,route_planner_greedy_local:RoutePlanner,"St. Moritz, Switzerland","St. Moritz, Switzerland",18,summer,10,nature_sport,0.4,0.1,0.2,0.3,78.2275931,0.7613135,0.95,0.7272727,0.8299909,0.3972668,1.0,1.0,0.943199,-
3,route_planner:RoutePlanner,"St. Moritz, Switzerland","St. Moritz, Switzerland",18,summer,10,nature_sport,0.4,0.1,0.2,0.3,78.2275931,0.7613135,0.95,0.7272727,0.8299909,0.3972668,1.0,1.0,1.096742,-
1,route_planner_greedy:RoutePlanner,"St. Moritz, Switzerland","St. Moritz, Switzerland",18,summer,10,culture_food,0.1,0.4,0.3,0.2,64.4709136,0.5619726,0.9833333,0.6363636,0.7050158,0.0139515,1.0,0.9583333,0.011031,-
2,route_planner_greedy_local:RoutePlanner,"St. Moritz, Switzerland","St. Moritz, Switzerland",18,summer,10,culture_food,0.1,0.4,0.3,0.2,74.2470133,0.7231013,0.9833333,0.7272727,0.8570681,0.0423357,1.0,1.0,1.006923,-
3,route_planner:RoutePlanner,"St. Moritz, Switzerland","St. Moritz, Switzerland",18,summer,10,culture_food,0.1,0.4,0.3,0.2,74.2470133,0.7231013,0.9833333,0.7272727,0.8570681,0.0423357,1.0,1.0,0.735637,-
1,route_planner_greedy:RoutePlanner,"St. Moritz, Switzerland","St. Moritz, Switzerland",18,summer,10,sport_culture,0.2,0.3,0.1,0.4,80.328733,0.827957,0.9777778,0.7272727,0.7561379,0.4627186,0.974934,0.9861111,0.011774,-
2,route_planner_greedy_local:RoutePlanner,"St. Moritz, Switzerland","St. Moritz, Switzerland",18,summer,10,sport_culture,0.2,0.3,0.1,0.4,81.0989672,0.8655063,0.9777778,0.6363636,0.7655961,0.5318517,1.0,0.9583333,0.800142,-
3,route_planner:RoutePlanner,"St. Moritz, Switzerland","St. Moritz, Switzerland",18,summer,10,sport_culture,0.2,0.3,0.1,0.4,81.0989672,0.8655063,0.9777778,0.6363636,0.7655961,0.5318517,1.0,0.9583333,0.786052,-
1,route_planner_greedy:RoutePlanner,"Interlaken, Switzerland","St. Moritz, Switzerland",18,winter,6,balanced,0.25,0.25,0.25,0.25,76.2043929,0.8395062,0.9444444,0.8181818,0.6809979,0.0362089,0.974934,0.9861111,0.005088,-
2,route_planner_greedy_local:RoutePlanner,"Interlaken, Switzerland","St. Moritz, Switzerland",18,winter,6,balanced,0.25,0.25,0.25,0.25,86.1824869,0.8809524,0.9444444,0.8181818,0.679279,0.8720574,1.0,1.0,0.293545,-
3,route_planner:RoutePlanner,"Interlaken, Switzerland","St. Moritz, Switzerland",18,winter,6,balanced,0.25,0.25,0.25,0.25,87.4888478,0.8809524,0.9537037,0.9090909,0.6794839,0.884078,0.9361114,1.0,1.119175,-
1,route_planner_greedy:RoutePlanner,"Interlaken, Switzerland","St. Moritz, Switzerland",18,winter,6,nature_sport,0.4,0.1,0.2,0.3,77.1460902,0.6695402,0.962963,0.8181818,0.6979573,0.6525651,1.0,1.0,0.004987,-
2,route_planner_greedy_local:RoutePlanner,"Interlaken, Switzerland","St. Moritz, Switzerland",18,winter,6,nature_sport,0.4,0.1,0.2,0.3,79.4257837,0.7346743,0.962963,0.8181818,0.6979573,0.6525651,1.0,1.0,0.605093,-
3,route_planner:RoutePlanner,"Interlaken, Switzerland","St. Moritz, Switzerland",18,winter,6,nature_sport,0.4,0.1,0.2,0.3,82.3016668,0.7892157,0.962963,0.9090909,0.6738352,0.6810225,0.9361114,1.0,1.252197,-
1,route_planner_greedy:RoutePlanner,"Interlaken, Switzerland","St. Moritz, Switzerland",18,winter,6,culture_food,0.1,0.4,0.3,0.2,79.5707298,0.6841085,0.962963,0.8181818,0.679279,0.8720574,1.0,1.0,0.01163,-
2,route_planner_greedy_local:RoutePlanner,"Interlaken, Switzerland","St. Moritz, Switzerland",18,winter,6,culture_food,0.1,0.4,0.3,0.2,84.6579391,0.8294574,0.962963,0.8181818,0.679279,0.8720574,1.0,1.0,0.539649,-
3,route_planner:RoutePlanner,"Interlaken, Switzerland","St. Moritz, Switzerland",18,winter,6,culture_food,0.1,0.4,0.3,0.2,85.8987817,0.8259804,0.962963,0.9090909,0.6924882,0.884078,0.9361114,1.0,0.960389,-
1,route_planner_greedy:RoutePlanner,"Interlaken, Switzerland","St. Moritz, Switzerland",18,winter,6,sport_culture,0.2,0.3,0.1,0.4,82.0371178,0.7376894,0.962963,0.8181818,0.7186829,0.8720574,1.0,1.0,0.004261,-
2,route_planner_greedy_local:RoutePlanner,"Interlaken, Switzerland","St. Moritz, Switzerland",18,winter,6,sport_culture,0.2,0.3,0.1,0.4,82.0371178,0.7376894,0.962963,0.8181818,0.7186829,0.8720574,1.0,1.0,0.183055,-
3,route_planner:RoutePlanner,"Interlaken, Switzerland","St. Moritz, Switzerland",18,winter,6,sport_culture,0.2,0.3,0.1,0.4,85.2644296,0.860119,0.962963,0.8181818,0.6760252,0.8622155,0.9361114,1.0,0.323648,-
1,route_planner_greedy:RoutePlanner,"Interlaken, Switzerland","St. Moritz, Switzerland",18,winter,8,balanced,0.25,0.25,0.25,0.25,82.2857861,0.7833333,0.9513889,0.7272727,0.7461921,0.8565758,1.0,0.9861111,0.006051,-
2,route_planner_greedy_local:RoutePlanner,"Interlaken, Switzerland","St. Moritz, Switzerland",18,winter,8,balanced,0.25,0.25,0.25,0.25,83.4524527,0.8166667,0.9513889,0.7272727,0.7461921,0.8565758,1.0,0.9861111,0.413129,-
3,route_planner:RoutePlanner,"Interlaken, Switzerland","St. Moritz, Switzerland",18,winter,8,balanced,0.25,0.25,0.25,0.25,86.3513958,0.9401709,0.9236111,0.7272727,0.7045691,0.8572613,0.949868,0.9583333,1.453754,-
1,route_planner_greedy:RoutePlanner,"Interlaken, Switzerland","St. Moritz, Switzerland",18,winter,8,nature_sport,0.4,0.1,0.2,0.3,81.44747,0.740942,0.9444444,0.8181818,0.6954262,0.8838486,0.974934,0.9861111,0.006632,-
2,route_planner_greedy_local:RoutePlanner,"Interlaken, Switzerland","St. Moritz, Switzerland",18,winter,8,nature_sport,0.4,0.1,0.2,0.3,82.5887744,0.7735507,0.9444444,0.8181818,0.6954262,0.8838486,0.974934,0.9861111,0.433247,-
3,route_planner:RoutePlanner,"Interlaken, Switzerland","St. Moritz, Switzerland",18,winter,8,nature_sport,0.4,0.1,0.2,0.3,89.4764873,0.9733187,0.9375,0.8181818,0.6954262,0.8838486,0.974934,0.9861111,1.167007,-
1,route_planner_greedy:RoutePlanner,"Interlaken, Switzerland","St. Moritz, Switzerland",18,winter,8,culture_food,0.1,0.4,0.3,0.2,80.6910337,0.7777778,0.9652778,0.8181818,0.6924629,0.6329974,1.0,1.0,0.005842,-
2,route_planner_greedy_local:RoutePlanner,"Interlaken, Switzerland","St. Moritz, Switzerland",18,winter,8,culture_food,0.1,0.4,0.3,0.2,80.6910337,0.7777778,0.9652778,0.8181818,0.6924629,0.6329974,1.0,1.0,0.179868,-
3,route_planner:RoutePlanner,"Interlaken, Switzerland","St. Moritz, Switzerland",18,winter,8,culture_food,0.1,0.4,0.3,0.2,81.7787367,0.7718927,0.9583333,0.9090909,0.6962944,0.6626158,0.9361114,1.0,0.425757,-
1,route_planner_greedy:RoutePlanner,"Interlaken, Switzerland","St. Moritz, Switzerland",18,winter,8,sport_culture,0.2,0.3,0.1,0.4,86.3165895,0.9139118,0.9652778,0.8181818,0.6983931,0.7101884,1.0,1.0,0.006327,-
2,route_planner_greedy_local:RoutePlanner,"Interlaken, Switzerland","St. Moritz, Switzerland",18,winter,8,sport_culture,0.2,0.3,0.1,0.4,86.4612176,0.9180441,0.9652778,0.8181818,0.6983931,0.7101884,1.0,1.0,0.379749,-
3,route_planner:RoutePlanner,"Interlaken, Switzerland","St. Moritz, Switzerland",18,winter,8,sport_culture,0.2,0.3,0.1,0.4,88.6084392,0.9292717,0.9583333,0.8181818,0.7345948,0.8736722,0.9361114,1.0,0.735625,-
1,route_planner_greedy:RoutePlanner,"Interlaken, Switzerland","St. Moritz, Switzerland",18,winter,10,balanced,0.25,0.25,0.25,0.25,82.2741321,0.7808219,0.9055556,0.8181818,0.7042336,0.8720574,0.974934,0.9861111,0.006671,-
2,route_planner_greedy_local:RoutePlanner,"Interlaken, Switzerland","St. Moritz, Switzerland",18,winter,10,balanced,0.25,0.25,0.25,0.25,82.9453649,0.8142857,0.8722222,0.8181818,0.7042336,0.8720574,0.974934,0.9861111,0.377657,-
3,route_planner:RoutePlanner,"Interlaken, Switzerland","St. Moritz, Switzerland",18,winter,10,balanced,0.25,0.25,0.25,0.25,84.5268653,0.8979592,0.9166667,0.8181818,0.6988283,0.7108022,0.9248019,0.9722222,0.915822,-
1,route_planner_greedy:RoutePlanner,"Interlaken, Switzerland","St. Moritz, Switzerland",18,winter,10,nature_sport,0.4,0.1,0.2,0.3,65.0904972,0.4891878,0.9944444,0.8181818,0.7074811,0.0362089,0.974934,0.9861111,0.008766,-
2,route_planner_greedy_local:RoutePlanner,"Interlaken, Switzerland","St. Moritz, Switzerland",18,winter,10,nature_sport,0.4,0.1,0.2,0.3,65.1995054,0.5578399,0.9444444,0.7272727,0.7045691,0.0239148,1.0,0.9583333,2.285321,-
3,route_planner:RoutePlanner,"Interlaken, Switzerland","St. Moritz, Switzerland",18,winter,10,nature_sport,0.4,0.1,0.2,0.3,78.5514144,0.6483004,0.9722222,0.9090909,0.6787754,0.8010876,0.8897392,1.0,1.633725,-
1,route_planner_greedy:RoutePlanner,"Interlaken, Switzerland","St. Moritz, Switzerland",18,winter,10,culture_food,0.1,0.4,0.3,0.2,70.9916983,0.6574367,0.9833333,0.8181818,0.6996352,0.0464159,1.0,1.0,0.008059,-
2,route_planner_greedy_local:RoutePlanner,"Interlaken, Switzerland","St. Moritz, Switzerland",18,winter,10,culture_food,0.1,0.4,0.3,0.2,74.3166656,0.7667215,0.95,0.8181818,0.6996352,0.0464159,1.0,1.0,0.48842,-
3,route_planner:RoutePlanner,"Interlaken, Switzerland","St. Moritz, Switzerland",18,winter,10,culture_food,0.1,0.4,0.3,0.2,80.4390992,0.7449252,0.9666667,0.8181818,0.7203607,0.7108022,0.9361114,1.0,0.990062,-
1,route_planner_greedy:RoutePlanner,"Interlaken, Switzerland","St. Moritz, Switzerland",18,winter,10,sport_culture,0.2,0.3,0.1,0.4,72.3570792,0.6940928,0.9833333,0.8181818,0.7051296,0.0464159,1.0,1.0,0.006918,-
2,route_planner_greedy_local:RoutePlanner,"Interlaken, Switzerland","St. Moritz, Switzerland",18,winter,10,sport_culture,0.2,0.3,0.1,0.4,77.5360525,0.8611111,0.9388889,0.8181818,0.7051296,0.0464159,1.0,1.0,2.105301,-
3,route_planner:RoutePlanner,"Interlaken, Switzerland","St. Moritz, Switzerland",18,winter,10,sport_culture,0.2,0.3,0.1,0.4,82.1520038,0.7564935,0.95,0.8181818,0.6777084,0.9111707,0.974934,1.0,1.199546,-
1,route_planner_greedy:RoutePlanner,"Zurich, Switzerland","Zurich, Switzerland",18,winter,6,balanced,0.25,0.25,0.25,0.25,89.3072497,0.9285714,0.9537037,0.8181818,0.6986418,1.0,0.949868,1.0,0.005075,-
2,route_planner_greedy_local:RoutePlanner,"Zurich, Switzerland","Zurich, Switzerland",18,winter,6,balanced,0.25,0.25,0.25,0.25,89.3072497,0.9285714,0.9537037,0.8181818,0.6986418,1.0,0.949868,1.0,0.271449,-
3,route_planner:RoutePlanner,"Zurich, Switzerland","Zurich, Switzerland",18,winter,6,balanced,0.25,0.25,0.25,0.25,89.3072497,0.9285714,0.9537037,0.8181818,0.6986418,1.0,0.949868,1.0,0.740942,-
1,route_planner_greedy:RoutePlanner,"Zurich, Switzerland","Zurich, Switzerland",18,winter,6,nature_sport,0.4,0.1,0.2,0.3,75.8637563,0.625,0.9537037,0.7272727,0.7753824,0.7143373,1.0,1.0,0.007278,-
2,route_planner_greedy_local:RoutePlanner,"Zurich, Switzerland","Zurich, Switzerland",18,winter,6,nature_sport,0.4,0.1,0.2,0.3,75.8637563,0.625,0.9537037,0.7272727,0.7753824,0.7143373,1.0,1.0,0.471896,-
3,route_planner:RoutePlanner,"Zurich, Switzerland","Zurich, Switzerland",18,winter,6,nature_sport,0.4,0.1,0.2,0.3,75.8637563,0.625,0.9537037,0.7272727,0.7753824,0.7143373,1.0,1.0,0.437714,-
1,route_planner_greedy:RoutePlanner,"Zurich, Switzerland","Zurich, Switzerland",18,winter,6,culture_food,0.1,0.4,0.3,0.2,73.3219334,0.6498016,0.9537037,0.7272727,0.7657778,0.3877565,1.0,1.0,0.00709,-
2,route_planner_greedy_local:RoutePlanner,"Zurich, Switzerland","Zurich, Switzerland",18,winter,6,culture_food,0.1,0.4,0.3,0.2,73.3219334,0.6498016,0.9537037,0.7272727,0.7657778,0.3877565,1.0,1.0,0.529374,-
3,route_planner:RoutePlanner,"Zurich, Switzerland","Zurich, Switzerland",18,winter,6,culture_food,0.1,0.4,0.3,0.2,73.3219334,0.6498016,0.9537037,0.7272727,0.7657778,0.3877565,1.0,1.0,0.560455,-
1,route_planner_greedy:RoutePlanner,"Zurich, Switzerland","Zurich, Switzerland",18,winter,6,sport_culture,0.2,0.3,0.1,0.4,80.3266237,0.7821285,0.9537037,0.7272727,0.7424958,0.6794817,0.974934,0.9861111,0.010957,-
2,route_planner_greedy_local:RoutePlanner,"Zurich, Switzerland","Zurich, Switzerland",18,winter,6,sport_culture,0.2,0.3,0.1,0.4,80.3266237,0.7821285,0.9537037,0.7272727,0.7424958,0.6794817,0.974934,0.9861111,0.242203,-
3,route_planner:RoutePlanner,"Zurich, Switzerland","Zurich, Switzerland",18,winter,6,sport_culture,0.2,0.3,0.1,0.4,80.3266237,0.7821285,0.9537037,0.7272727,0.7424958,0.6794817,0.974934,0.9861111,0.244556,-
1,route_planner_greedy:RoutePlanner,"Zurich, Switzerland","Zurich, Switzerland",18,winter,8,balanced,0.25,0.25,0.25,0.25,82.505932,0.7440945,1.0,0.6363636,0.8345226,0.9538221,1.0,0.9722222,0.006513,-
2,route_planner_greedy_local:RoutePlanner,"Zurich, Switzerland","Zurich, Switzerland",18,winter,8,balanced,0.25,0.25,0.25,0.25,85.6612055,0.8548387,0.9861111,0.7272727,0.6968423,0.9588458,1.0,1.0,0.314458,-
3,route_planner:RoutePlanner,"Zurich, Switzerland","Zurich, Switzerland",18,winter,8,balanced,0.25,0.25,0.25,0.25,85.6612055,0.8548387,0.9861111,0.7272727,0.6968423,0.9588458,1.0,1.0,0.319165,-
1,route_planner_greedy:RoutePlanner,"Zurich, Switzerland","Zurich, Switzerland",18,winter,8,nature_sport,0.4,0.1,0.2,0.3,74.2698841,0.6728516,1.0,0.6363636,0.5900267,0.7463113,1.0,0.9722222,0.00703,-
2,route_planner_greedy_local:RoutePlanner,"Zurich, Switzerland","Zurich, Switzerland",18,winter,8,nature_sport,0.4,0.1,0.2,0.3,71.3767327,0.7295027,0.9930556,0.7272727,0.6412734,0.0614888,0.974934,0.9861111,0.355958,-
3,route_planner:RoutePlanner,"Zurich, Switzerland","Zurich, Switzerland",18,winter,8,nature_sport,0.4,0.1,0.2,0.3,71.3767327,0.7295027,0.9930556,0.7272727,0.6412734,0.0614888,0.974934,0.9861111,0.311389,-
1,route_planner_greedy:RoutePlanner,"Zurich, Switzerland","Zurich, Switzerland",18,winter,8,culture_food,0.1,0.4,0.3,0.2,80.1410637,0.6801075,0.9930556,0.7272727,0.71541,0.9996001,0.974934,0.9861111,0.006019,-
2,route_planner_greedy_local:RoutePlanner,"Zurich, Switzerland","Zurich, Switzerland",18,winter,8,culture_food,0.1,0.4,0.3,0.2,81.8207562,0.7033333,0.9930556,0.7272727,0.760211,0.9996001,1.0,1.0,0.217576,-
3,route_planner:RoutePlanner,"Zurich, Switzerland","Zurich, Switzerland",18,winter,8,culture_food,0.1,0.4,0.3,0.2,81.8207562,0.7033333,0.9930556,0.7272727,0.760211,0.9996001,1.0,1.0,0.227334,-
1,route_planner_greedy:RoutePlanner,"Zurich, Switzerland","Zurich, Switzerland",18,winter,8,sport_culture,0.2,0.3,0.1,0.4,76.1582295,0.55,0.9930556,0.7272727,0.7532053,1.0,0.974934,0.9861111,0.006122,-
2,route_planner_greedy_local:RoutePlanner,"Zurich, Switzerland","Zurich, Switzerland",18,winter,8,sport_culture,0.2,0.3,0.1,0.4,76.1582295,0.55,0.9930556,0.7272727,0.7532053,1.0,0.974934,0.9861111,0.257796,-
3,route_planner:RoutePlanner,"Zurich, Switzerland","Zurich, Switzerland",18,winter,8,sport_culture,0.2,0.3,0.1,0.4,76.1582295,0.55,0.9930556,0.7272727,0.7532053,1.0,0.974934,0.9861111,0.246242,-
1,route_planner_greedy:RoutePlanner,"Zurich, Switzerland","Zurich, Switzerland",18,winter,10,balanced,0.25,0.25,0.25,0.25,81.8790337,0.725,0.9833333,0.7272727,0.7359812,1.0,0.974934,0.9861111,0.007075,-
2,route_planner_greedy_local:RoutePlanner,"Zurich, Switzerland","Zurich, Switzerland",18,winter,10,balanced,0.25,0.25,0.25,0.25,81.8790337,0.725,0.9833333,0.7272727,0.7359812,1.0,0.974934,0.9861111,0.325594,-
3,route_planner:RoutePlanner,"Zurich, Switzerland","Zurich, Switzerland",18,winter,10,balanced,0.25,0.25,0.25,0.25,81.8790337,0.725,0.9833333,0.7272727,0.7359812,1.0,0.974934,0.9861111,0.34606,-
1,route_planner_greedy:RoutePlanner,"Zurich, Switzerland","Zurich, Switzerland",18,winter,10,nature_sport,0.4,0.1,0.2,0.3,74.0086431,0.5186966,0.9611111,0.7272727,0.7019003,1.0,1.0,1.0,0.007387,-
2,route_planner_greedy_local:RoutePlanner,"Zurich, Switzerland","Zurich, Switzerland",18,winter,10,nature_sport,0.4,0.1,0.2,0.3,74.0086431,0.5186966,0.9611111,0.7272727,0.7019003,1.0,1.0,1.0,0.293073,-
3,route_planner:RoutePlanner,"Zurich, Switzerland","Zurich, Switzerland",18,winter,10,nature_sport,0.4,0.1,0.2,0.3,74.0086431,0.5186966,0.9611111,0.7272727,0.7019003,1.0,1.0,1.0,0.303815,-
1,route_planner_greedy:RoutePlanner,"Zurich, Switzerland","Zurich, Switzerland",18,winter,10,culture_food,0.1,0.4,0.3,0.2,67.1012803,0.5547052,0.9111111,0.6363636,0.6196566,0.5318517,1.0,0.9722222,0.00668,-
2,route_planner_greedy_local:RoutePlanner,"Zurich, Switzerland","Zurich, Switzerland",18,winter,10,culture_food,0.1,0.4,0.3,0.2,67.1012803,0.5547052,0.9111111,0.6363636,0.6196566,0.5318517,1.0,0.9722222,0.291586,-
3,route_planner:RoutePlanner,"Zurich, Switzerland","Zurich, Switzerland",18,winter,10,culture_food,0.1,0.4,0.3,0.2,67.1012803,0.5547052,0.9111111,0.6363636,0.6196566,0.5318517,1.0,0.9722222,0.299726,-
1,route_planner_greedy:RoutePlanner,"Zurich, Switzerland","Zurich, Switzerland",18,winter,10,sport_culture,0.2,0.3,0.1,0.4,79.3653013,0.6178344,0.9611111,0.7272727,0.8276893,1.0,1.0,1.0,0.007006,-
2,route_planner_greedy_local:RoutePlanner,"Zurich, Switzerland","Zurich, Switzerland",18,winter,10,sport_culture,0.2,0.3,0.1,0.4,79.3653013,0.6178344,0.9611111,0.7272727,0.8276893,1.0,1.0,1.0,0.335413,-
3,route_planner:RoutePlanner,"Zurich, Switzerland","Zurich, Switzerland",18,winter,10,sport_culture,0.2,0.3,0.1,0.4,79.3653013,0.6178344,0.9611111,0.7272727,0.8276893,1.0,1.0,1.0,0.369777,-
1,route_planner_greedy:RoutePlanner,"Lugano, Switzerland","Zurich, Switzerland",18,winter,6,balanced,0.25,0.25,0.25,0.25,90.8103901,0.9176471,0.9537037,0.8181818,0.8076307,1.0,1.0,1.0,0.004916,-
2,route_planner_greedy_local:RoutePlanner,"Lugano, Switzerland","Zurich, Switzerland",18,winter,6,balanced,0.25,0.25,0.25,0.25,86.834054,0.8636364,0.962963,0.7272727,0.7724606,1.0,0.974934,0.9583333,0.463722,-
3,route_planner:RoutePlanner,"Lugano, Switzerland","Zurich, Switzerland",18,winter,6,balanced,0.25,0.25,0.25,0.25,86.9849011,0.8205128,0.9259259,0.9090909,0.7877355,0.937044,0.9110454,1.0,0.666754,-
1,route_planner_greedy:RoutePlanner,"Lugano, Switzerland","Zurich, Switzerland",18,winter,6,nature_sport,0.4,0.1,0.2,0.3,74.1733529,0.6299603,0.9537037,0.8181818,0.7779263,0.3877565,1.0,1.0,0.004894,-
2,route_planner_greedy_local:RoutePlanner,"Lugano, Switzerland","Zurich, Switzerland",18,winter,6,nature_sport,0.4,0.1,0.2,0.3,76.3955752,0.6934524,0.9537037,0.8181818,0.7779263,0.3877565,1.0,1.0,0.541236,-
3,route_planner:RoutePlanner,"Lugano, Switzerland","Zurich, Switzerland",18,winter,6,nature_sport,0.4,0.1,0.2,0.3,77.9464153,0.6004902,0.9351852,0.7272727,0.8041223,1.0,1.0,0.9861111,0.288896,-
1,route_planner_greedy:RoutePlanner,"Lugano, Switzerland","Zurich, Switzerland",18,winter,6,culture_food,0.1,0.4,0.3,0.2,88.5956126,0.8619186,0.962963,0.8181818,0.7807527,1.0,1.0,1.0,0.004312,-
2,route_planner_greedy_local:RoutePlanner,"Lugano, Switzerland","Zurich, Switzerland",18,winter,6,culture_food,0.1,0.4,0.3,0.2,88.5956126,0.8619186,0.962963,0.8181818,0.7807527,1.0,1.0,1.0,0.16839,-
3,route_planner:RoutePlanner,"Lugano, Switzerland","Zurich, Switzerland",18,winter,6,culture_food,0.1,0.4,0.3,0.2,92.268567,0.9644886,0.9814815,0.8181818,0.7807527,1.0,0.974934,0.9861111,0.565376,-
1,route_planner_greedy:RoutePlanner,"Lugano, Switzerland","Zurich, Switzerland",18,winter,6,sport_culture,0.2,0.3,0.1,0.4,79.0633633,0.7569444,0.9537037,0.8181818,0.8076307,0.3877565,1.0,1.0,0.004003,-
2,route_planner_greedy_local:RoutePlanner,"Lugano, Switzerland","Zurich, Switzerland",18,winter,6,sport_culture,0.2,0.3,0.1,0.4,82.91753,0.8670635,0.9537037,0.8181818,0.8076307,0.3877565,1.0,1.0,0.505183,-
3,route_planner:RoutePlanner,"Lugano, Switzerland","Zurich, Switzerland",18,winter,6,sport_culture,0.2,0.3,0.1,0.4,84.6436158,0.7777778,0.9259259,0.8181818,0.7779263,0.997977,0.9361114,0.9861111,0.459158,-
1,route_planner_greedy:RoutePlanner,"Lugano, Switzerland","Zurich, Switzerland",18,winter,8,balanced,0.25,0.25,0.25,0.25,81.489703,0.8547009,0.9722222,0.8181818,0.8309077,0.2450272,0.974934,0.9861111,0.005634,-
2,route_planner_greedy_local:RoutePlanner,"Lugano, Switzerland","Zurich, Switzerland",18,winter,8,balanced,0.25,0.25,0.25,0.25,81.0497429,0.9690265,0.9236111,0.7272727,0.8097711,0.0432322,1.0,0.9583333,0.578329,-
3,route_planner:RoutePlanner,"Lugano, Switzerland","Zurich, Switzerland",18,winter,8,balanced,0.25,0.25,0.25,0.25,87.1893164,0.8508772,0.9236111,0.8181818,0.7802018,0.9704024,0.974934,1.0,1.066474,-
1,route_planner_greedy:RoutePlanner,"Lugano, Switzerland","Zurich, Switzerland",18,winter,8,nature_sport,0.4,0.1,0.2,0.3,77.9122949,0.7780055,0.9652778,0.7272727,0.8068462,0.3330043,1.0,0.9722222,0.005952,-
2,route_planner_greedy_local:RoutePlanner,"Lugano, Switzerland","Zurich, Switzerland",18,winter,8,nature_sport,0.4,0.1,0.2,0.3,78.2209454,0.7987288,0.9375,0.7272727,0.8068462,0.3330043,1.0,0.9722222,0.408243,-
3,route_planner:RoutePlanner,"Lugano, Switzerland","Zurich, Switzerland",18,winter,8,nature_sport,0.4,0.1,0.2,0.3,81.1435217,0.8426724,0.9305556,0.8181818,0.8076307,0.3762798,0.9361114,0.9722222,0.885021,-
1,route_planner_greedy:RoutePlanner,"Lugano, Switzerland","Zurich, Switzerland",18,winter,8,culture_food,0.1,0.4,0.3,0.2,86.3593127,0.8231627,1.0,0.7272727,0.7821151,0.9977245,1.0,0.9861111,0.00557,-
2,route_planner_greedy_local:RoutePlanner,"Lugano, Switzerland","Zurich, Switzerland",18,winter,8,culture_food,0.1,0.4,0.3,0.2,87.4986172,0.8616667,0.9861111,0.7272727,0.7821151,0.9977245,1.0,0.9861111,0.775262,-
3,route_planner:RoutePlanner,"Lugano, Switzerland","Zurich, Switzerland",18,winter,8,culture_food,0.1,0.4,0.3,0.2,89.463739,0.8942837,0.9652778,0.8181818,0.7880687,0.997977,0.9361114,0.9861111,0.287119,-
1,route_planner_greedy:RoutePlanner,"Lugano, Switzerland","Zurich, Switzerland",18,winter,8,sport_culture,0.2,0.3,0.1,0.4,80.5860004,0.6061198,1.0,0.8181818,0.8066054,1.0,1.0,1.0,0.005467,-
2,route_planner_greedy_local:RoutePlanner,"Lugano, Switzerland","Zurich, Switzerland",18,winter,8,sport_culture,0.2,0.3,0.1,0.4,82.4736596,0.6660053,0.9861111,0.8181818,0.8066054,1.0,1.0,1.0,0.415243,-
3,route_planner:RoutePlanner,"Lugano, Switzerland","Zurich, Switzerland",18,winter,8,sport_culture,0.2,0.3,0.1,0.4,84.1756738,0.7536232,0.9236111,0.8181818,0.8149467,0.9836654,0.9361114,0.9861111,0.530167,-
1,route_planner_greedy:RoutePlanner,"Lugano, Switzerland","Zurich, Switzerland",18,winter,10,balanced,0.25,0.25,0.25,0.25,87.8691736,0.8516129,0.9666667,0.8181818,0.8076307,0.9175535,1.0,1.0,0.007144,-
2,route_planner_greedy_local:RoutePlanner,"Lugano, Switzerland","Zurich, Switzerland",18,winter,10,balanced,0.25,0.25,0.25,0.25,88.6298522,0.8979592,0.9222222,0.8181818,0.8076307,0.9175535,0.974934,0.9861111,0.459884,-
3,route_planner:RoutePlanner,"Lugano, Switzerland","Zurich, Switzerland",18,winter,10,balanced,0.25,0.25,0.25,0.25,90.8970959,0.9565217,0.8777778,0.9090909,0.7916798,0.9254826,0.9110454,0.9861111,1.526724,-
1,route_planner_greedy:RoutePlanner,"Lugano, Switzerland","Zurich, Switzerland",18,winter,10,nature_sport,0.4,0.1,0.2,0.3,85.9856974,0.7861479,0.9388889,0.8181818,0.8076307,1.0,1.0,1.0,0.007192,-
2,route_planner_greedy_local:RoutePlanner,"Lugano, Switzerland","Zurich, Switzerland",18,winter,10,nature_sport,0.4,0.1,0.2,0.3,91.0270881,0.9301876,0.9388889,0.8181818,0.8076307,1.0,1.0,1.0,0.548786,-
3,route_planner:RoutePlanner,"Lugano, Switzerland","Zurich, Switzerland",18,winter,10,nature_sport,0.4,0.1,0.2,0.3,91.0270881,0.9301876,0.9388889,0.8181818,0.8076307,1.0,1.0,1.0,0.594821,-
1,route_planner_greedy:RoutePlanner,"Lugano, Switzerland","Zurich, Switzerland",18,winter,10,culture_food,0.1,0.4,0.3,0.2,77.5575973,0.7269737,0.9555556,0.8181818,0.7758491,0.3869721,1.0,1.0,0.00688,-
2,route_planner_greedy_local:RoutePlanner,"Lugano, Switzerland","Zurich, Switzerland",18,winter,10,culture_food,0.1,0.4,0.3,0.2,77.6754553,0.7398649,0.9333333,0.8181818,0.7758491,0.3869721,1.0,1.0,0.473116,-
3,route_planner:RoutePlanner,"Lugano, Switzerland","Zurich, Switzerland",18,winter,10,culture_food,0.1,0.4,0.3,0.2,78.7218141,0.737069,0.9333333,0.9090909,0.7916798,0.3732283,0.9361114,1.0,1.036754,-
1,route_planner_greedy:RoutePlanner,"Lugano, Switzerland","Zurich, Switzerland",18,winter,10,sport_culture,0.2,0.3,0.1,0.4,85.0620655,0.8487261,0.9666667,0.8181818,0.7850223,0.680859,1.0,1.0,0.006586,-
2,route_planner_greedy_local:RoutePlanner,"Lugano, Switzerland","Zurich, Switzerland",18,winter,10,sport_culture,0.2,0.3,0.1,0.4,87.4421923,0.9310155,0.9333333,0.8181818,0.7850223,0.680859,1.0,1.0,0.610228,-
3,route_planner:RoutePlanner,"Lugano, Switzerland","Zurich, Switzerland",18,winter,10,sport_culture,0.2,0.3,0.1,0.4,87.4421923,0.9310155,0.9333333,0.8181818,0.7850223,0.680859,1.0,1.0,0.878442,-
1,route_planner_greedy:RoutePlanner,"Geneva, Switzerland","Lucerne, Switzerland",18,winter,6,balanced,0.25,0.25,0.25,0.25,73.6436377,0.775,0.9444444,0.7272727,0.7855081,0.0063367,0.974934,0.9444444,0.003899,-
2,route_planner_greedy_local:RoutePlanner,"Geneva, Switzerland","Lucerne, Switzerland",18,winter,6,balanced,0.25,0.25,0.25,0.25,81.8641493,0.9166667,0.8333333,0.7272727,0.8119965,0.4928548,0.949868,0.9027778,1.854556,-
3,route_planner:RoutePlanner,"Geneva, Switzerland","Lucerne, Switzerland",18,winter,6,balanced,0.25,0.25,0.25,0.25,81.8641493,0.9166667,0.8333333,0.7272727,0.8119965,0.4928548,0.949868,0.9027778,0.675111,-
1,route_planner_greedy:RoutePlanner,"Geneva, Switzerland","Lucerne, Switzerland",18,winter,6,nature_sport,0.4,0.1,0.2,0.3,79.1094922,0.6321023,0.962963,0.8181818,0.6845827,1.0,1.0,1.0,0.004309,-
2,route_planner_greedy_local:RoutePlanner,"Geneva, Switzerland","Lucerne, Switzerland",18,winter,6,nature_sport,0.4,0.1,0.2,0.3,79.1094922,0.6321023,0.962963,0.8181818,0.6845827,1.0,1.0,1.0,0.209926,-
3,route_planner:RoutePlanner,"Geneva, Switzerland","Lucerne, Switzerland",18,winter,6,nature_sport,0.4,0.1,0.2,0.3,79.1094922,0.6321023,0.962963,0.8181818,0.6845827,1.0,1.0,1.0,0.362535,-
1,route_planner_greedy:RoutePlanner,"Geneva, Switzerland","Lucerne, Switzerland",18,winter,6,culture_food,0.1,0.4,0.3,0.2,78.7217442,0.6425189,0.9722222,0.8181818,0.625168,1.0,1.0,1.0,0.004697,-
2,route_planner_greedy_local:RoutePlanner,"Geneva, Switzerland","Lucerne, Switzerland",18,winter,6,culture_food,0.1,0.4,0.3,0.2,84.0247745,0.7940341,0.9722222,0.8181818,0.625168,1.0,1.0,1.0,0.717417,-
3,route_planner:RoutePlanner,"Geneva, Switzerland","Lucerne, Switzerland",18,winter,6,culture_food,0.1,0.4,0.3,0.2,84.0247745,0.7940341,0.9722222,0.8181818,0.625168,1.0,1.0,1.0,0.676863,-
1,route_planner_greedy:RoutePlanner,"Geneva, Switzerland","Lucerne, Switzerland",18,winter,6,sport_culture,0.2,0.3,0.1,0.4,82.3094954,0.8450855,0.8518519,0.6363636,0.7141368,0.9973998,1.0,0.9444444,0.003649,-
2,route_planner_greedy_local:RoutePlanner,"Geneva, Switzerland","Lucerne, Switzerland",18,winter,6,sport_culture,0.2,0.3,0.1,0.4,90.1038593,0.9831224,0.9166667,0.9090909,0.6389356,0.897484,0.949868,1.0,0.45636,-
3,route_planner:RoutePlanner,"Geneva, Switzerland","Lucerne, Switzerland",18,winter,6,sport_culture,0.2,0.3,0.1,0.4,90.1038593,0.9831224,0.9166667,0.9090909,0.6389356,0.897484,0.949868,1.0,0.946262,-
1,route_planner_greedy:RoutePlanner,"Geneva, Switzerland","Lucerne, Switzerland",18,winter,8,balanced,0.25,0.25,0.25,0.25,86.439875,0.8661417,1.0,0.8181818,0.6786223,0.8867628,0.974934,0.9861111,0.005522,-
2,route_planner_greedy_local:RoutePlanner,"Geneva, Switzerland","Lucerne, Switzerland",18,winter,8,balanced,0.25,0.25,0.25,0.25,89.2854835,0.9593496,0.9722222,0.8181818,0.6786223,0.8867628,0.974934,0.9861111,0.400095,-
3,route_planner:RoutePlanner,"Geneva, Switzerland","Lucerne, Switzerland",18,winter,8,balanced,0.25,0.25,0.25,0.25,90.4927839,0.9593496,0.9861111,0.9090909,0.6684597,0.897484,0.9110454,0.9861111,0.992623,-
1,route_planner_greedy:RoutePlanner,"Geneva, Switzerland","Lucerne, Switzerland",18,winter,8,nature_sport,0.4,0.1,0.2,0.3,77.0811934,0.5872093,1.0,0.7272727,0.7126148,1.0,1.0,0.9861111,0.006043,-
2,route_planner_greedy_local:RoutePlanner,"Geneva, Switzerland","Lucerne, Switzerland",18,winter,8,nature_sport,0.4,0.1,0.2,0.3,78.4122683,0.640121,0.9652778,0.7272727,0.7126148,1.0,1.0,0.9861111,1.151441,-
3,route_planner:RoutePlanner,"Geneva, Switzerland","Lucerne, Switzerland",18,winter,8,nature_sport,0.4,0.1,0.2,0.3,78.4122683,0.640121,0.9652778,0.7272727,0.7126148,1.0,1.0,0.9861111,0.774941,-
1,route_planner_greedy:RoutePlanner,"Geneva, Switzerland","Lucerne, Switzerland",18,winter,8,culture_food,0.1,0.4,0.3,0.2,78.2363902,0.657197,1.0,0.6363636,0.7311213,1.0,1.0,0.9444444,0.005717,-
2,route_planner_greedy_local:RoutePlanner,"Geneva, Switzerland","Lucerne, Switzerland",18,winter,8,culture_food,0.1,0.4,0.3,0.2,84.6733404,0.8649194,0.9444444,0.6363636,0.7311213,1.0,1.0,0.9444444,0.932821,-
3,route_planner:RoutePlanner,"Geneva, Switzerland","Lucerne, Switzerland",18,winter,8,culture_food,0.1,0.4,0.3,0.2,84.6733404,0.8649194,0.9444444,0.6363636,0.7311213,1.0,1.0,0.9444444,0.791985,-
1,route_planner_greedy:RoutePlanner,"Geneva, Switzerland","Lucerne, Switzerland",18,winter,8,sport_culture,0.2,0.3,0.1,0.4,70.987426,0.6433333,0.9930556,0.7272727,0.6978164,0.2337478,1.0,0.9722222,0.005625,-
2,route_planner_greedy_local:RoutePlanner,"Geneva, Switzerland","Lucerne, Switzerland",18,winter,8,sport_culture,0.2,0.3,0.1,0.4,70.987426,0.6433333,0.9930556,0.7272727,0.6978164,0.2337478,1.0,0.9722222,0.224912,-
3,route_planner:RoutePlanner,"Geneva, Switzerland","Lucerne, Switzerland",18,winter,8,sport_culture,0.2,0.3,0.1,0.4,75.9068164,0.6786723,0.9166667,0.6363636,0.6100897,0.9984262,1.0,0.9444444,0.603267,-
1,route_planner_greedy:RoutePlanner,"Geneva, Switzerland","Lucerne, Switzerland",18,winter,10,balanced,0.25,0.25,0.25,0.25,71.8062556,0.6442953,0.9222222,0.7272727,0.766722,0.3415773,0.974934,0.9444444,0.005927,-
2,route_planner_greedy_local:RoutePlanner,"Geneva, Switzerland","Lucerne, Switzerland",18,winter,10,balanced,0.25,0.25,0.25,0.25,76.4981262,0.8021583,0.8666667,0.7272727,0.766722,0.3415773,0.974934,0.9444444,1.070847,-
3,route_planner:RoutePlanner,"Geneva, Switzerland","Lucerne, Switzerland",18,winter,10,balanced,0.25,0.25,0.25,0.25,76.139823,0.8028169,0.8944444,0.7272727,0.8225005,0.1975187,0.9361114,0.9444444,1.858149,-
1,route_planner_greedy:RoutePlanner,"Geneva, Switzerland","Lucerne, Switzerland",18,winter,10,nature_sport,0.4,0.1,0.2,0.3,73.0170276,0.5169271,0.9666667,0.6363636,0.7454011,0.9975886,1.0,0.9444444,0.00595,-
2,route_planner_greedy_local:RoutePlanner,"Geneva, Switzerland","Lucerne, Switzerland",18,winter,10,nature_sport,0.4,0.1,0.2,0.3,74.2622703,0.5691721,0.9277778,0.6363636,0.7454011,0.9975886,1.0,0.9444444,1.129749,-
3,route_planner:RoutePlanner,"Geneva, Switzerland","Lucerne, Switzerland",18,winter,10,nature_sport,0.4,0.1,0.2,0.3,78.0877191,0.6406926,0.9555556,0.8181818,0.625168,1.0,0.949868,0.9861111,1.011673,-
1,route_planner_greedy:RoutePlanner,"Geneva, Switzerland","Lucerne, Switzerland",18,winter,10,culture_food,0.1,0.4,0.3,0.2,76.115986,0.6054688,0.9666667,0.6363636,0.7454011,0.9975886,1.0,0.9444444,0.005832,-
2,route_planner_greedy_local:RoutePlanner,"Geneva, Switzerland","Lucerne, Switzerland",18,winter,10,culture_food,0.1,0.4,0.3,0.2,76.115986,0.6054688,0.9666667,0.6363636,0.7454011,0.9975886,1.0,0.9444444,0.280883,-
3,route_planner:RoutePlanner,"Geneva, Switzerland","Lucerne, Switzerland",18,winter,10,culture_food,0.1,0.4,0.3,0.2,76.5732463,0.7600365,0.8666667,0.7272727,0.6067121,0.7295859,0.974934,0.9583333,0.732306,-
1,route_planner_greedy:RoutePlanner,"Geneva, Switzerland","Lucerne, Switzerland",18,winter,10,sport_culture,0.2,0.3,0.1,0.4,77.1564876,0.651864,0.9277778,0.6363636,0.7454011,0.9975886,1.0,0.9444444,0.006056,-
2,route_planner_greedy_local:RoutePlanner,"Geneva, Switzerland","Lucerne, Switzerland",18,winter,10,sport_culture,0.2,0.3,0.1,0.4,78.0199745,0.6765351,0.9277778,0.6363636,0.7454011,0.9975886,1.0,0.9444444,0.486982,-
3,route_planner:RoutePlanner,"Geneva, Switzerland","Lucerne, Switzerland",18,winter,10,sport_culture,0.2,0.3,0.1,0.4,82.2436687,0.781746,0.9,0.7272727,0.7380458,1.0,0.9361114,0.9444444,0.949086,-
1,route_planner_greedy:RoutePlanner,"Bern, Switzerland","Zermatt, Switzerland",18,winter,6,balanced,0.25,0.25,0.25,0.25,72.3208598,0.7631579,0.8981481,0.8181818,0.6574036,0.0199104,0.974934,0.9861111,0.00452,-
2,route_planner_greedy_local:RoutePlanner,"Bern, Switzerland","Zermatt, Switzerland",18,winter,6,balanced,0.25,0.25,0.25,0.25,76.8708963,0.8947368,0.8888889,0.8181818,0.6426583,0.0503947,0.974934,0.9861111,0.37149,-
3,route_planner:RoutePlanner,"Bern, Switzerland","Zermatt, Switzerland",18,winter,6,balanced,0.25,0.25,0.25,0.25,77.4115782,0.8974359,0.9166667,0.8181818,0.6446281,0.0503947,0.974934,0.9861111,1.025374,-
1,route_planner_greedy:RoutePlanner,"Bern, Switzerland","Zermatt, Switzerland",18,winter,6,nature_sport,0.4,0.1,0.2,0.3,67.737465,0.6124498,0.9444444,0.8181818,0.6265446,0.0464159,1.0,1.0,0.006419,-
2,route_planner_greedy_local:RoutePlanner,"Bern, Switzerland","Zermatt, Switzerland",18,winter,6,nature_sport,0.4,0.1,0.2,0.3,68.3699951,0.6305221,0.9444444,0.8181818,0.6265446,0.0464159,1.0,1.0,0.38826,-
3,route_planner:RoutePlanner,"Bern, Switzerland","Zermatt, Switzerland",18,winter,6,nature_sport,0.4,0.1,0.2,0.3,77.2742552,0.6495098,0.9166667,0.7272727,0.663451,1.0,1.0,0.9861111,0.846197,-
1,route_planner_greedy:RoutePlanner,"Bern, Switzerland","Zermatt, Switzerland",18,winter,6,culture_food,0.1,0.4,0.3,0.2,70.6022892,0.6636546,0.962963,0.8181818,0.6964805,0.0404773,0.974934,0.9861111,0.004145,-
2,route_planner_greedy_local:RoutePlanner,"Bern, Switzerland","Zermatt, Switzerland",18,winter,6,culture_food,0.1,0.4,0.3,0.2,73.7649398,0.7540161,0.962963,0.8181818,0.6964805,0.0404773,0.974934,0.9861111,0.392257,-
3,route_planner:RoutePlanner,"Bern, Switzerland","Zermatt, Switzerland",18,winter,6,culture_food,0.1,0.4,0.3,0.2,80.1235954,0.6815134,0.9537037,0.8181818,0.6545116,1.0,0.974934,1.0,1.075838,-
1,route_planner_greedy:RoutePlanner,"Bern, Switzerland","Zermatt, Switzerland",18,winter,6,sport_culture,0.2,0.3,0.1,0.4,74.944287,0.8072917,0.9351852,0.8181818,0.6456351,0.0704048,1.0,1.0,0.005709,-
2,route_planner_greedy_local:RoutePlanner,"Bern, Switzerland","Zermatt, Switzerland",18,winter,6,sport_culture,0.2,0.3,0.1,0.4,75.8557454,0.8333333,0.9351852,0.8181818,0.6456351,0.0704048,1.0,1.0,0.537321,-
3,route_planner:RoutePlanner,"Bern, Switzerland","Zermatt, Switzerland",18,winter,6,sport_culture,0.2,0.3,0.1,0.4,86.9870572,0.9362745,0.9351852,0.7272727,0.623335,1.0,1.0,0.9861111,0.514316,-
1,route_planner_greedy:RoutePlanner,"Bern, Switzerland","Zermatt, Switzerland",18,winter,8,balanced,0.25,0.25,0.25,0.25,84.9667469,0.816,0.9791667,0.8181818,0.6430196,0.9996001,0.974934,0.9861111,0.006116,-
2,route_planner_greedy_local:RoutePlanner,"Bern, Switzerland","Zermatt, Switzerland",18,winter,8,balanced,0.25,0.25,0.25,0.25,89.132246,0.9354839,0.9583333,0.8181818,0.6495056,1.0,1.0,1.0,0.767442,-
3,route_planner:RoutePlanner,"Bern, Switzerland","Zermatt, Switzerland",18,winter,8,balanced,0.25,0.25,0.25,0.25,89.8353137,0.9491525,0.9305556,0.9090909,0.633761,0.9833305,0.9361114,1.0,1.159213,-
1,route_planner_greedy:RoutePlanner,"Bern, Switzerland","Zermatt, Switzerland",18,winter,8,nature_sport,0.4,0.1,0.2,0.3,85.1484129,0.8533333,0.9861111,0.7272727,0.674656,0.9530593,1.0,0.9861111,0.006319,-
2,route_planner_greedy_local:RoutePlanner,"Bern, Switzerland","Zermatt, Switzerland",18,winter,8,nature_sport,0.4,0.1,0.2,0.3,85.1484129,0.8533333,0.9861111,0.7272727,0.674656,0.9530593,1.0,0.9861111,0.244486,-
3,route_planner:RoutePlanner,"Bern, Switzerland","Zermatt, Switzerland",18,winter,8,nature_sport,0.4,0.1,0.2,0.3,85.1484129,0.8533333,0.9861111,0.7272727,0.674656,0.9530593,1.0,0.9861111,0.319504,-
1,route_planner_greedy:RoutePlanner,"Bern, Switzerland","Zermatt, Switzerland",18,winter,8,culture_food,0.1,0.4,0.3,0.2,71.4279962,0.685,0.9930556,0.8181818,0.6385974,0.0705475,1.0,1.0,0.00598,-
2,route_planner_greedy_local:RoutePlanner,"Bern, Switzerland","Zermatt, Switzerland",18,winter,8,culture_food,0.1,0.4,0.3,0.2,78.1946628,0.8783333,0.9930556,0.8181818,0.6385974,0.0705475,1.0,1.0,0.384755,-
3,route_planner:RoutePlanner,"Bern, Switzerland","Zermatt, Switzerland",18,winter,8,culture_food,0.1,0.4,0.3,0.2,80.1340595,0.6584699,0.9583333,0.9090909,0.6548218,1.0,0.8646731,0.9861111,0.654295,-
1,route_planner_greedy:RoutePlanner,"Bern, Switzerland","Zermatt, Switzerland",18,winter,8,sport_culture,0.2,0.3,0.1,0.4,74.9389308,0.8106061,0.9861111,0.7272727,0.7147362,0.0284806,1.0,0.9722222,0.005612,-
2,route_planner_greedy_local:RoutePlanner,"Bern, Switzerland","Zermatt, Switzerland",18,winter,8,sport_culture,0.2,0.3,0.1,0.4,76.9131603,0.8789174,0.9583333,0.7272727,0.7147362,0.0284806,1.0,0.9722222,0.820332,-
3,route_planner:RoutePlanner,"Bern, Switzerland","Zermatt, Switzerland",18,winter,8,sport_culture,0.2,0.3,0.1,0.4,82.071661,0.7784392,0.9791667,0.7272727,0.6199429,1.0,1.0,0.9861111,0.449401,-
1,route_planner_greedy:RoutePlanner,"Bern, Switzerland","Zermatt, Switzerland",18,winter,10,balanced,0.25,0.25,0.25,0.25,78.9843495,0.6958042,0.9111111,0.8181818,0.7411467,0.7769382,0.974934,0.9861111,0.006232,-
2,route_planner_greedy_local:RoutePlanner,"Bern, Switzerland","Zermatt, Switzerland",18,winter,10,balanced,0.25,0.25,0.25,0.25,82.1687095,0.7972973,0.9111111,0.7272727,0.663451,1.0,0.974934,0.9722222,0.673723,-
3,route_planner:RoutePlanner,"Bern, Switzerland","Zermatt, Switzerland",18,winter,10,balanced,0.25,0.25,0.25,0.25,83.8871335,0.8129252,0.9111111,0.8181818,0.6688154,0.9588458,0.974934,1.0,1.447993,-
1,route_planner_greedy:RoutePlanner,"Bern, Switzerland","Zermatt, Switzerland",18,winter,10,nature_sport,0.4,0.1,0.2,0.3,63.7054982,0.5670163,0.8888889,0.6363636,0.7521591,0.0171305,0.974934,0.9305556,0.006107,-
2,route_planner_greedy_local:RoutePlanner,"Bern, Switzerland","Zermatt, Switzerland",18,winter,10,nature_sport,0.4,0.1,0.2,0.3,65.0057232,0.5721785,0.8055556,0.7272727,0.7722825,0.0805922,0.974934,0.9444444,1.103539,-
3,route_planner:RoutePlanner,"Bern, Switzerland","Zermatt, Switzerland",18,winter,10,nature_sport,0.4,0.1,0.2,0.3,77.1038722,0.6081731,0.9555556,0.8181818,0.6400427,1.0,0.9361114,0.9861111,1.254717,-
1,route_planner_greedy:RoutePlanner,"Bern, Switzerland","Zermatt, Switzerland",18,winter,10,culture_food,0.1,0.4,0.3,0.2,79.2837996,0.7011677,0.9555556,0.7272727,0.6389147,0.9986228,1.0,0.9861111,0.006139,-
2,route_planner_greedy_local:RoutePlanner,"Bern, Switzerland","Zermatt, Switzerland",18,winter,10,culture_food,0.1,0.4,0.3,0.2,84.217067,0.8706897,0.8888889,0.7272727,0.6389147,0.9986228,1.0,0.9861111,0.881675,-
3,route_planner:RoutePlanner,"Bern, Switzerland","Zermatt, Switzerland",18,winter,10,culture_food,0.1,0.4,0.3,0.2,87.2666479,0.9207746,0.8833333,0.8181818,0.6608536,0.9992891,0.9361114,0.9861111,1.6148,-
1,route_planner_greedy:RoutePlanner,"Bern, Switzerland","Zermatt, Switzerland",18,winter,10,sport_culture,0.2,0.3,0.1,0.4,82.4524382,0.7392473,0.9666667,0.8181818,0.6549877,0.998124,1.0,1.0,0.007227,-
2,route_planner_greedy_local:RoutePlanner,"Bern, Switzerland","Zermatt, Switzerland",18,winter,10,sport_culture,0.2,0.3,0.1,0.4,82.4524382,0.7392473,0.9666667,0.8181818,0.6549877,0.998124,1.0,1.0,0.222311,-
3,route_planner:RoutePlanner,"Bern, Switzerland","Zermatt, Switzerland",18,winter,10,sport_culture,0.2,0.3,0.1,0.4,85.8997806,0.8245614,0.95,0.9090909,0.6445323,1.0,0.9110454,0.9861111,0.634042,-
1,route_planner_greedy:RoutePlanner,"St. Moritz, Switzerland","St. Moritz, Switzerland",18,winter,6,balanced,0.25,0.25,0.25,0.25,80.6839677,0.8888889,0.962963,0.8181818,0.8350355,0.0580813,0.949868,1.0,0.004589,-
2,route_planner_greedy_local:RoutePlanner,"St. Moritz, Switzerland","St. Moritz, Switzerland",18,winter,6,balanced,0.25,0.25,0.25,0.25,80.6839677,0.8888889,0.962963,0.8181818,0.8350355,0.0580813,0.949868,1.0,0.211967,-
3,route_planner:RoutePlanner,"St. Moritz, Switzerland","St. Moritz, Switzerland",18,winter,6,balanced,0.25,0.25,0.25,0.25,80.6839677,0.8888889,0.962963,0.8181818,0.8350355,0.0580813,0.949868,1.0,0.282575,-
1,route_planner_greedy:RoutePlanner,"St. Moritz, Switzerland","St. Moritz, Switzerland",18,winter,6,nature_sport,0.4,0.1,0.2,0.3,77.2422765,0.84375,0.9351852,0.7272727,0.8585296,0.0021544,0.974934,1.0,0.007276,-
2,route_planner_greedy_local:RoutePlanner,"St. Moritz, Switzerland","St. Moritz, Switzerland",18,winter,6,nature_sport,0.4,0.1,0.2,0.3,80.4570635,0.7743902,0.9351852,0.7272727,0.8042849,0.6477593,0.974934,1.0,0.288569,-
3,route_planner:RoutePlanner,"St. Moritz, Switzerland","St. Moritz, Switzerland",18,winter,6,nature_sport,0.4,0.1,0.2,0.3,80.4570635,0.7743902,0.9351852,0.7272727,0.8042849,0.6477593,0.974934,1.0,0.457131,-
1,route_planner_greedy:RoutePlanner,"St. Moritz, Switzerland","St. Moritz, Switzerland",18,winter,6,culture_food,0.1,0.4,0.3,0.2,83.1333405,0.8611111,0.962963,0.6363636,0.7562916,0.7729623,1.0,0.9861111,0.005361,-
2,route_planner_greedy_local:RoutePlanner,"St. Moritz, Switzerland","St. Moritz, Switzerland",18,winter,6,culture_food,0.1,0.4,0.3,0.2,83.1333405,0.8611111,0.962963,0.6363636,0.7562916,0.7729623,1.0,0.9861111,0.408965,-
3,route_planner:RoutePlanner,"St. Moritz, Switzerland","St. Moritz, Switzerland",18,winter,6,culture_food,0.1,0.4,0.3,0.2,83.1333405,0.8611111,0.962963,0.6363636,0.7562916,0.7729623,1.0,0.9861111,0.275706,-
1,route_planner_greedy:RoutePlanner,"St. Moritz, Switzerland","St. Moritz, Switzerland",18,winter,6,sport_culture,0.2,0.3,0.1,0.4,79.6620738,0.9022634,0.9444444,0.7272727,0.8472714,0.0423357,0.974934,1.0,0.00464,-
2,route_planner_greedy_local:RoutePlanner,"St. Moritz, Switzerland","St. Moritz, Switzerland",18,winter,6,sport_culture,0.2,0.3,0.1,0.4,79.6620738,0.9022634,0.9444444,0.7272727,0.8472714,0.0423357,0.974934,1.0,0.252983,-
3,route_planner:RoutePlanner,"St. Moritz, Switzerland","St. Moritz, Switzerland",18,winter,6,sport_culture,0.2,0.3,0.1,0.4,79.6620738,0.9022634,0.9444444,0.7272727,0.8472714,0.0423357,0.974934,1.0,0.281056,-
1,route_planner_greedy:RoutePlanner,"St. Moritz, Switzerland","St. Moritz, Switzerland",18,winter,8,balanced,0.25,0.25,0.25,0.25,77.6292626,0.8617886,0.9930556,0.7272727,0.7639953,0.0396582,0.974934,0.9861111,0.007204,-
2,route_planner_greedy_local:RoutePlanner,"St. Moritz, Switzerland","St. Moritz, Switzerland",18,winter,8,balanced,0.25,0.25,0.25,0.25,77.6292626,0.8617886,0.9930556,0.7272727,0.7639953,0.0396582,0.974934,0.9861111,0.285075,-
3,route_planner:RoutePlanner,"St. Moritz, Switzerland","St. Moritz, Switzerland",18,winter,8,balanced,0.25,0.25,0.25,0.25,77.6292626,0.8617886,0.9930556,0.7272727,0.7639953,0.0396582,0.974934,0.9861111,0.536059,-
1,route_planner_greedy:RoutePlanner,"St. Moritz, Switzerland","St. Moritz, Switzerland",18,winter,8,nature_sport,0.4,0.1,0.2,0.3,76.270154,0.8663194,0.9791667,0.6363636,0.7726655,0.0264926,1.0,0.9722222,0.007963,-
2,route_planner_greedy_local:RoutePlanner,"St. Moritz, Switzerland","St. Moritz, Switzerland",18,winter,8,nature_sport,0.4,0.1,0.2,0.3,72.9050673,0.7741597,0.9722222,0.6363636,0.7643422,0.0285003,1.0,0.9861111,0.341023,-
3,route_planner:RoutePlanner,"St. Moritz, Switzerland","St. Moritz, Switzerland",18,winter,8,nature_sport,0.4,0.1,0.2,0.3,72.9050673,0.7741597,0.9722222,0.6363636,0.7643422,0.0285003,1.0,0.9861111,0.320515,-
1,route_planner_greedy:RoutePlanner,"St. Moritz, Switzerland","St. Moritz, Switzerland",18,winter,8,culture_food,0.1,0.4,0.3,0.2,79.1270092,0.6769126,0.9861111,0.7272727,0.7853546,0.7953992,1.0,1.0,0.006056,-
2,route_planner_greedy_local:RoutePlanner,"St. Moritz, Switzerland","St. Moritz, Switzerland",18,winter,8,culture_food,0.1,0.4,0.3,0.2,79.7864165,0.6974044,0.9861111,0.7272727,0.7898562,0.7953992,0.974934,1.0,0.256283,-
3,route_planner:RoutePlanner,"St. Moritz, Switzerland","St. Moritz, Switzerland",18,winter,8,culture_food,0.1,0.4,0.3,0.2,79.7864165,0.6974044,0.9861111,0.7272727,0.7898562,0.7953992,0.974934,1.0,0.263026,-
1,route_planner_greedy:RoutePlanner,"St. Moritz, Switzerland","St. Moritz, Switzerland",18,winter,8,sport_culture,0.2,0.3,0.1,0.4,72.9946641,0.7348485,0.9791667,0.6363636,0.8550884,0.0285131,1.0,0.9861111,0.006564,-
2,route_planner_greedy_local:RoutePlanner,"St. Moritz, Switzerland","St. Moritz, Switzerland",18,winter,8,sport_culture,0.2,0.3,0.1,0.4,77.5579675,0.8169399,0.9930556,0.7272727,0.8574747,0.0423357,0.974934,1.0,0.224257,-
3,route_planner:RoutePlanner,"St. Moritz, Switzerland","St. Moritz, Switzerland",18,winter,8,sport_culture,0.2,0.3,0.1,0.4,77.5579675,0.8169399,0.9930556,0.7272727,0.8574747,0.0423357,0.974934,1.0,0.218767,-
1,route_planner_greedy:RoutePlanner,"St. Moritz, Switzerland","St. Moritz, Switzerland",18,winter,10,balanced,0.25,0.25,0.25,0.25,77.4853294,0.8551724,0.9166667,0.7272727,0.8444414,0.0423357,0.974934,0.9861111,0.008033,-
2,route_planner_greedy_local:RoutePlanner,"St. Moritz, Switzerland","St. Moritz, Switzerland",18,winter,10,balanced,0.25,0.25,0.25,0.25,77.4853294,0.8551724,0.9166667,0.7272727,0.8444414,0.0423357,0.974934,0.9861111,0.353473,-
3,route_planner:RoutePlanner,"St. Moritz, Switzerland","St. Moritz, Switzerland",18,winter,10,balanced,0.25,0.25,0.25,0.25,77.4853294,0.8551724,0.9166667,0.7272727,0.8444414,0.0423357,0.974934,0.9861111,0.345513,-
1,route_planner_greedy:RoutePlanner,"St. Moritz, Switzerland","St. Moritz, Switzerland",18,winter,10,nature_sport,0.4,0.1,0.2,0.3,72.6007524,0.6812914,0.9666667,0.7272727,0.8615404,0.0423357,1.0,1.0,0.008336,-
2,route_planner_greedy_local:RoutePlanner,"St. Moritz, Switzerland","St. Moritz, Switzerland",18,winter,10,nature_sport,0.4,0.1,0.2,0.3,72.6007524,0.6812914,0.9666667,0.7272727,0.8615404,0.0423357,1.0,1.0,0.455806,-
3,route_planner:RoutePlanner,"St. Moritz, Switzerland","St. Moritz, Switzerland",18,winter,10,nature_sport,0.4,0.1,0.2,0.3,72.6007524,0.6812914,0.9666667,0.7272727,0.8615404,0.0423357,1.0,1.0,0.405411,-
1,route_planner_greedy:RoutePlanner,"St. Moritz, Switzerland","St. Moritz, Switzerland",18,winter,10,culture_food,0.1,0.4,0.3,0.2,72.8659733,0.6909041,0.9722222,0.7272727,0.8613768,0.0396582,0.974934,1.0,0.00716,-
2,route_planner_greedy_local:RoutePlanner,"St. Moritz, Switzerland","St. Moritz, Switzerland",18,winter,10,culture_food,0.1,0.4,0.3,0.2,73.9684922,0.7395833,0.9833333,0.7272727,0.8083972,0.0423357,0.974934,1.0,0.323347,-
3,route_planner:RoutePlanner,"St. Moritz, Switzerland","St. Moritz, Switzerland",18,winter,10,culture_food,0.1,0.4,0.3,0.2,73.9684922,0.7395833,0.9833333,0.7272727,0.8083972,0.0423357,0.974934,1.0,0.336888,-
1,route_planner_greedy:RoutePlanner,"St. Moritz, Switzerland","St. Moritz, Switzerland",18,winter,10,sport_culture,0.2,0.3,0.1,0.4,75.3418307,0.8039216,0.9666667,0.7272727,0.7581419,0.0423357,1.0,1.0,0.007082,-
2,route_planner_greedy_local:RoutePlanner,"St. Moritz, Switzerland","St. Moritz, Switzerland",18,winter,10,sport_culture,0.2,0.3,0.1,0.4,75.3418307,0.8039216,0.9666667,0.7272727,0.7581419,0.0423357,1.0,1.0,0.301777,-
3,route_planner:RoutePlanner,"St. Moritz, Switzerland","St. Moritz, Switzerland",18,winter,10,sport_culture,0.2,0.3,0.1,0.4,75.3418307,0.8039216,0.9666667,0.7272727,0.7581419,0.0423357,1.0,1.0,0.329293,-
1,route_planner_greedy:RoutePlanner,"Interlaken, Switzerland","St. Moritz, Switzerland",21,summer,6,balanced,0.25,0.25,0.25,0.25,78.410189,0.8300971,0.968254,0.6923077,0.6809979,0.4352445,1.0,0.9761905,0.007534,-
2,route_planner_greedy_local:RoutePlanner,"Interlaken, Switzerland","St. Moritz, Switzerland",21,summer,6,balanced,0.25,0.25,0.25,0.25,78.410189,0.8300971,0.968254,0.6923077,0.6809979,0.4352445,1.0,0.9761905,0.31183,-
3,route_planner:RoutePlanner,"Interlaken, Switzerland","St. Moritz, Switzerland",21,summer,6,balanced,0.25,0.25,0.25,0.25,85.261131,0.8789474,0.9206349,0.7692308,0.6974284,0.8855512,0.9785148,0.9880952,0.800589,-
1,route_planner_greedy:RoutePlanner,"Interlaken, Switzerland","St. Moritz, Switzerland",21,summer,6,nature_sport,0.4,0.1,0.2,0.3,85.9175115,0.8865512,0.9761905,0.8461538,0.7232376,0.6811918,0.9785148,1.0,0.007162,-
2,route_planner_greedy_local:RoutePlanner,"Interlaken, Switzerland","St. Moritz, Switzerland",21,summer,6,nature_sport,0.4,0.1,0.2,0.3,87.7923564,0.9605263,0.9285714,0.8461538,0.7232376,0.6811918,0.9785148,1.0,0.611273,-
3,route_planner:RoutePlanner,"Interlaken, Switzerland","St. Moritz, Switzerland",21,summer,6,nature_sport,0.4,0.1,0.2,0.3,89.2053256,0.9517327,0.9920635,0.9230769,0.7010291,0.7033373,0.9237532,1.0,1.430242,-
1,route_planner_greedy:RoutePlanner,"Interlaken, Switzerland","St. Moritz, Switzerland",21,summer,6,culture_food,0.1,0.4,0.3,0.2,82.9477063,0.8250786,0.9920635,0.7692308,0.726656,0.6810225,1.0,0.9880952,0.007609,-
2,route_planner_greedy_local:RoutePlanner,"Interlaken, Switzerland","St. Moritz, Switzerland",21,summer,6,culture_food,0.1,0.4,0.3,0.2,83.743807,0.8525943,0.9920635,0.7692308,0.726656,0.6810225,0.9785148,0.9761905,0.750385,-
3,route_planner:RoutePlanner,"Interlaken, Switzerland","St. Moritz, Switzerland",21,summer,6,culture_food,0.1,0.4,0.3,0.2,86.860403,0.9155093,0.9920635,0.6923077,0.7379688,0.8720574,1.0,0.952381,1.37472,-
1,route_planner_greedy:RoutePlanner,"Interlaken, Switzerland","St. Moritz, Switzerland",21,summer,6,sport_culture,0.2,0.3,0.1,0.4,80.9442592,0.9183007,1.0,0.8461538,0.6938482,0.0811131,0.9785148,1.0,0.00684,-
2,route_planner_greedy_local:RoutePlanner,"Interlaken, Switzerland","St. Moritz, Switzerland",21,summer,6,sport_culture,0.2,0.3,0.1,0.4,81.5239744,0.9416667,0.984127,0.8461538,0.6938482,0.0811131,0.9785148,1.0,0.336757,-
3,route_planner:RoutePlanner,"Interlaken, Switzerland","St. Moritz, Switzerland",21,summer,6,sport_culture,0.2,0.3,0.1,0.4,88.3192889,0.9738562,0.9761905,0.7692308,0.7175595,0.7349135,1.0,0.9880952,1.0526,-
1,route_planner_greedy:RoutePlanner,"Interlaken, Switzerland","St. Moritz, Switzerland",21,summer,8,balanced,0.25,0.25,0.25,0.25,89.3042618,0.9137931,0.9940476,0.8461538,0.725703,0.8940361,0.9785148,1.0,0.009707,-
2,route_planner_greedy_local:RoutePlanner,"Interlaken, Switzerland","St. Moritz, Switzerland",21,summer,8,balanced,0.25,0.25,0.25,0.25,84.606091,0.9353741,0.9940476,0.7692308,0.7163552,0.4733016,1.0,0.9880952,0.469897,-
3,route_planner:RoutePlanner,"Interlaken, Switzerland","St. Moritz, Switzerland",21,summer,8,balanced,0.25,0.25,0.25,0.25,84.606091,0.9353741,0.9940476,0.7692308,0.7163552,0.4733016,1.0,0.9880952,1.390599,-
1,route_planner_greedy:RoutePlanner,"Interlaken, Switzerland","St. Moritz, Switzerland",21,summer,8,nature_sport,0.4,0.1,0.2,0.3,76.0650312,0.8232759,1.0,0.7692308,0.6870201,0.0466136,1.0,0.9880952,0.010326,-
2,route_planner_greedy_local:RoutePlanner,"Interlaken, Switzerland","St. Moritz, Switzerland",21,summer,8,nature_sport,0.4,0.1,0.2,0.3,76.2408566,0.8347701,1.0,0.7692308,0.6870201,0.0466136,0.9785148,0.9642857,0.901288,-
3,route_planner:RoutePlanner,"Interlaken, Switzerland","St. Moritz, Switzerland",21,summer,8,nature_sport,0.4,0.1,0.2,0.3,82.5855444,0.7381366,0.9940476,0.8461538,0.6908295,0.9257846,0.9054907,1.0,2.036283,-
1,route_planner_greedy:RoutePlanner,"Interlaken, Switzerland","St. Moritz, Switzerland",21,summer,8,culture_food,0.1,0.4,0.3,0.2,75.2347646,0.6655251,0.9940476,0.7692308,0.7218224,0.4724398,1.0,0.9880952,0.009819,-
2,route_planner_greedy_local:RoutePlanner,"Interlaken, Switzerland","St. Moritz, Switzerland",21,summer,8,culture_food,0.1,0.4,0.3,0.2,82.3062969,0.8098434,0.9940476,0.7692308,0.7344513,0.6555357,1.0,0.9880952,0.262738,-
3,route_planner:RoutePlanner,"Interlaken, Switzerland","St. Moritz, Switzerland",21,summer,8,culture_food,0.1,0.4,0.3,0.2,82.3062969,0.8098434,0.9940476,0.7692308,0.7344513,0.6555357,1.0,0.9880952,0.664374,-
1,route_planner_greedy:RoutePlanner,"Interlaken, Switzerland","St. Moritz, Switzerland",21,summer,8,sport_culture,0.2,0.3,0.1,0.4,83.1728919,0.8224886,0.9940476,0.7692308,0.7218224,0.7335753,0.9785148,0.9761905,0.009854,-
2,route_planner_greedy_local:RoutePlanner,"Interlaken, Switzerland","St. Moritz, Switzerland",21,summer,8,sport_culture,0.2,0.3,0.1,0.4,84.4913851,0.8601598,0.9940476,0.7692308,0.7218224,0.7335753,0.9785148,0.9761905,0.482493,-
3,route_planner:RoutePlanner,"Interlaken, Switzerland","St. Moritz, Switzerland",21,summer,8,sport_culture,0.2,0.3,0.1,0.4,88.0542949,0.9420045,0.9940476,0.6923077,0.7289085,0.9093275,1.0,0.952381,1.080943,-
1,route_planner_greedy:RoutePlanner,"Interlaken, Switzerland","St. Moritz, Switzerland",21,summer,10,balanced,0.25,0.25,0.25,0.25,78.6155942,0.8914286,0.9571429,0.7692308,0.7333879,0.0578695,1.0,0.9880952,0.011662,-
2,route_planner_greedy_local:RoutePlanner,"Interlaken, Switzerland","St. Moritz, Switzerland",21,summer,10,balanced,0.25,0.25,0.25,0.25,79.2486446,0.9285714,0.9238095,0.7692308,0.7333879,0.0578695,0.9785148,0.9761905,1.835483,-
3,route_planner:RoutePlanner,"Interlaken, Switzerland","St. Moritz, Switzerland",21,summer,10,balanced,0.25,0.25,0.25,0.25,86.07512,0.8555556,0.9666667,0.8461538,0.7287218,0.9042104,0.8407064,0.952381,2.619109,-
1,route_planner_greedy:RoutePlanner,"Interlaken, Switzerland","St. Moritz, Switzerland",21,summer,10,nature_sport,0.4,0.1,0.2,0.3,77.2217368,0.8233151,0.9904762,0.8461538,0.676891,0.0810318,0.9785148,1.0,0.011182,-
2,route_planner_greedy_local:RoutePlanner,"Interlaken, Switzerland","St. Moritz, Switzerland",21,summer,10,nature_sport,0.4,0.1,0.2,0.3,78.6317886,0.921875,0.9428571,0.7692308,0.6742274,0.0630957,1.0,0.9880952,1.71394,-
3,route_planner:RoutePlanner,"Interlaken, Switzerland","St. Moritz, Switzerland",21,summer,10,nature_sport,0.4,0.1,0.2,0.3,85.1578502,0.8423423,0.9809524,0.7692308,0.6928804,0.9196864,0.9785148,0.9880952,2.618176,-
1,route_planner_greedy:RoutePlanner,"Interlaken, Switzerland","St. Moritz, Switzerland",21,summer,10,culture_food,0.1,0.4,0.3,0.2,86.1471455,0.8582888,0.9857143,0.7692308,0.7432652,0.8693408,1.0,0.9880952,0.013566,-
2,route_planner_greedy_local:RoutePlanner,"Interlaken, Switzerland","St. Moritz, Switzerland",21,summer,10,culture_food,0.1,0.4,0.3,0.2,88.1915429,0.9248634,0.9666667,0.7692308,0.7432652,0.8693408,1.0,0.9880952,1.137788,-
3,route_planner:RoutePlanner,"Interlaken, Switzerland","St. Moritz, Switzerland",21,summer,10,culture_food,0.1,0.4,0.3,0.2,89.7370008,0.9436937,0.9857143,0.8461538,0.7172171,0.8804775,0.9452384,0.9880952,1.297879,-
1,route_planner_greedy:RoutePlanner,"Interlaken, Switzerland","St. Moritz, Switzerland",21,summer,10,sport_culture,0.2,0.3,0.1,0.4,81.3189791,0.7214795,0.9809524,0.7692308,0.7118073,0.9196864,1.0,0.9880952,0.01317,-
2,route_planner_greedy_local:RoutePlanner,"Interlaken, Switzerland","St. Moritz, Switzerland",21,summer,10,sport_culture,0.2,0.3,0.1,0.4,84.0847708,0.8154762,0.9571429,0.7692308,0.7118073,0.9196864,0.9785148,0.9761905,2.101558,-
3,route_planner:RoutePlanner,"Interlaken, Switzerland","St. Moritz, Switzerland",21,summer,10,sport_culture,0.2,0.3,0.1,0.4,88.9134777,0.9574373,0.9666667,0.7692308,0.7040847,0.9196864,0.9570297,0.9642857,1.281567,-
1,route_planner_greedy:RoutePlanner,"Zurich, Switzerland","Zurich, Switzerland",21,summer,6,balanced,0.25,0.25,0.25,0.25,87.4428769,0.96,0.9603175,0.6923077,0.747635,0.7898498,1.0,0.9880952,0.006607,-
2,route_planner_greedy_local:RoutePlanner,"Zurich, Switzerland","Zurich, Switzerland",21,summer,6,balanced,0.25,0.25,0.25,0.25,77.8666847,0.8888889,0.9603175,0.6923077,0.747635,0.0811195,1.0,0.9880952,0.302172,-
3,route_planner:RoutePlanner,"Zurich, Switzerland","Zurich, Switzerland",21,summer,6,balanced,0.25,0.25,0.25,0.25,77.8666847,0.8888889,0.9603175,0.6923077,0.747635,0.0811195,1.0,0.9880952,0.312624,-
1,route_planner_greedy:RoutePlanner,"Zurich, Switzerland","Zurich, Switzerland",21,summer,6,nature_sport,0.4,0.1,0.2,0.3,86.2910533,0.8500779,0.984127,0.6923077,0.7634221,1.0,1.0,0.9880952,0.006944,-
2,route_planner_greedy_local:RoutePlanner,"Zurich, Switzerland","Zurich, Switzerland",21,summer,6,nature_sport,0.4,0.1,0.2,0.3,84.8436994,0.8426375,0.984127,0.7692308,0.7709679,0.7593926,0.9785148,1.0,0.350082,-
3,route_planner:RoutePlanner,"Zurich, Switzerland","Zurich, Switzerland",21,summer,6,nature_sport,0.4,0.1,0.2,0.3,84.8436994,0.8426375,0.984127,0.7692308,0.7709679,0.7593926,0.9785148,1.0,0.363975,-
1,route_planner_greedy:RoutePlanner,"Zurich, Switzerland","Zurich, Switzerland",21,summer,6,culture_food,0.1,0.4,0.3,0.2,79.7666935,0.6864887,0.968254,0.6923077,0.7868542,0.9254826,0.9785148,0.9761905,0.007387,-
2,route_planner_greedy_local:RoutePlanner,"Zurich, Switzerland","Zurich, Switzerland",21,summer,6,culture_food,0.1,0.4,0.3,0.2,79.7666935,0.6864887,0.968254,0.6923077,0.7868542,0.9254826,0.9785148,0.9761905,0.534679,-
3,route_planner:RoutePlanner,"Zurich, Switzerland","Zurich, Switzerland",21,summer,6,culture_food,0.1,0.4,0.3,0.2,79.7666935,0.6864887,0.968254,0.6923077,0.7868542,0.9254826,0.9785148,0.9761905,0.547737,-
1,route_planner_greedy:RoutePlanner,"Zurich, Switzerland","Zurich, Switzerland",21,summer,6,sport_culture,0.2,0.3,0.1,0.4,86.0029305,0.8968254,1.0,0.6923077,0.7934124,0.7387764,1.0,0.9880952,0.007019,-
2,route_planner_greedy_local:RoutePlanner,"Zurich, Switzerland","Zurich, Switzerland",21,summer,6,sport_culture,0.2,0.3,0.1,0.4,86.0029305,0.8968254,1.0,0.6923077,0.7934124,0.7387764,1.0,0.9880952,0.355736,-
3,route_planner:RoutePlanner,"Zurich, Switzerland","Zurich, Switzerland",21,summer,6,sport_culture,0.2,0.3,0.1,0.4,86.0029305,0.8968254,1.0,0.6923077,0.7934124,0.7387764,1.0,0.9880952,0.36517,-
1,route_planner_greedy:RoutePlanner,"Zurich, Switzerland","Zurich, Switzerland",21,summer,8,balanced,0.25,0.25,0.25,0.25,87.3713064,0.8691275,1.0,0.6923077,0.7751168,1.0,1.0,0.9880952,0.010087,-
2,route_planner_greedy_local:RoutePlanner,"Zurich, Switzerland","Zurich, Switzerland",21,summer,8,balanced,0.25,0.25,0.25,0.25,86.908873,0.8609272,1.0,0.6923077,0.7634221,1.0,1.0,0.9880952,0.405736,-
3,route_planner:RoutePlanner,"Zurich, Switzerland","Zurich, Switzerland",21,summer,8,balanced,0.25,0.25,0.25,0.25,86.908873,0.8609272,1.0,0.6923077,0.7634221,1.0,1.0,0.9880952,0.416101,-
1,route_planner_greedy:RoutePlanner,"Zurich, Switzerland","Zurich, Switzerland",21,summer,8,nature_sport,0.4,0.1,0.2,0.3,82.0721024,0.8085586,0.9940476,0.6153846,0.7021007,0.9278131,1.0,0.9642857,0.010599,-
2,route_planner_greedy_local:RoutePlanner,"Zurich, Switzerland","Zurich, Switzerland",21,summer,8,nature_sport,0.4,0.1,0.2,0.3,84.9196852,0.9028716,1.0,0.6923077,0.7848749,0.6447436,0.9785148,0.9642857,0.343496,-
3,route_planner:RoutePlanner,"Zurich, Switzerland","Zurich, Switzerland",21,summer,8,nature_sport,0.4,0.1,0.2,0.3,84.9196852,0.9028716,1.0,0.6923077,0.7848749,0.6447436,0.9785148,0.9642857,0.35909,-
1,route_planner_greedy:RoutePlanner,"Zurich, Switzerland","Zurich, Switzerland",21,summer,8,culture_food,0.1,0.4,0.3,0.2,81.1144483,0.7217562,0.9880952,0.6923077,0.7248942,1.0,0.9785148,0.9761905,0.010209,-
2,route_planner_greedy_local:RoutePlanner,"Zurich, Switzerland","Zurich, Switzerland",21,summer,8,culture_food,0.1,0.4,0.3,0.2,81.1144483,0.7217562,0.9880952,0.6923077,0.7248942,1.0,0.9785148,0.9761905,0.335138,-
3,route_planner:RoutePlanner,"Zurich, Switzerland","Zurich, Switzerland",21,summer,8,culture_food,0.1,0.4,0.3,0.2,81.1144483,0.7217562,0.9880952,0.6923077,0.7248942,1.0,0.9785148,0.9761905,0.359674,-
1,route_planner_greedy:RoutePlanner,"Zurich, Switzerland","Zurich, Switzerland",21,summer,8,sport_culture,0.2,0.3,0.1,0.4,87.9159981,0.9132653,0.9940476,0.6923077,0.7267376,0.9981792,0.9785148,0.9761905,0.010889,-
2,route_planner_greedy_local:RoutePlanner,"Zurich, Switzerland","Zurich, Switzerland",21,summer,8,sport_culture,0.2,0.3,0.1,0.4,85.4639001,0.8384354,0.9940476,0.6923077,0.7267376,0.9981792,1.0,0.9880952,0.611819,-
3,route_planner:RoutePlanner,"Zurich, Switzerland","Zurich, Switzerland",21,summer,8,sport_culture,0.2,0.3,0.1,0.4,85.4639001,0.8384354,0.9940476,0.6923077,0.7267376,0.9981792,1.0,0.9880952,0.632131,-
1,route_planner_greedy:RoutePlanner,"Zurich, Switzerland","Zurich, Switzerland",21,summer,10,balanced,0.25,0.25,0.25,0.25,84.5562788,0.8764045,0.9571429,0.6923077,0.7620327,0.7769397,1.0,0.9880952,0.011889,-
2,route_planner_greedy_local:RoutePlanner,"Zurich, Switzerland","Zurich, Switzerland",21,summer,10,balanced,0.25,0.25,0.25,0.25,86.6599049,0.855615,0.9857143,0.6923077,0.7848749,0.9996401,0.9785148,0.9761905,0.452285,-
3,route_planner:RoutePlanner,"Zurich, Switzerland","Zurich, Switzerland",21,summer,10,balanced,0.25,0.25,0.25,0.25,86.6599049,0.855615,0.9857143,0.6923077,0.7848749,0.9996401,0.9785148,0.9761905,0.493117,-
1,route_planner_greedy:RoutePlanner,"Zurich, Switzerland","Zurich, Switzerland",21,summer,10,nature_sport,0.4,0.1,0.2,0.3,87.7497333,0.8833786,0.9904762,0.7692308,0.7425276,0.9405389,0.9785148,1.0,0.011769,-
2,route_planner_greedy_local:RoutePlanner,"Zurich, Switzerland","Zurich, Switzerland",21,summer,10,nature_sport,0.4,0.1,0.2,0.3,87.7497333,0.8833786,0.9904762,0.7692308,0.7425276,0.9405389,0.9785148,1.0,0.645221,-
3,route_planner:RoutePlanner,"Zurich, Switzerland","Zurich, Switzerland",21,summer,10,nature_sport,0.4,0.1,0.2,0.3,87.7497333,0.8833786,0.9904762,0.7692308,0.7425276,0.9405389,0.9785148,1.0,0.693946,-
1,route_planner_greedy:RoutePlanner,"Zurich, Switzerland","Zurich, Switzerland",21,summer,10,culture_food,0.1,0.4,0.3,0.2,81.9190531,0.7883065,0.9809524,0.6923077,0.7934124,0.7387764,1.0,0.9880952,0.01191,-
2,route_planner_greedy_local:RoutePlanner,"Zurich, Switzerland","Zurich, Switzerland",21,summer,10,culture_food,0.1,0.4,0.3,0.2,81.9190531,0.7883065,0.9809524,0.6923077,0.7934124,0.7387764,1.0,0.9880952,0.469688,-
3,route_planner:RoutePlanner,"Zurich, Switzerland","Zurich, Switzerland",21,summer,10,culture_food,0.1,0.4,0.3,0.2,81.9190531,0.7883065,0.9809524,0.6923077,0.7934124,0.7387764,1.0,0.9880952,0.508176,-
1,route_planner_greedy:RoutePlanner,"Zurich, Switzerland","Zurich, Switzerland",21,summer,10,sport_culture,0.2,0.3,0.1,0.4,76.4390993,0.7780749,0.9904762,0.6923077,0.7868542,0.2447905,0.9785148,0.9642857,0.012239,-
2,route_planner_greedy_local:RoutePlanner,"Zurich, Switzerland","Zurich, Switzerland",21,summer,10,sport_culture,0.2,0.3,0.1,0.4,74.9877564,0.7508865,0.9904762,0.6153846,0.8276893,0.2560619,1.0,0.9285714,0.723817,-
3,route_planner:RoutePlanner,"Zurich, Switzerland","Zurich, Switzerland",21,summer,10,sport_culture,0.2,0.3,0.1,0.4,74.9877564,0.7508865,0.9904762,0.6153846,0.8276893,0.2560619,1.0,0.9285714,0.789685,-
1,route_planner_greedy:RoutePlanner,"Lugano, Switzerland","Zurich, Switzerland",21,summer,6,balanced,0.25,0.25,0.25,0.25,89.467482,0.9150943,0.984127,0.6923077,0.8274472,1.0,1.0,0.9761905,0.00664,-
2,route_planner_greedy_local:RoutePlanner,"Lugano, Switzerland","Zurich, Switzerland",21,summer,6,balanced,0.25,0.25,0.25,0.25,90.854931,0.9615385,0.968254,0.6923077,0.8274472,1.0,1.0,0.9761905,0.952001,-
3,route_planner:RoutePlanner,"Lugano, Switzerland","Zurich, Switzerland",21,summer,6,balanced,0.25,0.25,0.25,0.25,91.4892596,0.9485981,1.0,0.7692308,0.8095146,1.0,0.9452384,0.9761905,1.68823,-
1,route_planner_greedy:RoutePlanner,"Lugano, Switzerland","Zurich, Switzerland",21,summer,6,nature_sport,0.4,0.1,0.2,0.3,81.1222691,0.8809524,0.968254,0.8461538,0.810618,0.1020975,0.9785148,1.0,0.006315,-
2,route_planner_greedy_local:RoutePlanner,"Lugano, Switzerland","Zurich, Switzerland",21,summer,6,nature_sport,0.4,0.1,0.2,0.3,81.4050072,0.8958333,0.952381,0.8461538,0.810618,0.1020975,0.9785148,1.0,0.341443,-
3,route_planner:RoutePlanner,"Lugano, Switzerland","Zurich, Switzerland",21,summer,6,nature_sport,0.4,0.1,0.2,0.3,89.3735657,0.9583333,0.9603175,0.7692308,0.8095146,0.7912906,0.9785148,0.9880952,1.044124,-
1,route_planner_greedy:RoutePlanner,"Lugano, Switzerland","Zurich, Switzerland",21,summer,6,culture_food,0.1,0.4,0.3,0.2,88.3118216,0.8820755,0.984127,0.6923077,0.8274472,1.0,1.0,0.9761905,0.006554,-
2,route_planner_greedy_local:RoutePlanner,"Lugano, Switzerland","Zurich, Switzerland",21,summer,6,culture_food,0.1,0.4,0.3,0.2,89.1372933,0.9056604,0.984127,0.6923077,0.8274472,1.0,1.0,0.9761905,0.470557,-
3,route_planner:RoutePlanner,"Lugano, Switzerland","Zurich, Switzerland",21,summer,6,culture_food,0.1,0.4,0.3,0.2,91.8696742,0.9662698,0.984127,0.7692308,0.8095146,1.0,0.9452384,0.9761905,1.115624,-
1,route_planner_greedy:RoutePlanner,"Lugano, Switzerland","Zurich, Switzerland",21,summer,6,sport_culture,0.2,0.3,0.1,0.4,84.9924177,0.7775081,0.9761905,0.7692308,0.8268676,0.9254826,1.0,0.9880952,0.00652,-
2,route_planner_greedy_local:RoutePlanner,"Lugano, Switzerland","Zurich, Switzerland",21,summer,6,sport_culture,0.2,0.3,0.1,0.4,87.2011556,0.8406149,0.9761905,0.7692308,0.8268676,0.9254826,1.0,0.9880952,0.666189,-
3,route_planner:RoutePlanner,"Lugano, Switzerland","Zurich, Switzerland",21,summer,6,sport_culture,0.2,0.3,0.1,0.4,91.0763155,0.947411,0.984127,0.7692308,0.8292076,0.9237974,1.0,0.9880952,1.069381,-
1,route_planner_greedy:RoutePlanner,"Lugano, Switzerland","Zurich, Switzerland",21,summer,8,balanced,0.25,0.25,0.25,0.25,81.4565202,0.7619048,0.9702381,0.6153846,0.7550591,0.9977245,1.0,0.9404762,0.009043,-
2,route_planner_greedy_local:RoutePlanner,"Lugano, Switzerland","Zurich, Switzerland",21,summer,8,balanced,0.25,0.25,0.25,0.25,83.80334,0.8391608,0.9464286,0.6153846,0.7550591,0.9977245,1.0,0.9404762,0.898943,-
3,route_planner:RoutePlanner,"Lugano, Switzerland","Zurich, Switzerland",21,summer,8,balanced,0.25,0.25,0.25,0.25,83.80334,0.8391608,0.9464286,0.6153846,0.7550591,0.9977245,1.0,0.9404762,1.959623,-
1,route_planner_greedy:RoutePlanner,"Lugano, Switzerland","Zurich, Switzerland",21,summer,8,nature_sport,0.4,0.1,0.2,0.3,86.089194,0.8002874,0.9880952,0.7692308,0.7864652,0.9981792,1.0,0.9880952,0.009498,-
2,route_planner_greedy_local:RoutePlanner,"Lugano, Switzerland","Zurich, Switzerland",21,summer,8,nature_sport,0.4,0.1,0.2,0.3,86.089194,0.8002874,0.9880952,0.7692308,0.7864652,0.9981792,1.0,0.9880952,0.2503,-
3,route_planner:RoutePlanner,"Lugano, Switzerland","Zurich, Switzerland",21,summer,8,nature_sport,0.4,0.1,0.2,0.3,90.7505614,0.919964,0.9583333,0.8461538,0.7889599,0.9983446,0.9452384,0.9880952,1.859019,-
1,route_planner_greedy:RoutePlanner,"Lugano, Switzerland","Zurich, Switzerland",21,summer,8,culture_food,0.1,0.4,0.3,0.2,74.6800392,0.6252796,0.9940476,0.7692308,0.8095146,0.426288,1.0,0.9880952,0.009143,-
2,route_planner_greedy_local:RoutePlanner,"Lugano, Switzerland","Zurich, Switzerland",21,summer,8,culture_food,0.1,0.4,0.3,0.2,81.9541303,0.865942,0.9285714,0.7692308,0.8095146,0.426288,0.9785148,0.9761905,1.002677,-
3,route_planner:RoutePlanner,"Lugano, Switzerland","Zurich, Switzerland",21,summer,8,culture_food,0.1,0.4,0.3,0.2,90.5260146,0.9181034,0.9761905,0.8461538,0.7989578,1.0,0.8621916,0.952381,3.424975,-
1,route_planner_greedy:RoutePlanner,"Lugano, Switzerland","Zurich, Switzerland",21,summer,8,sport_culture,0.2,0.3,0.1,0.4,85.224006,0.7600671,1.0,0.7692308,0.8095146,1.0,1.0,0.9880952,0.009633,-
2,route_planner_greedy_local:RoutePlanner,"Lugano, Switzerland","Zurich, Switzerland",21,summer,8,sport_culture,0.2,0.3,0.1,0.4,83.4127911,0.9875887,0.9702381,0.7692308,0.8001337,0.0812674,1.0,0.9880952,0.983283,-
3,route_planner:RoutePlanner,"Lugano, Switzerland","Zurich, Switzerland",21,summer,8,sport_culture,0.2,0.3,0.1,0.4,84.2611166,0.9814149,0.9761905,0.8461538,0.810618,0.0750494,0.9452384,0.9880952,1.467693,-
1,route_planner_greedy:RoutePlanner,"Lugano, Switzerland","Zurich, Switzerland",21,summer,10,balanced,0.25,0.25,0.25,0.25,87.3237821,0.8483146,0.952381,0.7692308,0.7935455,0.9964937,1.0,0.9880952,0.010723,-
2,route_planner_greedy_local:RoutePlanner,"Lugano, Switzerland","Zurich, Switzerland",21,summer,10,balanced,0.25,0.25,0.25,0.25,89.4635044,0.9057143,0.9380952,0.7692308,0.8292076,0.97155,1.0,1.0,0.66384,-
3,route_planner:RoutePlanner,"Lugano, Switzerland","Zurich, Switzerland",21,summer,10,balanced,0.25,0.25,0.25,0.25,91.5730778,0.9608939,0.9571429,0.7692308,0.8292076,0.97155,0.9785148,1.0,3.065452,-
1,route_planner_greedy:RoutePlanner,"Lugano, Switzerland","Zurich, Switzerland",21,summer,10,nature_sport,0.4,0.1,0.2,0.3,88.0102438,0.891934,0.9809524,0.6923077,0.7888619,0.997977,1.0,0.9761905,0.011232,-
2,route_planner_greedy_local:RoutePlanner,"Lugano, Switzerland","Zurich, Switzerland",21,summer,10,nature_sport,0.4,0.1,0.2,0.3,83.5523243,0.7662656,0.9809524,0.6923077,0.7888619,0.997977,1.0,0.9642857,0.662855,-
3,route_planner:RoutePlanner,"Lugano, Switzerland","Zurich, Switzerland",21,summer,10,nature_sport,0.4,0.1,0.2,0.3,89.3549584,0.8812849,0.9571429,0.8461538,0.7833932,0.9983446,0.9452384,1.0,2.254578,-
1,route_planner_greedy:RoutePlanner,"Lugano, Switzerland","Zurich, Switzerland",21,summer,10,culture_food,0.1,0.4,0.3,0.2,77.3372913,0.8841292,0.9571429,0.6923077,0.7819993,0.0326067,0.9785148,0.9404762,0.011272,-
2,route_planner_greedy_local:RoutePlanner,"Lugano, Switzerland","Zurich, Switzerland",21,summer,10,culture_food,0.1,0.4,0.3,0.2,74.3359296,0.835206,0.9142857,0.4615385,0.7132826,0.4659975,1.0,0.8214286,0.845788,-
3,route_planner:RoutePlanner,"Lugano, Switzerland","Zurich, Switzerland",21,summer,10,culture_food,0.1,0.4,0.3,0.2,88.049562,0.891934,0.9714286,0.6923077,0.8258865,1.0,0.9570297,0.9404762,2.629785,-
1,route_planner_greedy:RoutePlanner,"Lugano, Switzerland","Zurich, Switzerland",21,summer,10,sport_culture,0.2,0.3,0.1,0.4,86.6927669,0.8574561,0.9904762,0.6923077,0.7706061,1.0,1.0,0.9761905,0.011556,-
2,route_planner_greedy_local:RoutePlanner,"Lugano, Switzerland","Zurich, Switzerland",21,summer,10,sport_culture,0.2,0.3,0.1,0.4,86.6927669,0.8574561,0.9904762,0.6923077,0.7706061,1.0,1.0,0.9761905,0.39185,-
3,route_planner:RoutePlanner,"Lugano, Switzerland","Zurich, Switzerland",21,summer,10,sport_culture,0.2,0.3,0.1,0.4,88.9088823,0.8980496,0.9857143,0.7692308,0.7697216,1.0,0.9452384,0.9761905,1.167808,-
1,route_planner_greedy:RoutePlanner,"Geneva, Switzerland","Lucerne, Switzerland",21,summer,6,balanced,0.25,0.25,0.25,0.25,78.8682367,0.8909091,0.9920635,0.5384615,0.7851389,0.3368126,1.0,0.9166667,0.005885,-
2,route_planner_greedy_local:RoutePlanner,"Geneva, Switzerland","Lucerne, Switzerland",21,summer,6,balanced,0.25,0.25,0.25,0.25,84.1114241,0.954955,0.984127,0.5384615,0.7851389,0.6488756,1.0,0.9166667,0.661053,-
3,route_planner:RoutePlanner,"Geneva, Switzerland","Lucerne, Switzerland",21,summer,6,balanced,0.25,0.25,0.25,0.25,84.1114241,0.954955,0.984127,0.5384615,0.7851389,0.6488756,1.0,0.9166667,0.608511,-
1,route_planner_greedy:RoutePlanner,"Geneva, Switzerland","Lucerne, Switzerland",21,summer,6,nature_sport,0.4,0.1,0.2,0.3,82.4039979,0.9195545,0.9285714,0.6153846,0.8119965,0.5177922,1.0,0.9404762,0.005496,-
2,route_planner_greedy_local:RoutePlanner,"Geneva, Switzerland","Lucerne, Switzerland",21,summer,6,nature_sport,0.4,0.1,0.2,0.3,82.4039979,0.9195545,0.9285714,0.6153846,0.8119965,0.5177922,1.0,0.9404762,0.322687,-
3,route_planner:RoutePlanner,"Geneva, Switzerland","Lucerne, Switzerland",21,summer,6,nature_sport,0.4,0.1,0.2,0.3,83.3665872,0.8363095,0.952381,0.7692308,0.6846086,0.8395871,0.9570297,0.9642857,1.767462,-
1,route_planner_greedy:RoutePlanner,"Geneva, Switzerland","Lucerne, Switzerland",21,summer,6,culture_food,0.1,0.4,0.3,0.2,78.4892506,0.9145833,0.9444444,0.6153846,0.8119965,0.1318117,1.0,0.9166667,0.00613,-
2,route_planner_greedy_local:RoutePlanner,"Geneva, Switzerland","Lucerne, Switzerland",21,summer,6,culture_food,0.1,0.4,0.3,0.2,82.5804288,0.9129129,0.984127,0.5384615,0.7851389,0.6488756,1.0,0.9047619,0.377938,-
3,route_planner:RoutePlanner,"Geneva, Switzerland","Lucerne, Switzerland",21,summer,6,culture_food,0.1,0.4,0.3,0.2,85.1639325,0.9610092,0.9761905,0.6153846,0.7703841,0.6849222,0.9452384,0.9047619,1.086668,-
1,route_planner_greedy:RoutePlanner,"Geneva, Switzerland","Lucerne, Switzerland",21,summer,6,sport_culture,0.2,0.3,0.1,0.4,79.1478221,0.8080357,1.0,0.5384615,0.7851389,0.6488756,1.0,0.9047619,0.008493,-
2,route_planner_greedy_local:RoutePlanner,"Geneva, Switzerland","Lucerne, Switzerland",21,summer,6,sport_culture,0.2,0.3,0.1,0.4,82.2716616,0.9074924,0.9761905,0.5384615,0.7851389,0.6488756,1.0,0.9047619,1.501285,-
3,route_planner:RoutePlanner,"Geneva, Switzerland","Lucerne, Switzerland",21,summer,6,sport_culture,0.2,0.3,0.1,0.4,83.9184674,0.8477564,0.968254,0.6923077,0.6458726,0.9996001,0.9785148,0.952381,1.090964,-
1,route_planner_greedy:RoutePlanner,"Geneva, Switzerland","Lucerne, Switzerland",21,summer,8,balanced,0.25,0.25,0.25,0.25,79.4519717,0.6901408,0.952381,0.6923077,0.7208262,0.9992891,1.0,0.9642857,0.009482,-
2,route_planner_greedy_local:RoutePlanner,"Geneva, Switzerland","Lucerne, Switzerland",21,summer,8,balanced,0.25,0.25,0.25,0.25,85.3667895,0.8854962,0.8869048,0.6923077,0.7208262,0.9992891,1.0,0.9761905,1.04725,-
3,route_planner:RoutePlanner,"Geneva, Switzerland","Lucerne, Switzerland",21,summer,8,balanced,0.25,0.25,0.25,0.25,86.8306147,0.8905109,0.9345238,0.7692308,0.6964473,0.9993602,0.9570297,0.9761905,1.79972,-
1,route_planner_greedy:RoutePlanner,"Geneva, Switzerland","Lucerne, Switzerland",21,summer,8,nature_sport,0.4,0.1,0.2,0.3,78.4200927,0.8159247,0.9880952,0.6923077,0.7103223,0.4287849,0.9785148,0.9642857,0.009764,-
2,route_planner_greedy_local:RoutePlanner,"Geneva, Switzerland","Lucerne, Switzerland",21,summer,8,nature_sport,0.4,0.1,0.2,0.3,83.4708994,0.8727629,1.0,0.6923077,0.7049855,0.7143373,1.0,0.9642857,0.294518,-
3,route_planner:RoutePlanner,"Geneva, Switzerland","Lucerne, Switzerland",21,summer,8,nature_sport,0.4,0.1,0.2,0.3,83.4708994,0.8727629,1.0,0.6923077,0.7049855,0.7143373,1.0,0.9642857,1.952962,-
1,route_planner_greedy:RoutePlanner,"Geneva, Switzerland","Lucerne, Switzerland",21,summer,8,culture_food,0.1,0.4,0.3,0.2,76.1303708,0.7226732,0.9940476,0.5384615,0.7851389,0.6488756,1.0,0.9166667,0.009142,-
